https://www.kemenpar.go.id/post/siaran-pers-jawa-timur-akan-gelar-445-event-pariwisata-pada-2020," Kementerian Pariwisata RI | Siaran Pers : Jawa Timur Akan Gelar 445 Event Pariwisata pada 2020 ","SIARAN PERS KEMENTERIAN PARIWISATA DAN EKONOMI KREATIF/BADAN PARIWISATA DAN EKONOMI KREATIF Jawa"
https://www.kemenpar.go.id/post/siaran-pers-bni-java-jazz-festival-2020-bukti-menariknya-event-musik-indonesia-di-mata-dunia," Kementerian Pariwisata RI | Siaran Pers : BNI Java Jazz Festival 2020 Bukti Menariknya Event Musik Indonesia di Mata Dunia ","SIARAN PERS KEMENTERIAN PARIWISATA DAN EKONOMI KREATIF/BADAN PARIWISATA DAN EKONOMI KREATIF BNI "
https://www.kemenpar.go.id/post/siaran-pers-kemenparekraf-gelar-rangkaian-promosi-pariwisata-di-arab-saudi," Kementerian Pariwisata RI | Siaran Pers : Kemenparekraf Gelar Rangkaian Promosi Pariwisata di Arab Saudi ","SIARAN PERS KEMENTERIAN PARIWISATA DAN EKONOMI KREATIF/BADAN PARIWISATA DAN EKONOMI KREATIF Ke"
https://www.kemenpar.go.id/post/siaran-pers-pemerintah-berikan-paket-insentif-untuk-akselerasi-kinerja-pariwisata-di-tengah-wabah-corona," Kementerian Pariwisata RI | Siaran Pers : Pemerintah Berikan Paket Insentif Untuk Akselerasi Kinerja Pariwisata di tengah Wabah Corona ","SIARAN PERS KEMENTERIAN PARIWISATA DAN EKONOMI KREATIF/BADAN PARIWISATA DAN EKONOMI KREATIF Pe"
https://www.kemenpar.go.id/post/ceo-message-63-mau-perubahan-mega-sentuhlah-hal-strategis," Kementerian Pariwisata RI | CEO Message #63 : Mau Perubahan Mega, Sentuhlah Hal Strategis ","CEO Message #63 Mau Perubahan Mega, Sentuhlah Hal Strategis &nbsp; Saya sering mengatakan, "
https://www.kemenpar.go.id/post/ceo-message-62-tourism-40-adalah-millennial-tourism," Kementerian Pariwisata RI | CEO Message #62 Tourism 4.0 adalah Millennial Tourism ","CEO Message #62 Tourism 4.0 adalah Millennial Tourism &nbsp; Tourism 4.0 lahir seiring deng"
https://www.kemenpar.go.id/post/ceo-message-61-speed-in-execution," Kementerian Pariwisata RI | CEO Message #61 Speed in Execution ","CEO Message #61 Speed in Execution &nbsp; Jack Welch mengatakan bahwa kecepatan merupakan h"
https://www.kemenpar.go.id/post/ceo-message-60-shifting-to-the-front-mewujudkan-target-10-juta-wisman-di-semester-pertama-2019," Kementerian Pariwisata RI | CEO Message #60 “Shifting to the Front” Mewujudkan Target 10 Juta Wisman di Semester Pertama 2019 ","CEO Message #60 &ldquo;Shifting to the Front&rdquo; Mewujudkan Target 10 Juta Wisman di Semest"
https://www.kemenpar.go.id/post/ceo-message-59-millennial-friendly-tourism-who-wins-the-future-wins-the-game," Kementerian Pariwisata RI | CEO Message #59 Millennial (Friendly) Tourism “Who wins the future, wins the game” "," CEO Message #59 Millennial (Friendly) Tourism&nbsp; &ldquo;Who wins the future, wins the game&r"
https://www.kemenpar.go.id/post/pernyataan-resmi-terkait-wabah-virus-corona," Kementerian Pariwisata RI | Pernyataan Resmi Terkait Wabah Virus Corona ","PERNYATAAN RESMI KEMENTERIAN PARIWISATA DAN EKONOMI KREATIF/BADAN PARIWISATA DAN EKONOMI KREATIF "
https://www.kemenpar.go.id/post/penundaan-pelaksanaan-pengadaan-cpns," Kementerian Pariwisata RI | PENUNDAAN PELAKSANAAN PENGADAAN CPNS ","PENUNDAAN PELAKSANAAN PENGADAAN CPNS KEMENTERIAN PARIWISATA DAN EKONOMI KREATIF/ BADAN PARIWISATA "
https://www.kemenpar.go.id/post/pengumuman-hasil-akhir-seleksi-terbuka-jpt-pratama-kementerian-pariwisata-2019," Kementerian Pariwisata RI | PENGUMUMAN HASIL AKHIR SELEKSI TERBUKA JPT PRATAMA KEMENTERIAN PARIWISATA 2019 "," Berdasarkan Hasil Seleksi Administrasi, Penulisan Makalah, Assesment, dan Wawancara, Peserta Sele"
https://www.kemenpar.go.id/post/pengumuman-hasil-penulisan-makalah-jadwal-pelaksanaan-assessment-center-dan-wawancara-seleksi-terbuka-jpt-pratama-tahun-2019," Kementerian Pariwisata RI | PENGUMUMAN HASIL PENULISAN MAKALAH, JADWAL PELAKSANAAN ASSESSMENT CENTER DAN WAWANCARA SELEKSI TERBUKA JPT PRATAMA TAHUN 2019 ","Berdasarkan hasil seleksi penulisan makalah, nama - nama yang dinyatakan lulus dan berhak mengikuti "
https://www.kemenpar.go.id/post/laporan-akuntabilitas-kementerian-pariwisata-lakip-tahun-2018," Kementerian Pariwisata RI | Laporan Akuntabilitas Kementerian Pariwisata (LAKIP) Tahun 2018 ","Laporan Kinerja Kementerian Pariwisata Tahun 2018 ini menjabarkan hasil kerja yang telah dilaksanaka"
https://www.kemenpar.go.id/post/laporan-akuntabilitas-kementerian-pariwisata-lakip-tahun-2017," Kementerian Pariwisata RI | Laporan Akuntabilitas Kementerian Pariwisata (LAKIP) Tahun 2017 ","&nbsp; Laporan Kinerja Kementerian Pariwisata Tahun 2017&nbsp;ini menjabarkan hasil kerja yang telah"
https://www.kemenpar.go.id/post/laporan-akuntabilitas-kinerja-deputi-bidang-pengembangan-pemasaran-pariwisata-nusantara," Kementerian Pariwisata RI | Laporan Akuntabilitas Kinerja Deputi Bidang Pengembangan Pemasaran Pariwisata Nusantara "," &nbsp;LAK Deputi Bidang Pengembangan Pemasaran Pariwisata Nusantara Tahun 2016 "
https://www.kemenpar.go.id/post/laporan-akuntabilitas-kinerja-deputi-bidang-pengembangan-destinasi-dan-industri-pariwisata-tahun-201," Kementerian Pariwisata RI | Laporan Akuntabilitas Kinerja Deputi Bidang Pengembangan Destinasi Dan Industri Pariwisata Tahun 201 "," &nbsp; Laporan Akuntabilitas Kinerja Deputi Bidang Pengembangan Destinasi dan Industri Pari"
https://www.kemenpar.go.id/post/tugas-dan-fungsi," Kementerian Pariwisata RI | Tugas dan Fungsi ","Tugas Dan Fungsi Kementerian Pariwisata tertuang dalam bentuk Peraturan Menteri Pariwisata (PERMEN P"
https://www.kemenpar.go.id/post/kedudukan-tugas-dan-fungsi-kementerian-pariwisata," Kementerian Pariwisata RI | Kedudukan, Tugas dan Fungsi Kementerian Pariwisata "," Pasal 1 (1) Kementerian Pariwisata adalah kementerian yang berada dibawa"
https://www.kemenpar.go.id/post/ketua-sekolah-tinggi-pariwisata-dan-akademi-pariwisata," Kementerian Pariwisata RI | Ketua Sekolah Tinggi Pariwisata dan Akademi Pariwisata ","Anda dapat menghubungi yang bersangkutan dengan menggunakan form kontak. atau mengirim email kepada "
https://www.kemenpar.go.id/post/peraturan-pemerintah-republik-indonesia-nomor-50-tahun-2011," Kementerian Pariwisata RI | Peraturan Pemerintah Republik Indonesia Nomor 50 Tahun 2011 "," Tentang : Rencana Induk Pembangunan "
https://www.kemenpar.go.id/post/rencana-strategis-2018-2019-kementerian-pariwisata," Kementerian Pariwisata RI | RENCANA STRATEGIS 2018-2019 KEMENTERIAN PARIWISATA ","Dalam rangka mencapai visi dan sasaran strategis tahun 2019 yang diukur melalui kontribusi PDB, targ"
https://www.kemenpar.go.id/post/rencana-strategis-pengembangan-destinasi-dan-industri-pariwisata-tahun-2015-2019," Kementerian Pariwisata RI | RENCANA STRATEGIS PENGEMBANGAN DESTINASI DAN INDUSTRI PARIWISATA TAHUN 2015 - 2019 ","Dalam rangka perwujudan amanat Peraturan Presiden RI no 2 Tahun 2015 tentang Rencana Pembangunan Jan"
https://www.kemenpar.go.id/post/rencana-strategis-sekretariat-kementerian-pariwisata-2015-2019," Kementerian Pariwisata RI | RENCANA STRATEGIS SEKRETARIAT KEMENTERIAN PARIWISATA 2015 - 2019 ","1.1 Kondisi Umum 1.1.1 Kondisi Kepariwisataan Tahun 2014 dan Target 2019 &nbsp;&nbsp;&nbsp;&nbsp;&"
https://www.kemenpar.go.id/post/rencana-strategis-2015-2019-kementerian-pariwisata," Kementerian Pariwisata RI | RENCANA STRATEGIS 2015 - 2019 KEMENTERIAN PARIWISATA ","Rencana Strategis Kementerian Pariwisata Tahun 2015 &ndash; 2019 ini disusun mengacu pada usulan Ren"
https://www.kemenpar.go.id/post/rencana-strategis-2012-2014-kementerian-pariwisata-dan-ekonomi-kreatif," Kementerian Pariwisata RI | Rencana Strategis 2012 - 2014 Kementerian Pariwisata dan Ekonomi Kreatif ","Kementerian Pariwisata dan Ekonomi Kreatif secara resmi telah terbentuk pada tanggal 21 Desember 201"
https://www.kemenpar.go.id/post/rencana-strategis-kementerian-kebudayaan-dan-pariwisata-2010-2014," Kementerian Pariwisata RI | Rencana Strategis Kementerian Kebudayaan dan Pariwisata 2010-2014 ","Dalam rangka perwujudan amanat Peraturan Presiden RI no 5 Tahun 2010 tentang Rencana Pembangunan Jan"
https://www.kemenpar.go.id/post/undang-undang-republik-indonesia-nomor-11-tahun-2010," Kementerian Pariwisata RI | Undang-Undang Republik Indonesia Nomor 11 Tahun 2010 "," Tentang : Cagar Budaya "
https://www.kemenpar.go.id/post/undang-undang-republik-indonesia-nomor-10-tahun-2009," Kementerian Pariwisata RI | Undang-Undang Republik Indonesia Nomor 10 Tahun 2009 "," Tentang : Kepariwisataan "
https://www.kemenpar.go.id/post/undang-undang-republik-indonesia-nomor-33-tahun-2009," Kementerian Pariwisata RI | Undang-Undang Republik Indonesia Nomor 33 Tahun 2009 "," Tentang : Perfilman "
https://www.kemenpar.go.id/post/peraturan-pemerintah-republik-indonesia-nomor-41-tahun-2018," Kementerian Pariwisata RI | Peraturan Pemerintah Republik Indonesia Nomor 41 Tahun 2018 ","&nbsp; Tentang : Jenis dan Tarif atas Jenis Penerimaan Negara "
https://www.kemenpar.go.id/post/peraturan-pemerintah-republik-indonesia-nomor-9-tahun-2015," Kementerian Pariwisata RI | PERATURAN PEMERINTAH REPUBLIK INDONESIA NOMOR 9 TAHUN 2015 "," Tentang : JENIS DAN TARIF ATAS JENIS PENERIMAAN N"
https://www.kemenpar.go.id/post/peraturan-pemerintah-republik-indonesia-nomor-52-tahun-2012," Kementerian Pariwisata RI | Peraturan Pemerintah Republik Indonesia Nomor 52 Tahun 2012 "," Tentang : Sertifikasi Kompetensi Dan Sertifikas"
https://www.kemenpar.go.id/post/peraturan-pemerintah-no-2-tahun-2005," Kementerian Pariwisata RI | Peraturan Pemerintah No. 2 Tahun 2005 "," Tentang : Konsultan Hak Kekayaan Intelektual "
https://www.kemenpar.go.id/post/peraturan-presiden-republik-indonesia-nomor-40-tahun-2017," Kementerian Pariwisata RI | Peraturan Presiden Republik Indonesia Nomor 40 Tahun 2017 ","&nbsp; Tentang : Tentang Perubahan Atas Peraturan"
https://www.kemenpar.go.id/post/peraturan-presiden-republik-indonesia-nomor-49-tahun-2016," Kementerian Pariwisata RI | Peraturan Presiden Republik Indonesia Nomor 49 Tahun 2016 ","&nbsp; Tentang : Badan Otorita Pengelola Kawasan "
https://www.kemenpar.go.id/post/peraturan-presiden-nomor-143-tahun-2015," Kementerian Pariwisata RI | Peraturan Presiden Nomor 143 Tahun 2015 "," Tentang : Tunjangan Kinerja Pegawai Di Lingkungan"
https://www.kemenpar.go.id/post/peraturan-presiden-republik-indonesia-nomor-69-tahun-2015," Kementerian Pariwisata RI | Peraturan Presiden Republik Indonesia Nomor 69 Tahun 2015 "," Tentang : Bebas Visa Kunjungan "
https://www.kemenpar.go.id/post/peraturan-presiden-republik-indonesia-no7-tahun-2015," Kementerian Pariwisata RI | Peraturan Presiden Republik Indonesia No.7 Tahun 2015 "," Tentang : ORGANISASI KEMENTERIAN NEGARA "
https://www.kemenpar.go.id/post/peraturan-presiden-republik-indonesia-no19-tahun-2015," Kementerian Pariwisata RI | Peraturan Presiden Republik Indonesia No.19 Tahun 2015 "," Tentang : KEMENTERIAN PARIWISATA "
https://www.kemenpar.go.id/post/keputusan-presiden-republik-indonesia-nomor-3-tahun-2015," Kementerian Pariwisata RI | KEPUTUSAN PRESIDEN REPUBLIK INDONESIA NOMOR 3 TAHUN 2015 "," Tentang : PANITIA NASIONAL PENYELENGGARA KONFERENSI TINGKAT TINGGI ASIA&ndash;AF"
https://www.kemenpar.go.id/post/keputusan-presiden-republik-indonesia-nomor-32-tahun-2014," Kementerian Pariwisata RI | Keputusan Presiden Republik Indonesia Nomor 32 Tahun 2014 "," Tentang : Pengukuhan Badan Perfilman Indonesia "
https://www.kemenpar.go.id/post/keputusan-presiden-republik-indonesia-no-10-tahun-2013," Kementerian Pariwisata RI | Keputusan Presiden Republik Indonesia No 10 tahun 2013 "," &nbsp; Tentang "
https://www.kemenpar.go.id/post/keputusan-presiden-republik-indonesia-nomor-22-tahun-2011," Kementerian Pariwisata RI | Keputusan Presiden Republik Indonesia Nomor 22 Tahun 2011 "," Tentang : Badan Promosi Pariwisata Indonesia "
https://www.kemenpar.go.id/post/keputusan-presiden-republik-indonesia-nomor-33-tahun-2009," Kementerian Pariwisata RI | Keputusan Presiden Republik Indonesia Nomor 33 Tahun 2009 "," Tentang : Hari Batik Nasional "
https://www.kemenpar.go.id/post/intruksi-presiden-nomor-6-tahun-2018," Kementerian Pariwisata RI | Intruksi Presiden Nomor 6 Tahun 2018 ","&nbsp; Tentang : Rencana Aksi Nasional Pencegahan dan Pemberan"
https://www.kemenpar.go.id/post/instruksi-presiden-republik-indonesia-nomor-6-tahun-2009," Kementerian Pariwisata RI | Instruksi Presiden Republik Indonesia Nomor 6 Tahun 2009 "," Tentang : Pengembangan Ekonomi Kreatif "
https://www.kemenpar.go.id/post/instruksi-presiden-republik-indonesia-nomor-16-tahun-2005," Kementerian Pariwisata RI | Instruksi Presiden Republik Indonesia Nomor 16 Tahun 2005 "," Tentang : Kebijakan Pembangunan Kebudayaan dan P"
https://www.kemenpar.go.id/post/Peraturan-Menteri-Pariwisata-Nomor-6-Tahun-2018," Kementerian Pariwisata RI | Peraturan Menteri Pariwisata Nomor 6 Tahun 2018 ","&nbsp; Tentang : "
https://www.kemenpar.go.id/post/peraturan-menteri-pariwisata-nomor-11-tahun-2018," Kementerian Pariwisata RI | Peraturan Menteri Pariwisata Nomor 11 Tahun 2018 ","&nbsp; Tentang : "
https://www.kemenpar.go.id/post/peraturan-menteri-pariwisata-nomor-10-tahun-2018," Kementerian Pariwisata RI | Peraturan Menteri Pariwisata Nomor 10 Tahun 2018 ","&nbsp; Tentang : "
https://www.kemenpar.go.id/post/peraturan-menteri-pariwisata-nomor-9-tahun-2018," Kementerian Pariwisata RI | Peraturan Menteri Pariwisata Nomor 9 Tahun 2018 ","&nbsp; Tentang : "
https://www.kemenpar.go.id/post/peraturan-menteri-pariwisata-nomor-8-tahun-2018," Kementerian Pariwisata RI | Peraturan Menteri Pariwisata Nomor 8 Tahun 2018 ","&nbsp; Tentang : "
https://www.kemenpar.go.id/post/peraturan-menteri-pariwisata-nomor-7-tahun-2018," Kementerian Pariwisata RI | Peraturan Menteri Pariwisata Nomor 7 Tahun 2018 ","&nbsp; Tentang : "
https://www.kemenpar.go.id/post/standar-kompetensi-kerja-nasional-indonesia-skkni-bidang-pariwisata," Kementerian Pariwisata RI | Standar Kompetensi Kerja Nasional Indonesia (SKKNI) Bidang Pariwisata ","Standar Kompetensi Kerja Nasional Indonesia (SKKNI) Bidang Pariwisata "
https://www.kemenpar.go.id/post/peraturan-menteri-pariwisata-dan-ekonomi-kreatif-no-53-tahun-2013," Kementerian Pariwisata RI | Peraturan Menteri Pariwisata dan Ekonomi Kreatif No. 53 Tahun 2013 "," Tentang : Standar Usaha Hotel "
https://www.kemenpar.go.id/post/peraturan-menteri-pariwisata-nomor-11-tahun-2017," Kementerian Pariwisata RI | Peraturan Menteri Pariwisata Nomor 11 Tahun 2017 "," Tentang : "
https://www.kemenpar.go.id/post/peraturan-menteri-pariwisata-dan-ekonomi-kreatif-nomor-11-tahun-2014," Kementerian Pariwisata RI | Peraturan Menteri Pariwisata dan Ekonomi Kreatif Nomor 11 Tahun 2014 "," Tentang : Standar Usaha Restoran "
https://www.kemenpar.go.id/post/keputusan-menteri-pariwisata-nomor-km37ot007mp2018," Kementerian Pariwisata RI | Keputusan Menteri Pariwisata Nomor KM.37/OT.007/MP/2018 ","&nbsp; Tentang : PENETAPAN BANYUWANGI SEBAGAI KOT"
https://www.kemenpar.go.id/post/keputusan-menteri-pariwisata-nomor-km40ot001mp2018," Kementerian Pariwisata RI | Keputusan Menteri Pariwisata Nomor KM.40/OT.001/MP/2018 ","&nbsp; Tentang : LOGO TOURISM INDONESIA DAN LOGO "
https://www.kemenpar.go.id/post/keputusan-menteri-pariwisata-nomor-km17ot001mp2018," Kementerian Pariwisata RI | Keputusan Menteri Pariwisata Nomor KM.17/OT.001/MP/2018 ","&nbsp; Tentang : TIM PELAKSANA HARIAN PADA TIM KOORDINASI STRATEGIS LINTAS SE"
https://www.kemenpar.go.id/post/keputusan-menteri-pariwisata-nomor-km18ot001mp2018," Kementerian Pariwisata RI | Keputusan Menteri Pariwisata Nomor KM.18/OT.001/MP/2018 ","&nbsp; Tentang : PERUBAHAN KETIGA ATAS KEPUTUSAN "
https://www.kemenpar.go.id/post/keputusan-menteri-pariwisata-nomor-km13ot001mp2018," Kementerian Pariwisata RI | Keputusan Menteri Pariwisata Nomor KM.13/OT.001/MP/2018 ","&nbsp; Tentang : TIM PELAKSANAAN CALENDER OF EVEN"
https://www.kemenpar.go.id/post/keputusan-menteri-pariwisata-nomor-km101ku101mp2017," Kementerian Pariwisata RI | Keputusan Menteri Pariwisata Nomor KM.101/KU.101/MP/2017 ","&nbsp; Tentang : KEGIATAN YANG DILAKSANAKAN MELALUI DEKONSENTRASI PADA KEMENT"
https://www.kemenpar.go.id/post/keputusan-menteri-pariwisata-nomor-km70um001mp2016," Kementerian Pariwisata RI | Keputusan Menteri Pariwisata Nomor KM.70/UM.001/MP/2016 ","&nbsp; Tentang : PENETAPAN OBYEK VITAL NASIONAL D"
https://www.kemenpar.go.id/post/keputusan-menteri-pariwisata-nomor-km38um001mp2017," Kementerian Pariwisata RI | Keputusan Menteri Pariwisata Nomor KM.38/UM.001/MP/2017 ","&nbsp; Tentang : LOGO BRANDING 10(SEPULUH) DESTIN"
https://www.kemenpar.go.id/post/nota-kesepahaman-antara-kementerian-pariwisata-dengan-dewan-masjid-indonesia," Kementerian Pariwisata RI | Nota Kesepahaman Antara Kementerian Pariwisata Dengan Dewan Masjid Indonesia ","Tentang Pengembangan Pariwisata Religi Berbasis Masjid di Indonesia Nomor : NK.115/KS.001/SESMEN/KE"
https://www.kemenpar.go.id/post/perjanjian-kerja-sama-antara-kementerian-pariwisata-dan-universitas-gadjah-mada," Kementerian Pariwisata RI | Perjanjian Kerja Sama Antara Kementerian Pariwisata Dan Universitas Gadjah Mada ",https://www.kemenpar.go.id/asset_admin/assets/uploads/media/pdf/media_1550214137_PKS_ANTARA_UGM_DAN_
https://www.kemenpar.go.id/post/nota-kesepahaman-antara-kementerian-pariwisata-dengan-kementerian-ketenagakerjaan," Kementerian Pariwisata RI | Nota Kesepahaman Antara Kementerian Pariwisata Dengan Kementerian Ketenagakerjaan ","Tentang Sinergitas Penyelenggaraan Program Desa Migran Produktif Melalui Kepariwisataan Nomor : 10/N"
https://www.kemenpar.go.id/post/perjanjian-kerja-sama-antara-kementerian-pariwisata-dengan-gipi," Kementerian Pariwisata RI | Perjanjian Kerja Sama Antara Kementerian Pariwisata Dengan GIPI ","Tentang Pengembangan Kepariwisataan Indonesia Nomor : NK.68/KS.001/SESMEN/KEMPAR/2017 Nomor : 006/MO"
https://www.kemenpar.go.id/post/memorandum-of-understanding-between-ministry-tourism-of-the-republic-of-indonesia-and-jetstar-group," Kementerian Pariwisata RI | Memorandum Of Understanding Between Ministry Tourism Of The Republic Of Indonesia And Jetstar Group ","On Cooperation To Increase Number Of International Visitors To Indonesia Dokumen : 1. MoU ANTARA KEM"
https://www.kemenpar.go.id/post/nota-kesepahaman-antara-deputi-bidang-pengembangan-destinasi-dan-industri-pariwisata-dengan-direktur," Kementerian Pariwisata RI | Nota Kesepahaman Antara Deputi Bidang Pengembangan Destinasi Dan Industri Pariwisata Dengan Direktur ","Tentang Pengembangan Destinasi Meeting, Incentive, Convention, Exhibition (MICE) Nomor : NK.85/KS.00"
https://www.kemenpar.go.id/post/peraturan-bersama-menteri-kebudayaan-dan-pariwisata-dan-kepala-badan-kepegawaian-negara-nomor-bp37," Kementerian Pariwisata RI | Peraturan Bersama Menteri Kebudayaan dan Pariwisata dan Kepala Badan Kepegawaian Negara Nomor BP.37/ "," Tanggal : "
https://www.kemenpar.go.id/post/perjanjian-kerja-sama-antara-deputi-bidang-pengembangan-destinasi-dan-industri-pariwisata-dengan-dir," Kementerian Pariwisata RI | Perjanjian Kerja Sama Antara Deputi Bidang Pengembangan Destinasi Dan Industri Pariwisata Dengan Dir ","Tentang Pengembangan Desa Wisata Melalui Pembangunan Dan Pemberdayaan Masyarakat Desa Nomor : PK.87/"
https://www.kemenpar.go.id/post/Keputusan-Sekretaris-Kementerian-Pariwisata-Nomor-SK6UM001SESMENKEMPAR2018," Kementerian Pariwisata RI | Keputusan Sekretaris Kementerian Pariwisata Nomor SK.6/UM.001/SESMEN/KEMPAR/2018 ","&nbsp; Tentang : "
https://www.kemenpar.go.id/post/Keputusan-Sekretaris-Kementerian-Pariwisata-Nomor-SK15UM001SESMENKEMPAR2018," Kementerian Pariwisata RI | Keputusan Sekretaris Kementerian Pariwisata Nomor SK.15/UM.001/SESMEN/KEMPAR/2018 ","&nbsp; Tentang : "
https://www.kemenpar.go.id/post/penggabungan-petunjuk-teknis-dan-ralat-petunjuk-teknis-tata-cara-pendaftaran-usaha-pariwisata," Kementerian Pariwisata RI | Penggabungan Petunjuk Teknis Dan Ralat Petunjuk Teknis Tata Cara Pendaftaran Usaha Pariwisata "," Tentang : Penggabungan Petunjuk Teknis Dan Ralat "
https://www.kemenpar.go.id/post/pedoman-kelompok-sadar-wisata-dan-petunjuk-penyelenggaraan-saka-pramuka-pariwisata," Kementerian Pariwisata RI | Pedoman Kelompok Sadar Wisata dan Petunjuk Penyelenggaraan Saka Pramuka Pariwisata ","Berkenaan dengan diseminasi program Sadar Wisata dan Sapta Pesona, berikut materi terkait : 1. Pedom"
https://www.kemenpar.go.id/post/kode-etik-kepariwisataan-dunia," Kementerian Pariwisata RI | Kode Etik Kepariwisataan Dunia ","Kami para anggota Organisasi Kepariwisataan Dunia (World Tourism Organization), perwakilan industri"
https://www.kemenpar.go.id/post/panduan-dan-pedoman-pelaksanaan-green-hotel-di-indonesia," Kementerian Pariwisata RI | Panduan dan Pedoman Pelaksanaan Green Hotel di Indonesia ","Industri pariwisata di Indonesia mengalami peningkatan yang signifikan. Didukung oleh stabilitas eko"
https://www.kemenpar.go.id/post/keputusan-direktur-jenderal-pengembangan-destinasi-pariwisata-nomor-09kepdpdpvi2013," Kementerian Pariwisata RI | Keputusan Direktur Jenderal Pengembangan Destinasi Pariwisata Nomor 09/KEP/DPDP/VI/2013 "," Tentang : Tentang Perubahan Kedua atas Lampiran S"
https://www.kemenpar.go.id/post/keputusan-direktur-jenderal-pengembangan-destinasi-pariwisata-nomor-16kepdpdpiv2013," Kementerian Pariwisata RI | Keputusan Direktur Jenderal Pengembangan Destinasi Pariwisata Nomor 16/KEP/DPDP/IV/2013 "," Tentang : Tentang Perubahan Pertaman atas Lampira"
https://www.kemenpar.go.id/post/keputusan-direktur-jenderal-pengembangan-destinasi-pariwisata-nomor-29kepdpdpi2013," Kementerian Pariwisata RI | Keputusan Direktur Jenderal Pengembangan Destinasi Pariwisata Nomor 29/KEP/DPDP/I/2013 "," Tentang : Tentang Tata cara Penyaluran Langsung M"
https://www.kemenpar.go.id/post/surat-edaran-nomor-um00143dp3nkempar2017," Kementerian Pariwisata RI | Surat Edaran Nomor : UM.001/4/3/DP3N/KEMPAR/2017 "," Tentang : TENTANG PETUNJUK TEKNIS KEGIATAN SOSIAL"
https://www.kemenpar.go.id/post/surat-edaran-nomor-um001212sesmenkempar2015," Kementerian Pariwisata RI | Surat Edaran Nomor : UM.001/21/2/SESMEN/KEMPAR/2015 "," Tentang : TENTANG PELAKSANAAN PENGADAAN BARANG/ J"
https://www.kemenpar.go.id/post/rencana-kerja-kementerian-pariwisata-tahun-anggaran-2019," Kementerian Pariwisata RI | Rencana Kerja Kementerian Pariwisata Tahun Anggaran 2019 ","Rencana Kerja Kementerian Pariwisata Tahun Anggaran 2019 "
https://www.kemenpar.go.id/post/rencana-kerja-kementerian-pariwisata-tahun-anggaran-2018," Kementerian Pariwisata RI | Rencana Kerja Kementerian Pariwisata Tahun Anggaran 2018 ","Rencana Kerja Kementerian Pariwisata Tahun Anggaran 2018"
https://www.kemenpar.go.id/post/rencana-kerja-kementerian-pariwisata-tahun-anggaran-2017," Kementerian Pariwisata RI | Rencana Kerja Kementerian Pariwisata Tahun Anggaran 2017 ","Recana Kerja Kementerian Pariwisata Tahun Anggaran 2017 Download file "
https://www.kemenpar.go.id/post/rencana-kerja-kementerian-pariwisata-tahun-anggaran-2016," Kementerian Pariwisata RI | Rencana Kerja Kementerian Pariwisata Tahun Anggaran 2016 ","Recana Kerja Kementerian Pariwisata Tahun Anggaran 2016 &nbsp; Download file "
https://www.kemenpar.go.id/post/penetapan-kinerja-kementerian-pariwisata-dan-ekonomi-kreatif-tahun-2014," Kementerian Pariwisata RI | Penetapan Kinerja Kementerian Pariwisata dan Ekonomi Kreatif Tahun 2014 ","Dalam rangka mewujudkan good governance sekaligus result oriented governance, perlu adanya suatu si"
https://www.kemenpar.go.id/post/laporan-keuangan-kementerian-pariwisata-2018," Kementerian Pariwisata RI | Laporan Keuangan Kementerian Pariwisata 2018 ","Laporan Keuangan Kementerian Pariwisata 2018 "
https://www.kemenpar.go.id/post/laporan-keuangan-kementerian-pariwisata-2017," Kementerian Pariwisata RI | Laporan Keuangan Kementerian Pariwisata 2017 ","Laporan Keuangan Kementerian Pariwisata 2017 "
https://www.kemenpar.go.id/post/siaran-pers-skema-insentif-bagi-industri-pariwisata-terkait-dampak-corona-segera-diumumkan," Kementerian Pariwisata RI | Siaran Pers : Skema Insentif Bagi Industri Pariwisata Terkait Dampak Corona Segera Diumumkan ","SIARAN PERS KEMENTERIAN PARIWISATA DAN EKONOMI KREATIF/BADAN PARIWISATA DAN EKONOMI KREATIF Sk"
https://www.kemenpar.go.id/post/siaran-pers-milenial-berperan-besar-dalam-pengembangan-pariwisata-dan-ekonomi-kreatif," Kementerian Pariwisata RI | Siaran Pers : Milenial Berperan Besar dalam Pengembangan Pariwisata dan Ekonomi Kreatif ","SIARAN PERS KEMENTERIAN PARIWISATA DAN EKONOMI KREATIF/BADAN PARIWISATA DAN EKONOMI KREATIF Mi"
https://www.kemenpar.go.id/post/seminar-budaya-keris-sebagai-warisan-budaya-tak-benda-indonesia," Kementerian Pariwisata RI | Seminar Budaya: Keris Sebagai Warisan Budaya Tak Benda Indonesia ","Keris Indonesia telah diakui sebagai warisan budaya tak benda dunia (Masterpiece of the Oral and Int"
https://www.kemenpar.go.id/post/kementerian-pariwisata-dan-ekonomi-kreatif-menyelenggarakan-perayaan-natal-bersama," Kementerian Pariwisata RI | Kementerian Pariwisata dan Ekonomi Kreatif Menyelenggarakan Perayaan Natal Bersama "," Menteri Pariwisata dan Ekonomi Kreatif (Menparekraf) Mari Elka Pangestu merayakan malam natal bersa"
https://www.kemenpar.go.id/post/news-lomba-anugerah-pewarta-wisata-indonesia-apwi-2019," Kementerian Pariwisata RI | News : Lomba Anugerah Pewarta Wisata Indonesia (APWI) 2019 ","Hai, #SobatWisata ! Biro Komunikasi Publik Kementerian Pariwisata akan kembali mengadakan Anugerah P"
https://www.kemenpar.go.id/post/kunci-pengembangan-pariwisata-ada-di-pemerintah-daerah," Kementerian Pariwisata RI | Kunci Pengembangan Pariwisata Ada di Pemerintah Daerah ","Sektor pariwisata berperan penting dalam meningkatkan pertumbuhan ekonomi, menciptakan lapangan kerj"
https://www.kemenpar.go.id/post/siaran-pers-pariwisata-diproyeksikan-jadi-penyumbang-devisa-terbesar-lima-tahun-ke-depan," Kementerian Pariwisata RI | Siaran Pers : Pariwisata Diproyeksikan Jadi Penyumbang Devisa Terbesar Lima Tahun ke Depan ","SIARAN PERS KEMENTERIAN PARIWISATA Pariwisata Diproyeksikan Jadi Penyumbang Devisa Terbesar Lima"
https://www.kemenpar.go.id/post/pengumuman-prakualifikasi-lelang-jasa-konsultan," Kementerian Pariwisata RI | PENGUMUMAN PRAKUALIFIKASI LELANG JASA KONSULTAN ","REQUEST FOR EXPRESSIONS OF INTEREST (CONSULTING SERVICE – FIRMS SELECION)&nbsp;PENGUMUMAN PRAKUAL"
https://www.kemenpar.go.id/post/pengumuman-seleksi-terbuka-dan-kompetitif-pengisian-jabatan-pimpinan-tinggi-pratama-kementerian-pariwisata-2019," Kementerian Pariwisata RI | PENGUMUMAN SELEKSI TERBUKA DAN KOMPETITIF PENGISIAN JABATAN PIMPINAN TINGGI PRATAMA KEMENTERIAN PARIWISATA 2019 ","Pengumuman Seleksi Terbuka dan Kompetitif Pengisian Jabatan Pimpinan Tinggi Pratama Kementerian Pari"
https://www.kemenpar.go.id/post/pengumuman-seleksi-cpns-kementerian-pariwisata-tahun-2018," Kementerian Pariwisata RI | Pengumuman Seleksi CPNS Kementerian Pariwisata Tahun 2018 ","Dalam rangka mengisi lowongan formasi Pegawai Negeri Sipil sesuai dengan Keputusan Menteri Pendayagu"
https://www.kemenpar.go.id/post/indonesia-sustainable-tourism-award-ista-2019," Kementerian Pariwisata RI | Indonesia Sustainable Tourism Award (ISTA) 2019 ","Indonesia Sustainable Tourism Award (ISTA) 2019 telah dibuka! Indonesia Sustainable Tourism Award"
https://www.kemenpar.go.id/post/pengumuman-nama-nama-peserta-seleksi-cpns-yang-telah-memenuhi-syarat-untuk-mengikuti-seleksi-tes-kom," Kementerian Pariwisata RI | Pengumuman nama-nama peserta seleksi CPNS yang telah memenuhi syarat untuk mengikuti seleksi Tes Kom ","&nbsp;Pengumuman&nbsp;Nomor : KP.201/1/7/RO.2/KPEK/2013 Memperhatikan surat keputusan Sekjen No"
https://www.kemenpar.go.id/post/sistem-pengadaan-barangjasa-secara-elektronik-spse," Kementerian Pariwisata RI | Sistem Pengadaan Barang/Jasa Secara Elektronik (SPSE) ","&nbsp;Pengadaan Barang dan Jasa Secara Elektronik dapat diakses melalui URL lpse.kemenpar.go.id"
https://www.kemenpar.go.id/post/pengumuman-pelelangan-umum-pengadaan-barangjasa-direktorat-promosi-pariwisata-luar-negeri-kementeri," Kementerian Pariwisata RI | Pengumuman Pelelangan Umum Pengadaan Barang/Jasa Direktorat Promosi Pariwisata Luar Negeri Kementeri ","Panitia Pelelangan Umum Pengadaan Barang/Jasa Direktorat Promosi Pariwisata Luar Negeri Kementeria"
https://www.kemenpar.go.id/post/pengumuman-pelelangan-panitia-pengadaan-barangjasa-untuk-pekerjaan-festival-indonesia-di-jepang-dan," Kementerian Pariwisata RI | Pengumuman Pelelangan Panitia Pengadaan Barang/Jasa untuk Pekerjaan Festival Indonesia di Jepang dan ","Panitia Pelelangan Umum Pengadaan Barang/Jasa APBN-P Direktorat Jenderal Pemasaran Pariwisata, Kemen"
https://www.kemenpar.go.id/post/pengumuman-pelelangan-panitia-pengadaan-barangjasa-untuk-pekerjaan-penyusunan-jaringan-dokumentasi-," Kementerian Pariwisata RI | Pengumuman Pelelangan Panitia Pengadaan Barang/Jasa untuk Pekerjaan PENYUSUNAN JARINGAN DOKUMENTASI ","Panitia Pelelangan Sederhana Direktorat Jenderal Ekonomi Kreatif Berbasis Seni dan Budaya, pada Keme"
https://www.kemenpar.go.id/post/pengumuman-pelelangan-panitia-pengadaan-barangjasa-untuk-pekerjaan-pengadaan-jasa-penyelenggaraan-p," Kementerian Pariwisata RI | Pengumuman Pelelangan Panitia Pengadaan Barang/Jasa untuk Pekerjaan Pengadaan Jasa Penyelenggaraan P ","Panitia Pelelangan Sederhana Kegiatan Dukungan Kerjasama Lintas Sektor Dadlam Perencanaan Pengembang"
https://www.kemenpar.go.id/post/pengumuman-pelelangan-panitia-pengadaan-barangjasa-untuk-pekerjaan-festival-seni-priangan-timur-dal," Kementerian Pariwisata RI | Pengumuman Pelelangan Panitia Pengadaan Barang/Jasa untuk Pekerjaan FESTIVAL SENI PRIANGAN TIMUR DAL "," Panitia Pelelangan Sederhana Direktorat Jenderal Ekonomi Kreatif berbasis Seni dan Budaya,&nbsp;&nb"
https://www.kemenpar.go.id/post/pengumuman-pelelangan-sederhana-pengadaan-barangjasa-di-lingkungan-direktorat-jenderal-pemasaran-pa," Kementerian Pariwisata RI | Pengumuman Pelelangan Sederhana Pengadaan Barang/Jasa di lingkungan Direktorat Jenderal Pemasaran Pa ","Panitia Pengadaan Barang/Jasa TA. 2012 di lingkungan Direktorat Jenderal Pemasaran Pariwisata, Keme"
https://www.kemenpar.go.id/post/pengumuman-penetapan-peringkat-teknis-pelelangan-prakualifikasi-pusdiklat-pegawai-sekreatariat-jende," Kementerian Pariwisata RI | Pengumuman Penetapan Peringkat Teknis Pelelangan Prakualifikasi Pusdiklat Pegawai Sekreatariat Jende ","Berdasarkan SK&nbsp;Pejabat Pembuat Komitmen Pusdiklat Pegawai Nomor 01/SK-PPT/Pusdiklat-Peg/III/20"
https://www.kemenpar.go.id/post/rencana-umum-pengadaan-kementerian-pariwisata," Kementerian Pariwisata RI | Rencana Umum Pengadaan Kementerian Pariwisata ","Rencana Umum Pengadaan Kementerian Pariwisata Tahun Anggaran 2018 dapat di akses melalui sirup.lkpp."
https://www.kemenpar.go.id/post/rencana-umum-pengadaan-kementerian-pariwisata-dan-ekonomi-kreatif-tahun-anggaran-2013," Kementerian Pariwisata RI | Rencana Umum Pengadaan Kementerian Pariwisata dan Ekonomi Kreatif Tahun Anggaran 2013 ","&nbsp;Unduh RUP Kementerian Pariwisata dan Ekonomi Kreatif"
https://www.kemenpar.go.id/post/rencana-umum-pengadaan-kementerian-pariwiasata-dan-ekonomi-kreatif-tahun-anggaran-2012," Kementerian Pariwisata RI | Rencana Umum Pengadaan Kementerian Pariwiasata dan Ekonomi Kreatif Tahun Anggaran 2012 ","&nbsp; &nbsp; 1. Rencana Umum Pengadaan Pusat Data dan Informasi 2. Rencana Umum Pengadaan Pusdiklat"
https://www.kemenpar.go.id/post/pidato-kenegaraan-presiden-pidato-nota-keuangan," Kementerian Pariwisata RI | Pidato Kenegaraan Presiden "" Pidato Nota Keuangan "" "," PIDATO PRESIDEN REPUBLIK INDONESIA PADA PENYAMPAIAN KETERANGAN PEMERINTAH ATAS RANCANGAN "
https://www.kemenpar.go.id/post/pidato-kenegaraan-presiden-pidato-kenegaraan," Kementerian Pariwisata RI | Pidato Kenegaraan Presiden "" Pidato Kenegaraan "" ","PIDATO KENEGARAAN PRESIDEN REPUBLIK INDONESIA DALAM RANGKA HUT KE-74 PROKLAMASI KEMERDEKAAN REPUBLI"
https://www.kemenpar.go.id/post/pidato-kenegaraan-presiden-pidato-sidang-tahunan," Kementerian Pariwisata RI | Pidato Kenegaraan Presiden "" Pidato Sidang Tahunan "" "," PIDATO PRESIDEN REPUBLIK INDONESIA DI DEPAN SIDANG TAHUNAN MAJELIS PERMUSYAWARATAN RAKYAT REP"
https://www.kemenpar.go.id/post/sambutan-menteri-pariwisata-ri-pada-peringatan-world-tourism-day-dan-hari-kepariwisataan-nasional," Kementerian Pariwisata RI | Sambutan Menteri Pariwisata R.I. Pada Peringatan World Tourism Day dan Hari Kepariwisataan Nasional ","&nbsp;Assalamualaikum.Wr.Wb. Salam sejahtera bagi kita semua Om suasti astu. &nbsp; &nbs"
https://www.kemenpar.go.id/post/sambutan-menteri-pariwisata-pada-upacara-peringatan-kemerdekaan-ri-ke-70," Kementerian Pariwisata RI | Sambutan Menteri Pariwisata Pada Upacara Peringatan Kemerdekaan RI ke-70 ","Assalamu&rsquo;alaikum Wr. Wb. Salam sejahtera bagi kita semua. &nbsp; Saudara-saudara seka"
https://www.kemenpar.go.id/post/sambutan-menparekraf-pada-upacara-peringatan-kemerdekaan-ri-ke-69," Kementerian Pariwisata RI | Sambutan Menparekraf Pada Upacara Peringatan Kemerdekaan RI Ke 69 ","Tema Peringatan Hari Ulang Tahun Kemerdekaan Ke-69 Republik Indonesia adalah &ldquo;Dengan Semangat "
https://www.kemenpar.go.id/post/pidato-menparekraf-pada-the-3rd-women-and-the-economy-forum-wef," Kementerian Pariwisata RI | Pidato Menparekraf Pada The 3rd Women and The Economy Forum (WEF) ","&nbsp;H.E. Linda Amalia Sari Gumelar, Minister of Women Empowerment and Children Protection of Indon"
https://www.kemenpar.go.id/post/sambutan-menparekraf-pada-acara-mou-kemenparekraf-dengan-kwartir-nasional-gerakan-pramuka," Kementerian Pariwisata RI | Sambutan Menparekraf Pada Acara MOU Kemenparekraf dengan Kwartir Nasional Gerakan Pramuka ","Kak Andi, Kakak Azrul Azwar Ketua Kwartir Nasional Gerakan Pramuka, dan tentu Kakak-kakak yang lain"
https://www.kemenpar.go.id/post/ceo-message-58-tiga-senjata-pamungkas-2019," Kementerian Pariwisata RI | CEO Message #58 Tiga Senjata Pamungkas 2019 ","CEO Message #58 Tiga Senjata Pamungkas 2019 Saat saya menjabat Menpar tahun 2014 jumlah kunjun"
https://www.kemenpar.go.id/post/pengumuman-seleksi-jabatan-pimpinan-tinggi-madya," Kementerian Pariwisata RI | Pengumuman Seleksi Jabatan Pimpinan Tinggi Madya ","&nbsp; Tentang : Pengumuman Seleksi Jabatan Pimpinan Tinggi Ma"
https://www.kemenpar.go.id/post/pengumuman-seleksi-jabatan-pimpinan-tinggi-pratama," Kementerian Pariwisata RI | Pengumuman Seleksi Jabatan Pimpinan Tinggi Pratama ","&nbsp; Tentang : Pengumuman Seleksi Jabatan Pimpinan Tinggi Pr"
https://www.kemenpar.go.id/post/statistik-profil-wisatawan-nusantara-2017," Kementerian Pariwisata RI | Statistik Profil Wisatawan Nusantara 2017 ","download file Statistik Profil Wisatawan Nusantara 2017 "
https://www.kemenpar.go.id/post/data-kunjungan-wisatawan-mancanegara-bulanan-tahun-2019," Kementerian Pariwisata RI | Data Kunjungan Wisatawan Mancanegara Bulanan Tahun 2019 ","Kunjungan wisman ke Indonesia melalui seluruh pintu masuk bulan Desember 2019 berjumlah 1.377.067 ku"
https://www.kemenpar.go.id/post/data-kunjungan-wisatawan-mancanegara-bulanan-tahun-2018," Kementerian Pariwisata RI | Data Kunjungan Wisatawan Mancanegara Bulanan Tahun 2018 "," Data Kunjungan Wisatawan Mancanegara Bulan Januari Tahun 2018&nbsp; (Angka Revisi) Data Kunjung"
https://www.kemenpar.go.id/post/data-kunjungan-wisatawan-mancanegara-bulanan-tahun-2017," Kementerian Pariwisata RI | Data Kunjungan Wisatawan Mancanegara Bulanan Tahun 2017 "," Data Kunjungan Wisatawan Mancanegara Bulan Januari Tahun 2017 (Angka Revisi) Data Kunjungan Wis"
https://www.kemenpar.go.id/post/data-kunjungan-wisatawan-mancanegara-bulanan-tahun-2016," Kementerian Pariwisata RI | Data Kunjungan Wisatawan Mancanegara Bulanan Tahun 2016 "," Data Kunjungan Wisatawan Mancanegara Bulan Januari Tahun 2016 Data Kunjungan Wisatawan Mancaneg"
https://www.kemenpar.go.id/post/data-kunjungan-wisatawan-mancanegara-tahun-2015," Kementerian Pariwisata RI | Data Kunjungan Wisatawan Mancanegara Tahun 2015 "," Statistik Kunjungan Wisatawan Mancanegara Bulan Januari 2015&nbsp; Statistik Kunjungan Wisatawa"
https://www.kemenpar.go.id/post/perkembangan-bulanan-wisatawan-mancanegara," Kementerian Pariwisata RI | Perkembangan Bulanan Wisatawan Mancanegara ","Data selengkapnya silakan unduh file"
https://www.kemenpar.go.id/post/perkembangan-wisatawan-nasional-outbound," Kementerian Pariwisata RI | Perkembangan Wisatawan Nasional (OUTBOUND) ","download file: Perkembangan Wisatawan Nasional &nbsp;"
https://www.kemenpar.go.id/post/statistik-tingkat-penghunian-kamar-hotel-bintang-tahun-2019," Kementerian Pariwisata RI | Statistik Tingkat Penghunian Kamar Hotel Bintang Tahun 2019 ","Tingkat Penghunian Kamar (TPK) hotel klasifikasi bintang di Indonesia pada Desember 2019 mencapai ra"
https://www.kemenpar.go.id/post/statistik-tingkat-penghunian-kamar-hotel-bintang-tahun-2018," Kementerian Pariwisata RI | Statistik Tingkat Penghunian Kamar Hotel Bintang Tahun 2018 "," &nbsp;Statistik Tingkat Penghunian Kamar Hotel Bintang Tahun 2018 (Januari) &nbsp;Stat"
https://www.kemenpar.go.id/post/statistik-tingkat-penghunian-kamar-hotel-bintang-tahun-2017," Kementerian Pariwisata RI | Statistik Tingkat Penghunian Kamar Hotel Bintang Tahun 2017 "," Statistik Tingkat Penghunian Kamar Hotel Bintang Tahun 2017 (Januari) Statistik Tingkat Penghun"
https://www.kemenpar.go.id/post/statistik-tingkat-penghunian-kamar-hotel-bintang-tahun-2016," Kementerian Pariwisata RI | Statistik Tingkat Penghunian Kamar Hotel Bintang Tahun 2016 "," Statistik Tingkat Penghunian Kamar Hotel Bintang Januari Tahun 2016 Statistik Tingkat Penghunia"
https://www.kemenpar.go.id/post/statistik-tingkat-penghunian-kamar-hotel-bintang-tahun-2015," Kementerian Pariwisata RI | Statistik Tingkat Penghunian Kamar Hotel Bintang Tahun 2015 ","Statistik Tingkat Penghunian Kamar Hotel Bintang Bulan Desember Tahun 2015 vs 2014 "
https://www.kemenpar.go.id/post/perkembangan-usaha-akomodasi-menurut-klasifikasi-akomodasi," Kementerian Pariwisata RI | Perkembangan Usaha Akomodasi Menurut Klasifikasi Akomodasi ","Data selengkapnya silakan unduh file"
https://www.kemenpar.go.id/post/perkembangan-jumlah-kamar-pada-usaha-akomodasi-menurut-klasifikasi-akomodasi," Kementerian Pariwisata RI | Perkembangan Jumlah Kamar Pada Usaha Akomodasi Menurut Klasifikasi Akomodasi ","Data selengkapnya silakan unduh file"
https://www.kemenpar.go.id/post/rekapitulasi-perkembangan-usaha-restoran-rumah-makan-berskala-menengah-dan-besar," Kementerian Pariwisata RI | Rekapitulasi Perkembangan Usaha Restoran/ Rumah Makan Berskala Menengah dan Besar ","Data selengkapnya silakan unduh file"
https://www.kemenpar.go.id/post/perkembangan-usaha-restoran-rumah-makan-berskala-menengah-dan-besar-menurut-provinsi," Kementerian Pariwisata RI | Perkembangan Usaha Restoran/ Rumah Makan Berskala Menengah dan Besar Menurut Provinsi ","Data selengkapnya silakan unduh file &nbsp;"
https://www.kemenpar.go.id/post/rekapitulasi-usaha-jasa-perjalanan-wisata-berskala-menengah-dan-besar," Kementerian Pariwisata RI | Rekapitulasi Usaha Jasa Perjalanan Wisata Berskala Menengah dan Besar ","Data selengkapnya silakan unduh file"
https://www.kemenpar.go.id/post/perkembangan-biro-perjalanan-wisata-bpw-berskala-menengah-dan-besar-menurut-provinsi," Kementerian Pariwisata RI | Perkembangan Biro Perjalanan Wisata (BPW) Berskala Menengah dan Besar Menurut Provinsi ","Data selengkapnya silakan unduh file"
https://www.kemenpar.go.id/post/perkembangan-agen-perjalanan-wisata-apw-berskala-menengah-dan-besar-menurut-provinsi," Kementerian Pariwisata RI | Perkembangan Agen Perjalanan Wisata (APW) Berskala Menengah dan Besar Menurut Provinsi ","Data selengkapnya silakan unduh file"
https://www.kemenpar.go.id/post/dampak-ekonomi-mikro-berdasarkan-neraca-satelit-pariwisata-nasional," Kementerian Pariwisata RI | Dampak Ekonomi Mikro Berdasarkan Neraca Satelit Pariwisata Nasional ","Data selengkapnya silakan unduh file"
https://www.kemenpar.go.id/post/bagan-neraca-satelit-pariwisata-nasional," Kementerian Pariwisata RI | Bagan Neraca Satelit Pariwisata Nasional ","Data delengkapnya silakan unduh file "
https://www.kemenpar.go.id/post/bagan-neraca-satelit-pariwisata-daerah," Kementerian Pariwisata RI | Bagan Neraca Satelit Pariwisata Daerah ","Unduh file"
https://www.kemenpar.go.id/post/rangking-devisa-pariwisata-terhadap-komoditas-ekspor-lainnya," Kementerian Pariwisata RI | Rangking Devisa Pariwisata terhadap Komoditas Ekspor Lainnya "," Rangking Devisa Pariwisata terhadap Komoditas Ekspor Lainnya tahun 2011 - 2015 unduh file "
https://www.kemenpar.go.id/post/neraca-jasa-perjalanan-indonesia," Kementerian Pariwisata RI | Neraca Jasa Perjalanan Indonesia ","Neraca Jasa Perjalanan Indonesia "
https://www.kemenpar.go.id/post/statistical-arrivals-2017," Kementerian Pariwisata RI | Statistical Arrivals 2017 ","Data yang disajikan dalam publikasi ini mencakup antara lain: jumlah kunjungan wisatawan mancanegara"
https://www.kemenpar.go.id/post/statistical-arrivals-2016," Kementerian Pariwisata RI | Statistical Arrivals 2016 ","Statistical Arrivals 2016"
https://www.kemenpar.go.id/post/statistical-arrivals-2015," Kementerian Pariwisata RI | Statistical Arrivals 2015 ","Statistical Arrivals 2015"
https://www.kemenpar.go.id/post/statistical-arrivals-2014," Kementerian Pariwisata RI | Statistical Arrivals 2014 ","Statistical Arrivals 2014"
https://www.kemenpar.go.id/post/statistical-arrivals-2013," Kementerian Pariwisata RI | Statistical Arrivals 2013 ","Statistical Arrivals 2013"
https://www.kemenpar.go.id/post/statistical-arrivals-2012," Kementerian Pariwisata RI | Statistical Arrivals 2012 ","Statistical Arrivals 2012"
https://www.kemenpar.go.id/post/passenger-exit-survey-2016," Kementerian Pariwisata RI | Passenger Exit Survey 2016 ","Publikasi ini memuat hasil pengkinian profil wisatawan mancanegara yang berkunjung ke Indonesia, mel"
https://www.kemenpar.go.id/post/passenger-exit-survey-2015," Kementerian Pariwisata RI | Passenger Exit Survey 2015 ","Passenger Exit Survey 2015 "
https://www.kemenpar.go.id/post/passenger-exit-survey-2014," Kementerian Pariwisata RI | Passenger Exit Survey 2014 ","Passenger Exit Survey 2014"
https://www.kemenpar.go.id/post/passenger-exit-survey-2013," Kementerian Pariwisata RI | Passenger Exit Survey 2013 ","Passenger Exit Survey 2013 &nbsp;"
https://www.kemenpar.go.id/post/passenger-exit-survey-2012," Kementerian Pariwisata RI | Passenger Exit Survey 2012 ","Passenger Exit Survey 2012"
https://www.kemenpar.go.id/post/statistik-profil-wisatawan-nusantara-2018," Kementerian Pariwisata RI | Statistik Profil Wisatawan Nusantara 2018 ","Publikasi Statistik Wisatawan Nusantara 2018 merupakan publikasi baru yang diterbitkan oleh Badan Pu"
https://www.kemenpar.go.id/post/statistik-profil-wisatawan-nusantara-2016," Kementerian Pariwisata RI | Statistik Profil Wisatawan Nusantara 2016 ","Statistik Profil Wisatawan Nusantara 2016"
https://www.kemenpar.go.id/post/statistik-profil-wisatawan-nusantara-2014," Kementerian Pariwisata RI | Statistik Profil Wisatawan Nusantara 2014 ","Statistik Profil Wisatawan Nusantara 2014"
https://www.kemenpar.go.id/post/statistik-profil-wisatawan-nusantara-2013," Kementerian Pariwisata RI | Statistik Profil Wisatawan Nusantara 2013 ","Statistik Profil Wisatawan Nusantara 2013"
https://www.kemenpar.go.id/post/statistik-profil-wisatawan-nusantara-2012," Kementerian Pariwisata RI | Statistik Profil Wisatawan Nusantara 2012 ","Statistik Profil Wisatawan Nusantara 2012"
https://www.kemenpar.go.id/post/neraca-satelit-pariwisata-nasional-2017," Kementerian Pariwisata RI | Neraca Satelit Pariwisata Nasional 2017 ","Publikasi Neraca Satelit Pariwisata Nasional tahun 2017 menggambarkan kondisi pariwisata Indonesia d"
https://www.kemenpar.go.id/post/neraca-satelit-pariwisata-nasional-2016," Kementerian Pariwisata RI | Neraca Satelit Pariwisata Nasional 2016 ","Neraca Satelit Pariwisata Nasional tahun 2016 buku 1 Neraca Satelit Pariwisata Nasional tahun 2016 b"
https://www.kemenpar.go.id/post/neraca-satelit-pariwisata-nasional-2015," Kementerian Pariwisata RI | Neraca Satelit Pariwisata Nasional 2015 "," Neraca Satelit Pariwisata Nasional 2015 (Buku 1) Neraca Satelit Pariwisata Nasional 2015 (B"
https://www.kemenpar.go.id/post/neraca-satelit-pariwisata-nasional-2014," Kementerian Pariwisata RI | Neraca Satelit Pariwisata Nasional 2014 ","Neraca Satelit Pariwisata Nasional 2014 (buku 1) Neraca Satelit Pariwisata Nasional 2014 (buku 2)"
https://www.kemenpar.go.id/post/neraca-satelit-pariwisata-nasional-2013," Kementerian Pariwisata RI | Neraca Satelit Pariwisata Nasional 2013 ","Neraca Satelit Pariwisata Nasional 2013 (buku 1) Neraca Satelit Pariwisata Nasional 2013 (buku 2)"
https://www.kemenpar.go.id/post/neraca-satelit-pariwisata-nasional-2012," Kementerian Pariwisata RI | Neraca Satelit Pariwisata Nasional 2012 ","Neraca Satelit Pariwisata Nasional 2012 (buku 1) Neraca Satelit Pariwisata Nasional 2012 (buku 2)"
https://www.kemenpar.go.id/post/cakupan-aktivitas-pariwisata-dalam-klasifikasi-baku-lapangan-usaha-indonesia-2015," Kementerian Pariwisata RI | Cakupan Aktivitas Pariwisata dalam Klasifikasi Baku Lapangan Usaha Indonesia 2015 ","Unduh Cakupan Aktivitas Pariwisata dalam Klasifikasi Baku Lapangan Usaha Indonesia 2015&nbsp; "
https://www.kemenpar.go.id/post/pnpm-mandiri-pariwisata," Kementerian Pariwisata RI | PNPM Mandiri Pariwisata ","Pedoman Program Nasional Pemberdayaan Masyarakat (PNPM) Mandiri Pariwisata merupakan salah satu dari"
https://www.kemenpar.go.id/post/penandatangan-kerjasama-antara-sekolah-tinggi-pariwisata-bandung-dengan-john-college," Kementerian Pariwisata RI | Penandatangan Kerjasama antara Sekolah Tinggi Pariwisata Bandung dengan John College ","Canada, 7 November 2012 | Dalam rangka peringatan 60 tahun hubungan diplomatic Indonesia-Canada, sek"
https://www.kemenpar.go.id/post/the-2nd-t20-tourism-minister-meeting-11-13-oktober-2010-buyeo-republik-korea," Kementerian Pariwisata RI | The 2nd T.20 Tourism Minister Meeting 11-13 Oktober 2010, Buyeo, Republik Korea "," Pada tanggal 11 "
https://www.kemenpar.go.id/post/unwto-regional-seminar-for-tourism-exchange-for-small-island-22-23-february-2011-denpasar-bali," Kementerian Pariwisata RI | UNWTO Regional Seminar For Tourism Exchange For Small Island, 22 - 23 February 2011, Denpasar, Bali ","Kementerian Kebudayaan dan Pariwisata berkerjasama dengan World Tourism Organization (UNWTO) dan Glo"
https://www.kemenpar.go.id/post/workshop-lomba-penggalian-sumber-sejarah-dalam-bentuk-audiovisual," Kementerian Pariwisata RI | Workshop Lomba Penggalian Sumber Sejarah dalam Bentuk Audiovisual "," Pada tanggal 6 Juli 2011, Direktur Jenderal Sejarah dan Purbakala, Kementerian Kebudayaan dan Pa"
https://www.kemenpar.go.id/post/semiloka-penulisan-sejarah-perkembangan-islam-di-nusantara," Kementerian Pariwisata RI | Semiloka Penulisan Sejarah: Perkembangan Islam di Nusantara "," Pada tanggal 21 Juli 2011, Direktur Jenderal Sejarah dan Purbakala, Kementerian Kebudayaan dan P"
https://www.kemenpar.go.id/post/kajian-dampak-sektor-pariwisata-terhadap-perekonomian-indonesia," Kementerian Pariwisata RI | KAJIAN DAMPAK SEKTOR PARIWISATA TERHADAP PEREKONOMIAN INDONESIA ","Penelitian ini bertujuan untuk menyusun sebuah dokumen yang mengestimasi dampak dari sektor pariwisa"
https://www.kemenpar.go.id/post/peningkatan-ekonomi-kerakyatan-melalui-pengembangan-desa-wisata," Kementerian Pariwisata RI | PENINGKATAN EKONOMI KERAKYATAN MELALUI PENGEMBANGAN DESA WISATA "," KATA PENGANTAR Buku dengan judul Peningkatan Ekonomi Kerakyatan Melalui Pengembangan Desa Wisata i"
https://www.kemenpar.go.id/post/konsep-indonesia-kreatif-tinjauan-awal-mengenai-peluang-dan-tantangannya-bagi-pembangunan-indonesi," Kementerian Pariwisata RI | KONSEP INDONESIA KREATIF: TINJAUAN AWAL MENGENAI PELUANG DAN TANTANGANNYA BAGI PEMBANGUNAN INDONESI "," Pendahuluan &nbsp;&nbsp;&nbsp;&nbsp;&nbsp;&nbsp;&nbsp;&nbsp;&nbsp;&nbsp;&nbsp; Secara alamiah, manu"
https://www.kemenpar.go.id/post/dampak-event-pariwisata," Kementerian Pariwisata RI | Dampak Event Pariwisata ","1.1.&nbsp;&nbsp;&nbsp;&nbsp;&nbsp;&nbsp;&nbsp;&nbsp;&nbsp; Latar Belakang Kepariwisataan Indonesia m"
https://www.kemenpar.go.id/post/penelitian," Kementerian Pariwisata RI | Penelitian ","2015 Analisis Kesiapan Destinasi Dalam Rangka Pencapaian Target 20 Juta Wisman Pada Tahun 2019 2015 "
https://www.kemenpar.go.id/post/jurnal-kepariwisataan-indonesia-vol11-no-1-juni-2016," Kementerian Pariwisata RI | JURNAL KEPARIWISATAAN INDONESIA VOL.11 NO. 1 JUNI 2016 "," DAYA TARIK MOROTAI SEBAGAI DESTINASI WISATA SEJARAH DAN BAHARI Marhanani Tri Astuti* dan Any Ariani"
https://www.kemenpar.go.id/post/jurnal-kepariwisataan-indonesia," Kementerian Pariwisata RI | Jurnal Kepariwisataan Indonesia ","JKI Vol.7 No.3 2012 - Sumber Daya Arkeologi di Tenggarong Sebagai Asem Wisata Budaya JKI Vol.8 No.2 "
https://www.kemenpar.go.id/post/jurnal-destinasi-kepariwisataan-indonesia," Kementerian Pariwisata RI | Jurnal Destinasi Kepariwisataan Indonesia ","JDP Vol.1 No.1 2014 &nbsp;Tinjauan Kesadaran Merek Pariwisata Indonesia &ldquo;Wonderful Indonesia&r"
https://www.kemenpar.go.id/post/jurnal-destinasi-kepariwisataan-indonesia-vol1-no1-juni-2016," Kementerian Pariwisata RI | JURNAL DESTINASI KEPARIWISATAAN INDONESIA VOL.1 NO.1 JUNI 2016 "," PENGELOLAAN KAWASAN SITUS KOTA KUNO BANTEN SEBAGAI DESTINASI WISATA BUDAYA UNTUK MENINGKATKAN PERGE"
https://www.kemenpar.go.id/post/pengelolaan-sumberdaya-arkeologi," Kementerian Pariwisata RI | PENGELOLAAN SUMBERDAYA ARKEOLOGI ","DI MALUKU DALAM KERANGKA OTONOMI DAERAH: &nbsp;POTENSI, KARAKTERISTIK DAN PENGEMBANGANNYA UNTUK PARI"
https://www.kemenpar.go.id/post/peluang-dan-tantangan-pengembangan-kepariwisataan-di-indonesia," Kementerian Pariwisata RI | Peluang dan Tantangan Pengembangan Kepariwisataan di Indonesia ","&nbsp; PELUANG DAN TANTANGAN PENGEMBANGAN KEPARIWISATAAN DI INDONESIA &nbsp; Basuki Antariksa &nbs"
https://www.kemenpar.go.id/post/daftar-perjanjian-bilateral-bidang-pariwisata," Kementerian Pariwisata RI | Daftar Perjanjian Bilateral Bidang Pariwisata ","Isi Dokumen dapat diunduh pada tanggal perjanjian yang dicetak tebal "
https://www.kemenpar.go.id/post/km159-tahun-2018-tentang-klasifikasi-arsip," Kementerian Pariwisata RI | KM.159 Tahun 2018 Tentang Klasifikasi Arsip ","Salinan Keputusan Menteri Pariwisata Republik Indonesia KM.159 Tahun 2018 Tentang Klasifikasi Arsip "
https://www.kemenpar.go.id/post/permenpar-no9-tahun-2019-tentang-standar-pelayanan-publik-di-lingkungan-kementerian-pariwisata," Kementerian Pariwisata RI | PERMENPAR No.9 Tahun 2019 Tentang Standar Pelayanan Publik di Lingkungan Kementerian Pariwisata ","PERMENPAR No.9 Tahun 2019 Tentang Standar Pelayanan Publik di Lingkungan Kementerian Pariwisata "
https://www.kemenpar.go.id/post/keputusan-sekretaris-kementerian-pariwisata-nomor-sk147kb00set2019-tentang-daftar-informasi-publik-yang-dikecualikan-di-lingkungan-kementerian-pariwisata," Kementerian Pariwisata RI | Keputusan Sekretaris Kementerian Pariwisata Nomor SK.147/KB.00/SET/2019 Tentang Daftar Informasi Publik yang Dikecualikan di Lingkungan Kementerian Pariwisata ","Keputusan Sekretaris Kementerian Pariwisata Nomor SK.147/KB.00/SET/2019 Tentang Daftar Informasi Pub"
https://www.kemenpar.go.id/post/keputusan-sekretaris-kementerian-pariwisata-nomor-sk142kb00set2019-tentang-daftar-informasi-publik-yang-wajib-disediakan-di-lingkungan-kementerian-pariwisata," Kementerian Pariwisata RI | Keputusan Sekretaris Kementerian Pariwisata Nomor SK.142/KB.00/SET/2019 Tentang Daftar Informasi Publik yang Wajib Disediakan di Lingkungan Kementerian Pariwisata ","Keputusan Sekretaris Kementerian Pariwisata Nomor SK.142/KB.00/SET/2019 Tentang Daftar Informasi Pub"
https://www.kemenpar.go.id/post/peraturan-menteri-pariwisata-no-6-tahun-2019-tentang-pelayanan-informasi-publik-di-lingkungan-kementerian-pariwisata," Kementerian Pariwisata RI | Peraturan Menteri Pariwisata No 6 Tahun 2019 tentang Pelayanan Informasi Publik di Lingkungan Kementerian Pariwisata ","Peraturan Menteri Pariwisata No 6 Tahun 2019 tentang Pelayanan Informasi Publik di Lingkungan Kement"
https://www.kemenpar.go.id/post/uu-no-14-tahun-2008-tentang-keterbukaan-informasi-publik," Kementerian Pariwisata RI | UU No 14 Tahun 2008 Tentang Keterbukaan Informasi Publik ","Undang - Undang No 14 Tahun 2008 Keterbukaan Informasi Publik.pdf"
https://www.kemenpar.go.id/post/perki-no-1-tahun-2010-tentang-standar-layanan-informasi-publik," Kementerian Pariwisata RI | Perki No 1 Tahun 2010 Tentang Standar Layanan Informasi Publik ","Peraturan Komisi Informasi Nomor 1 Tahun 2010 Tentang Standar Layanan Informasi Publik.pdf"
https://www.kemenpar.go.id/post/pp-no-61-tahun-2010-pelaksanaan-uu-kip," Kementerian Pariwisata RI | PP No 61 Tahun 2010 Pelaksanaan UU KIP ","Peraturan Pemerintah Nomor 61 Tahun 2010 Tentang Pelaksanaan Undang - Undang Nomor 14 Tahun 2008 Ten"
https://www.kemenpar.go.id/post/draft-kepsesmen-dik," Kementerian Pariwisata RI | DRAFT KEPSESMEN DIK ","DRAFT KEPSESMEN DIK"
https://www.kemenpar.go.id/post/draft-kepsesmen-dip," Kementerian Pariwisata RI | DRAFT KEPSESMEN DIP ","DRAFT KEPSESMEN DIP"
https://www.kemenpar.go.id/post/draft-permenpar-pelayanan-informasi-publik," Kementerian Pariwisata RI | DRAFT PERMENPAR PELAYANAN INFORMASI PUBLIK ","DRAFT PERMENPAR PELAYANAN INFORMASI PUBLIK"
https://www.kemenpar.go.id/post/draft-permenpar-standar-pelayanan-publik," Kementerian Pariwisata RI | DRAFT PERMENPAR STANDAR PELAYANAN PUBLIK ","DRAFT PERMENPAR STANDAR PELAYANAN PUBLIK"
https://www.kemenpar.go.id/post/maklumat-pelayanan-informasi-publik-kementerian-pariwisata," Kementerian Pariwisata RI | Maklumat Pelayanan Informasi Publik Kementerian Pariwisata "," Download "
https://www.kemenpar.go.id/post/keputusan-menteri-pariwisata-republik-indonesia-nomor-km285kb0003menpar2019," Kementerian Pariwisata RI | Keputusan Menteri Pariwisata Republik Indonesia Nomor KM.285/KB.00.03/Menpar/2019 ","Keputusan Menteri Pariwisata Republik Indonesia Nomor KM.285/KB.00.03/Menpar/2019 Tentang Perubahan "
https://www.kemenpar.go.id/post/keputusan-menteri-pariwisata-republik-indonesia-nomor-km120kb0003menpar2019," Kementerian Pariwisata RI | Keputusan Menteri Pariwisata Republik Indonesia Nomor KM.120/KB.00.03/Menpar/2019 ","Keputusan Menteri Pariwisata Republik Indonesia Nomor KM.120/KB.00.03/Menpar/2019 Tentang Kelompok K"
https://www.kemenpar.go.id/post/sk-menteri-pariwisata-tentang-ppid-kemenpar-2018," Kementerian Pariwisata RI | SK Menteri Pariwisata Tentang PPID Kemenpar 2018 ","Keputusan Menteri Pariwisata Tentang Pejabat Pengelola Informasi dan Dokumentasi di Lingkungan Kemen"
https://www.kemenpar.go.id/post/sop-permohonan-bahan-promosi-deputi-pengembangan-pemasaran-i," Kementerian Pariwisata RI | SOP Permohonan Bahan Promosi Deputi Pengembangan Pemasaran I ","SOP Permohonan Bahan Promosi Deputi Pengembangan Pemasaran I "
https://www.kemenpar.go.id/post/sop-pendokumentasian-informasi-publik," Kementerian Pariwisata RI | SOP Pendokumentasian Informasi Publik ","SOP Pendokumentasian Informasi Publik"
https://www.kemenpar.go.id/post/sop-pendokumentasian-informasi-yang-dikecualikan," Kementerian Pariwisata RI | SOP Pendokumentasian Informasi Yang Dikecualikan ","SOP Pendokumentasian Informasi Yang Dikecualikan"
https://www.kemenpar.go.id/post/sop-pengujian-konsekuensi," Kementerian Pariwisata RI | SOP Pengujian Konsekuensi ","SOP Pengujian Konsekuensi"
https://www.kemenpar.go.id/post/sop-penetapan-dan-pemukhtahiran-daftar-informasi-publik," Kementerian Pariwisata RI | SOP Penetapan Dan Pemukhtahiran Daftar Informasi Publik ","SOP Penetapan Dan Pemukhtahiran Daftar Informasi Publik"
https://www.kemenpar.go.id/post/sop-halo-wonderful," Kementerian Pariwisata RI | SOP Halo Wonderful "," SOP Halo Wonderful "
https://www.kemenpar.go.id/post/sop-pelayanan-publik-melalui-ppid-kementerian-pariwisata," Kementerian Pariwisata RI | SOP Pelayanan Publik Melalui PPID Kementerian Pariwisata "," 1. SOP Pelayanan Publik Melalui PPID Kementerian Pariwisata 2. Videografis SOP Pelayanan Publ"
https://www.kemenpar.go.id/post/sop-pelayanan-pengaduan-kementerian-pariwisata," Kementerian Pariwisata RI | SOP Pelayanan Pengaduan Kementerian Pariwisata "," &nbsp; 1. SOP Pelayanan Pengaduan Kementerian Pariwisata 2. Videografis SOP Pelayanan Peng"
https://www.kemenpar.go.id/post/sop-information-center-kementerian-pariwisata," Kementerian Pariwisata RI | SOP Information Center Kementerian Pariwisata "," 1. SOP Information Center Kementerian Pariwisata 2. Videografis SOP information Center Kement"
https://www.kemenpar.go.id/post/sop-pengajuan-keberatan," Kementerian Pariwisata RI | SOP Pengajuan Keberatan ","&nbsp; Your browser does not support HTML5 video. 1. SOP Pengajuan Keberatan&nbsp;2. Info"
https://www.kemenpar.go.id/post/sop-penanganan-pengajuan-keberatan-informasi-publik," Kementerian Pariwisata RI | SOP Penanganan Pengajuan Keberatan Informasi Publik ","&nbsp; Your browser does not support HTML5 video. &nbsp;1. SOP Penanganan Pengajuan Keber"
https://www.kemenpar.go.id/post/laporan-pelayanan-informasi-publik-bulan-juli-2019," Kementerian Pariwisata RI | Laporan Pelayanan Informasi Publik Bulan Juli 2019 ","Laporan Pelayanan Informasi Publik Bulan Juli 2019 "
https://www.kemenpar.go.id/post/laporan-pelayanan-informasi-publik-bulan-juni-2019," Kementerian Pariwisata RI | Laporan Pelayanan Informasi Publik Bulan Juni 2019 ","Laporan Pelayanan Informasi Publik Bulan Juni 2019 "
https://www.kemenpar.go.id/post/laporan-pelayanan-informasi-publik-bulan-mei-2019," Kementerian Pariwisata RI | Laporan Pelayanan Informasi Publik Bulan Mei 2019 ","Laporan Pelayanan Informasi Publik Bulan Mei 2019 "
https://www.kemenpar.go.id/post/laporan-pelayanan-informasi-publik-bulan-april-2019," Kementerian Pariwisata RI | Laporan Pelayanan Informasi Publik Bulan April 2019 ","Laporan Pelayanan Informasi Publik Bulan April 2019 "
https://www.kemenpar.go.id/post/laporan-pelayanan-informasi-publik-bulan-maret-2019," Kementerian Pariwisata RI | Laporan Pelayanan Informasi Publik Bulan Maret 2019 ","Laporan Pelayanan Informasi Publik Bulan Maret 2019 "
https://www.kemenpar.go.id/post/laporan-pelayanan-informasi-publik-bulan-februari-2019," Kementerian Pariwisata RI | Laporan Pelayanan Informasi Publik Bulan Februari 2019 ","Laporan Pelayanan Informasi Publik Bulan Februari 2019 "
https://www.kemenpar.go.id/post/laporan-pelayanan-informasi-publik-bulan-april-2018," Kementerian Pariwisata RI | Laporan Pelayanan Informasi Publik Bulan April 2018 ","Laporan Pelayanan Informasi Publik Bulan April 2018"
https://www.kemenpar.go.id/post/laporan-pelayanan-informasi-publik-bulan-maret-2018," Kementerian Pariwisata RI | Laporan Pelayanan Informasi Publik Bulan Maret 2018 ","Laporan Pelayanan Informasi Publik Bulan Maret 2018"
https://www.kemenpar.go.id/post/laporan-pelayanan-informasi-publik-bulan-februari-2018," Kementerian Pariwisata RI | Laporan Pelayanan Informasi Publik Bulan Februari 2018 ","Laporan Pelayanan Informasi Publik Bulan Februari 2018"
https://www.kemenpar.go.id/post/laporan-pelayanan-informasi-publik-bulan-januari-2018," Kementerian Pariwisata RI | Laporan Pelayanan Informasi Publik Bulan Januari 2018 ","Laporan Pelayanan Informasi Publik Bulan Januari 2018"
https://www.kemenpar.go.id/post/laporan-tahunan-pelayanan-informasi-publik-2019," Kementerian Pariwisata RI | Laporan Tahunan Pelayanan Informasi Publik 2019 ","Laporan Tahunan Pelayanan Informasi Publik 2019 Download "
https://www.kemenpar.go.id/post/laporan-tahunan-pelayanan-informasi-publik-2018," Kementerian Pariwisata RI | Laporan Tahunan Pelayanan Informasi Publik 2018 ","Laporan Tahunan Pelayanan Informasi Publik 2018"
https://www.kemenpar.go.id/post/lakip-kemenpar," Kementerian Pariwisata RI | Lakip Kemenpar ","Lakip Kemenpar 2017 Lakip Kemenpar 2018 "
https://www.kemenpar.go.id/post/lakip-eselon-i-setmen," Kementerian Pariwisata RI | Lakip Eselon I (Setmen) ","Lakip Eselon I (Setmen) "
https://www.kemenpar.go.id/post/perencanaan-anggaran," Kementerian Pariwisata RI | Perencanaan Anggaran ","Perencanaan Anggaran "
https://www.kemenpar.go.id/post/laporan-realisasi-keuangan," Kementerian Pariwisata RI | Laporan Realisasi Keuangan ","Realisasi anggaran Per triwulan per jenis belanja Download "
https://www.kemenpar.go.id/post/laporan-keuangan-kemenpar," Kementerian Pariwisata RI | Laporan Keuangan Kemenpar ","Laporan Keuangan Kemenpar 1 (satu) tahun Download "
https://www.kemenpar.go.id/post/dana-alokasi-khusus," Kementerian Pariwisata RI | Dana Alokasi Khusus ","Dana Alokasi Khusus 1. PERMENPAR NOMOR 5 TTG DAK FISIK 2. DATA_RK_FINAL-20190318 3. PERMENP"
https://www.kemenpar.go.id/post/2-pengumuman-tentang-pelaksanaan-seleksi-cpns-di-lingkungan-kementerian-pariwisata," Kementerian Pariwisata RI | 2. Pengumuman Tentang Pelaksanaan Seleksi CPNS di Lingkungan Kementerian Pariwisata ","Pengumuman Tentang Pelaksanaan Seleksi CPNS di Lingkungan Kementerian Pariwisata "
https://www.kemenpar.go.id/post/indeks-pariwisata-indonesia-ipi-2018," Kementerian Pariwisata RI | Indeks Pariwisata Indonesia (IPI) 2018 ","Indeks Pariwisata Indonesia (IPI) 2018 Lampiran I Lampiran II Lampiran III Lampiran IV "
https://www.kemenpar.go.id/post/3-pengumuman-tentang-hasil-verifikasiseleksi-administrasi-penerimaan-cpns-kementerian-pariwisata," Kementerian Pariwisata RI | 3. Pengumuman tentang Hasil Verifikasi/Seleksi Administrasi Penerimaan CPNS Kementerian Pariwisata ","Pengumuman tentang Hasil Verifikasi/Seleksi Administrasi Penerimaan CPNS Kementerian Pariwisata "
https://www.kemenpar.go.id/post/informasi-umum-yang-berkaitan-dengan-kementerian-pariwisata," Kementerian Pariwisata RI | Informasi Umum Yang Berkaitan Dengan Kementerian Pariwisata ","1.&nbsp;Struktur Organisasi 2. Gambaran Umum Organisasi 3.&nbsp;Tugas dan Fungsi 4.&nbsp;Vi"
https://www.kemenpar.go.id/post/statistik-kepegawaian-2019," Kementerian Pariwisata RI | Statistik Kepegawaian 2019 ","Statistik Kepegawaian 2019"
https://www.kemenpar.go.id/post/banyuwangi-ethno-carnival," Kementerian Pariwisata RI | Banyuwangi Ethno Carnival "," Banyuwangi Ethno Carnival "
https://www.kemenpar.go.id/post/festival-pesona-jati-gede," Kementerian Pariwisata RI | Festival Pesona Jati Gede "," Festival Pesona Jati Gede "
https://www.kemenpar.go.id/post/sales-mission-pada-pameran-foto-di-melbourne-2018," Kementerian Pariwisata RI | Sales Mission pada Pameran Foto di Melbourne 2018 "," Sales Mission pada Pameran Foto di Melbourne 2018 "
https://www.kemenpar.go.id/post/sales-mission-adventure-tourism-dan-photography-exhibition-di-melbourne," Kementerian Pariwisata RI | Sales Mission Adventure Tourism dan Photography Exhibition di Melbourne "," Sales Mission Adventure Tourism dan Photography Exhibition di Melbourne "
https://www.kemenpar.go.id/post/sales-mission-bali-di-wilayah-australia-dan-selandia-baru-2018," Kementerian Pariwisata RI | Sales Mission Bali di Wilayah Australia dan Selandia Baru 2018 "," Sales Mission Bali di Wilayah Australia dan Selandia Baru 2018 "
https://www.kemenpar.go.id/post/pernyataan-awal-holding-statement," Kementerian Pariwisata RI | Pernyataan Awal (Holding Statement) ","Pernyataan Awal (Holding Statement)1. Lampiran2. Lampiran"
https://www.kemenpar.go.id/post/buku-pedoman-jadwal-retensi-arsip-di-lingkungan-kementerian-pariwisata," Kementerian Pariwisata RI | Buku Pedoman Jadwal Retensi Arsip Di Lingkungan Kementerian Pariwisata ","Berisi tentang jangka waktu penyimpanan atau retensi arsip fasilitatif dan substantif, jenis arsip, "
https://www.kemenpar.go.id/post/buku-petunjuk-pelaksanaan-juklak-sistem-klasifikasi-keamanan-dan-akses-arsip-dinamis-kementerian-pariwisata," Kementerian Pariwisata RI | Buku Petunjuk Pelaksanaan (Juklak) Sistem Klasifikasi Keamanan dan Akses Arsip Dinamis Kementerian Pariwisata ","Berisi tentang petunjuk klasifikasi keamanan akses arsip dinamis, yaitu ketentuan tentang arsip yang"
https://www.kemenpar.go.id/post/buku-petunjuk-pelaksanaan-juklak-tata-kearsipan-kementerian-pariwisata," Kementerian Pariwisata RI | Buku Petunjuk Pelaksanaan (Juklak) Tata Kearsipan Kementerian Pariwisata ","Berisi tentang petunjuk pelaksanaan pengelolaan tata arsip dinamis dilingkungan Kementerian Pariwisa"
https://www.kemenpar.go.id/post/buku-saku-manajemen-krisis-kepariwisataan," Kementerian Pariwisata RI | Buku Saku Manajemen Krisis Kepariwisataan ","Panduan ringkas pelaksanaan Manajemen Krisis Kepariwisataan Download "
https://www.kemenpar.go.id/post/buku-panduan-manajemen-krisis-kepariwisataan," Kementerian Pariwisata RI | Buku Panduan Manajemen Krisis Kepariwisataan ","Panduan pelaksanaan Manajemen Krisis Kepariwisataan Download "
https://www.kemenpar.go.id/post/sales-mission-diving-hongkong," Kementerian Pariwisata RI | Sales Mission Diving Hongkong ","Sales Mission Diving Hongkong "
https://www.kemenpar.go.id/post/tata-cara-praktik-kerja-lapangan-magang-di-lingkungan-kementerian-pariwisata," Kementerian Pariwisata RI | Tata cara Praktik Kerja Lapangan/ Magang di lingkungan Kementerian Pariwisata "," Tata cara Praktik Kerja Lapangan/ Magang di lingkungan Kementerian Pariwisata "
https://www.kemenpar.go.id/post/data-statistik-informasi-khusus," Kementerian Pariwisata RI | Data statistik (informasi khusus) "," Data statistik (informasi khusus) "
https://www.kemenpar.go.id/post/asean-tourism-forum-atf," Kementerian Pariwisata RI | ASEAN Tourism Forum (ATF) ","ASEAN Tourism Forum (ATF) "
https://www.kemenpar.go.id/post/sop-pengelolaan-krisis-kepariwisataan," Kementerian Pariwisata RI | SOP Pengelolaan Krisis Kepariwisataan ","SOP Pengelolaan Krisis Kepariwisataan &nbsp; &nbsp; &nbsp; "
https://www.kemenpar.go.id/post/pedoman-pengembangan-wisata-sejarah-dan-warisan-budaya," Kementerian Pariwisata RI | Pedoman Pengembangan Wisata Sejarah dan Warisan Budaya "," Pedoman Pengembangan Wisata Sejarah dan Warisan Budaya "
https://www.kemenpar.go.id/post/dokumen-tender-sesmen-i," Kementerian Pariwisata RI | Dokumen Tender Sesmen I ","Dokumen Tender Sesmen I "
https://www.kemenpar.go.id/post/dokumen-tender-sesmen-ii," Kementerian Pariwisata RI | Dokumen Tender Sesmen II ","Dokumen Tender Sesmen II "
https://www.kemenpar.go.id/post/dokumen-tender-sesmen-iii," Kementerian Pariwisata RI | Dokumen Tender Sesmen III ","Dokumen Tender Sesmen III "
https://www.kemenpar.go.id/post/laporan-harta-kekayaan-pejabat-negara-pimpinan-badan-publik-yang-telah-diverifikasi-oleh-kpk-tahun-terakhir," Kementerian Pariwisata RI | Laporan Harta Kekayaan Pejabat Negara Pimpinan Badan Publik yang telah diverifikasi oleh KPK ( Tahun Terakhir ) ","Laporan Harta Kekayaan Pejabat Negara Pimpinan Badan Publik yang telah diverifikasi oleh KPK ( Tahun"
https://www.kemenpar.go.id/post/2-informasi-dikecualikan," Kementerian Pariwisata RI | 2. Informasi Dikecualikan "," A. Daftar Informasi Dikecualikan Sekretaris Kementerian Keterangan 1"
https://www.kemenpar.go.id/post/siaran-pers-kemenpar-uji-kompetensi-120-tenaga-kerja-kepariwisataan-di-labuan-bajo," Kementerian Pariwisata RI | Siaran Pers : Kemenpar Uji Kompetensi 120 Tenaga Kerja Kepariwisataan di Labuan Bajo ","SIARAN PERS KEMENTERIAN PARIWISATA Kemenpar Uji Kompetensi 120 Tenaga Kerja Kepariwisataan di La"
