https://visitingjogja.com/12781/kopi-klotok-pakem-2/,"Warung Kopi Klotok, Tempat Makanan tradisional dan Rumahan","Warung kopi klotok yang beralamatkan di Jalan Kaliurang KM 16, Pakem, Sleman menjual makanan tradisional dan rumahan lainnya yang biasa para ibu masak.",kuliner
https://visitingjogja.com/12762/warung-kopi-merapi/,warung Kopi Merapi dan Konsep Tradisonal yang Diusung,"Di Warung Kopi Merapi, pengunjung dapat menikmati seduhan biji kopi yang ditanam langsung di tanah vulkanik lereng Gunung Merapi. Ada dua pilihan jenis kopi yang ditawarkan yaitu kopi robusta dan kopi arabica. Untuk menu makanan pendampingnya, warung ini hanya menyediakan aneka gorengan dan",kuliner
https://visitingjogja.com/7091/ingin-cari-makanan-sehat-di-yogyakarta-datangi-lima-rekomendasi-tempat-berikut-ini/,Ingin Cari Makanan Sehat di Yogyakarta? Datangi Lima Rekomendasi Tempat Berikut Ini,"Seiring dengan meningkatnya kesadaran gaya hidup sehat, pola makan sehat pun semakin populer. Berikut rekomendasi tempat makan makanan sehat di Yogyakarta:",kuliner
https://visitingjogja.com/12835/oseng-oseng-mercon-bu-narti/,Oseng-oseng Mercon Bu Narti - Dinas Pariwisata Daerah Istimewa Yogyakarta,"Dari deretan warung oseng mercon, ada salah satu warung tenda yang merupakan pelopor munculnya makanan pedas ini, yaitu Warung Oseng-oseng Mercon Bu Narti. Lokasi : Jl. KH. Akhmad Dahlan, Gang Purwodiningratan Yogyakarta. (depan eks kantor PP Muhammadiyah) buka jam 17.00 - 22.00 WIB.",kuliner
https://www.water-sport-bali.com/wisata-kuliner/restoran/,Restoran Di Bali - Hal Yang Perlu Diketahui Tentang Restoran di Bali,"Saat liburan di Bali ingin wisata kuliner standar restoran? Lihat disini, daftar restoran di Bali! Restaurant yang menawarkan harga makanan murah dan mewah.",kuliner
https://www.water-sport-bali.com/tag/makanan-halal/,"Makanan Halal Di Bali - Panduan Tempat Makan Halal, Enak & Murah","Anda mencari tempat makan halal di Bali? Lihat disini, kumpulan artikel tempat makan, warung makan, restoran menyajikan makanan halal, enak dan murah.",kuliner
https://www.water-sport-bali.com/bebek-tepi-sawah/,Bebek Tepi Sawah Restoran Di Ubud - Peta Lokasi & Harga Makanan,"Ingin mencoba wisata kuliner khas Ubud Bali, menu bebek goreng crispy? Coba di Bebek Tepi Sawah Restoran Ubud. Peta lokasi harga makanan.",kuliner
https://www.water-sport-bali.com/swept-away-at-the-samaya/,Swept Away At The Samaya - Restoran Mewah & Romantis Di Ubud Bali,"Ingin romantic dinner dengan pemandangan sungai Ayung Ubud, coba di restoran Swept Away At The Samaya Ubud. Pilihan menu makanan western.",kuliner
https://www.water-sport-bali.com/dewi-sinta-restaurant-tanah-lot/,Dewi Sinta Restaurant Tanah Lot - Harga & Menu Restoran,Ingin wisata kuliner menu makanan khas Bali sambil melihat pemandangan sunset di Tanah Lot? Kunjungi Dewi Sinta Restaurant Tanah Lot.,kuliner
https://www.water-sport-bali.com/giorgio-italian-restaurant-bali/,"Giorgio Italian Restaurant Bali, Wisata Kuliner Di Tanjung Benoa",Ingin tahu rasa makanan Italia yang asli? Coba di Giorgio Italian Restaurant Bali. Restoran Italia otentik murni bertaraf internasional.,kuliner
https://www.water-sport-bali.com/wisata-kuliner/restoran/page/2/,Restoran Di Bali - Hal Yang Perlu Diketahui Tentang Restoran di Bali | Laman 2 dari 4,"Saat liburan di Bali ingin wisata kuliner standar restoran? Lihat disini, daftar restoran di Bali! Restaurant yang menawarkan harga makanan murah dan mewah. | Laman 2 dari 4",kuliner
https://www.water-sport-bali.com/10-tempat-sarapan-pagi-halal-di-bali/,"10 Tempat Sarapan Pagi Halal Di Bali, Harga Murah & Kuliner Indonesia","Daftar 10 tempat sarapan pagi halal di Bali untuk wisata kuliner, tempat sarapan menyediakan menu makanan selera orang Indonesia harga murah.",kuliner
https://www.water-sport-bali.com/nasi-campur-men-weti/,"Nasi Campur Men Weti - Menu, Harga Makanan & Lokasi",Ingin wisata kuliner menu nasi campur khas Bali? Silakan coba di warung nasi campur Men Weti! Lokasinya berdekatan dengan pantai Sanur Bali.,kuliner
https://www.water-sport-bali.com/kayu-cafe-gili-trawangan/,Kayu Cafe Gili Trawangan Restoran Menu Makanan Organik,"Anda ingin makanan organik saat liburan di Gili Lombok? Kunjungi Kayu Cafe Gili Trawangan Restoran, buka untuk breakfast, lunch dinner.",kuliner
https://www.water-sport-bali.com/nasi-pedas-bu-andika/,"Nasi Pedas Bu Andika Kuta - Peta Lokasi, Menu Halal, Harga Makanan","Apakah anda sedang mencari tempat makan halal, rasa pedas, harga makanan murah di sekitar Kuta Bali? Coba warung makan nasi pedas Bu Andika.",kuliner
https://www.water-sport-bali.com/tempat-makan-favorit-di-bali/,Tempat Makan Favorit Di Bali Yang Wajib Dikunjungi Wisatawan Indonesia,"Dimana tempat makan favorit di Bali harga murah, enak, untuk lidah orang Indonesia? Lihat disini daftarnya, peta lokasi, dan harga makanan.",kuliner
https://www.water-sport-bali.com/room-4-dessert-ubud/,Room 4 Dessert Ubud - Restoran Makanan Penutup Di Bali,Suka makanan dessert? Coba di Room 4 Dessert Ubud! Restoran terbaik di Bali untuk menu makanan penutup. Info lokasi dan harga menu restoran.,kuliner
https://www.water-sport-bali.com/melting-wok-warung-ubud/,Melting Wok Warung Ubud Bali | Wira Water Sport,"Ingin mencoba dessert cream caramel pudding terenak di Ubud, coba di Melting Wok Warung Ubud Bali. Makanan standar restoran harga warung.",kuliner
https://www.water-sport-bali.com/warung-osin/,Warung Osin Amed Bali Restaurants - Tempat Makan Di Bali,"Warung Osin Amed Bali, pilihan tempat makan jika anda ingin makan di warung dengan harga makanan murah, porsi besar saat wisata di Amed.",kuliner
https://www.water-sport-bali.com/pearl-restaurant-bali/,"Pearl Restaurant Bali, Santapan Gastronomi Prancis - Harga Menu, Lokasi","Tempat makan di Legian terbaik adalah Pearl Restaurant Bali. Cara terbaik ke lokasi dengan peta, jam buka, harga makanan dan daya tarik.",kuliner
https://www.water-sport-bali.com/babi-guling-chandra/,Babi Guling Chandra - Tempat Makan Di Denpasar Bali,"Sedang mencari makanan khas Bali? Silakan dicoba warung makan babi guling Chandra Denpasar! Harga Rp 60.000/porsi, jam buka 07:00 - 22:00.",kuliner
https://www.water-sport-bali.com/warung-wardani/,Warung Wardani Kuta - Tempat Makan Halal Di Bali,Ingin mencoba makanan khas Bali yang halal saat berlibur di pulau dewata. Warung Wardani Kuta salah satu tempat makan halal di Bali yang terkenal.,kuliner
https://www.water-sport-bali.com/babi-guling-dobil-nusa-dua/,Babi Guling Dobil Nusa Dua Bali - Harga Makanan & Peta Lokasi,"Sedang liburan di Nusa Dua, dan ingin mencoba makanan khas Bali? Coba di warung babi guling Dobil Nusa Dua, harga murah hanya 45 ribu/porsi.",kuliner
https://www.water-sport-bali.com/resto-apung-kintamani/,Resto Apung Kintamani Bali - Tempat Makan Di Tengah Danau Batur,"Makan di tengah danau, sambil menikmati pemandangan pegunungan. Resto Apung Kintamani Bali tempatnya. Dapatkan alamat, harga makanan, peta lokasi.",kuliner
https://www.water-sport-bali.com/east-lobby-lounge-conrad-bali/,East Lobby Lounge Conrad Bali - Tanjung Benoa Restoran,Ingin menikmati hidangan makanan dan minuman di salah satu restoran di Tanjung Benoa? East Lobby Lounge Conrad Bali mungkin dapat anda coba!,kuliner
https://www.water-sport-bali.com/paon-beach-club-bali/,Paon Beach Club Bali - Restoran Menu Makanan Indonesia,"Paon Beach Club Bali / Paon Doeloe Restaurant, restoran di Tanjung Benoa menyajikan menu makanan Indonesia sesuai lidah wisatawan domestik.",kuliner
https://www.water-sport-bali.com/bali-cardamon-tanjung-benoa/,Bali Cardamon Tanjung Benoa Restoran Menu Indonesia,Ingin makanan Indonesia saat wisata di Tanjung Benoa Bali? Coba Bali Cardamon Tanjung Benoa Restoran. Harga per porsi Rp 50.000 - Rp 285.000,kuliner
https://www.water-sport-bali.com/bambu-restaurant-bali-seminyak/,Bambu Restaurant Bali Seminyak - Menu Makanan Kuliner Indonesia,"Bambu Restaurant Bali Seminyak, restoran menu makanan Indonesia. Enak dilidah, nyaman di mata, puas di hati, hanya mahal buat budget kuliner.",kuliner
https://www.water-sport-bali.com/meads-in-bali/,Meads In Bali - Tanjung Benoa Restaurant - Tempat Makan Di Bali,Meads In Bali tempat makan di Tanjung Benoa Bali. Memiliki hidangan utama makanan laut yang masih segar. Terletak di Jalan Pratama No. 99.,kuliner
https://www.water-sport-bali.com/warung-padang-kecag/,Warung Padang Kecag Candidasa - Kuliner Murah Di Karangasem Bali,Warung Padang Kecag restoran populer di objek wisata Candidasa. Harga makanan rata-rata untuk dua orang Rp 150.000 - Rp 200.000.,kuliner
https://www.nativeindonesia.com/wisata-kuliner-kampung-daun-bandung/,Wisata Kuliner Kampung Daun Bandung,"Kampung Daun Bandung bisa menjadi alternatif pilihan akhir pekan Anda. Suasana khas pedesaan Sunda, gemericik air terjun, ditambah makanan yang disajikan",kuliner
https://www.nativeindonesia.com/kiwari-farmers-bandung/,"Menikmati Kopi Di Kiwari Farmers Bandung, Bikin Betah!","Kiwari Farmers Bandung, tempat ngopi di Bandung - bayar kopi seikhlasnya! Cek info lokasi kiwari farmers, harga makanan/minuman, serta reviewnya disini",kuliner
https://www.nativeindonesia.com/seblak-bandung/,"Seblak Bandung, Olahan Makanan Sisa Yang Naik Kelas Jadi Makanan Utama","Seblak Bandung adalah makanan tradisional yang kini menjadi jajanan yang digemari berbagai kalangan. Bertekstur kenyal, Seblak memiliki rasa pedas menyegarkan.",kuliner
https://www.nativeindonesia.com/surabi-bandung/,"Surabi Bandung, Makanan Tradisional Indonesia Yang Populer Di Bandung","Surabi camilan tradisional yang ada di banyak daerah. Surabi Bandung menjadi populer, karena sukses dikreasikan dengan adaptasi toping sesuai selera anak muda.",kuliner
https://www.nativeindonesia.com/mie-aceh/,"Mie Aceh, Cita Rasa Multi Budaya Dalam Kuali Masak Nangroe","Mie Aceh adalah masakan mie pedas khas Aceh. Mie tebal dengan irisan daging sapi, kambing atau makanan laut disajikan dalam sup kari yang gurih dan pedas.",kuliner
https://www.nativeindonesia.com/pempek-palembang/,"Pempek Palembang, Makanan Legendaris Dari Era Kesultanan","Pempek Palembang memang makanan khas yang tidak bisa dipisahkan dari kota itu. Berbahan dasar ikan dan kanji, makanan ini melegenda dan jadi identitas Kota.",kuliner
https://www.nativeindonesia.com/sate-taichan/,"Sate Taichan, Makanan Baru Yang Merebut Hati Pencinta Kuliner",Sate taichan sempat sangat populer. Peminat sate ini terus meningkat hingga saat ini. Terbukti dari banyaknya kedai atau pedagang kaki lima yang menjual sate ini,kuliner
https://www.nativeindonesia.com/ayam-betutu/,"Ayam Betutu, Kuliner Bali Yang Telah Diakui Sebagai Warisan Budaya Tak Benda Nasional","Ayam betutu merupakan masakan khas dari Bali. Betutu adalah perbatasan antara Seni makanan barat dan Timur. Peralihan dari Manis Di Jawa, ke Pedas di Timur.",kuliner
https://www.nativeindonesia.com/kerak-telor/,"Kerak Telor, Makanan Kreasi Chef Pribumi Di Zaman Kolonial","Kerak telor, makanan khas Betawi yang sering juga disebut omelete nya orang Betawi. Kerak telor diidentikkan dengan perayaan kebudayaan suku Betawi di Jakarta.",kuliner
https://www.nativeindonesia.com/kuliner-bandung/,11 Wisata Kuliner Bandung Populer Yang Enak Dan Murah,"Sebagai pusat industri kreatif Indonesia, kuliner bandung terkenal akan ragam fariasinya. Berbagai menu makanan enak namun murah bisa ditemukan di kota Bandung.",kuliner
https://www.nativeindonesia.com/kuliner-malang/,11 Wisata Kuliner Malang Paling Populer Di Kalangan Traveler,Wisata Kuliner Malang sangat menarik untuk dinikmati. memadukan kelezatan makanan dengan keindahan alam malang. Membuat makan menjadi lebih dari sekedar kenyang.,kuliner
https://mytrip123.com/makanan-khas-purworejo/,Makanan Khas Purworejo Terbaru 2020 paling Enak,Makanan Khas Purworejo yang tidak boleh kamu lewatkan sedikit pun bila kamu berkunjung ke Purworejo. Mulai dari sate hingga oleh-oleh nikmat,kuliner
https://mytrip123.com/makanan-khas-madiun/,Makanan Khas Madiun Terbaru 2020 Paling Enak,"Makanan khas Madiun ini memiliki berbagai macam menu yang nikmati, mulai dari oleh-olehnya yang nikmat hingga minuman khas yang mengesankan",kuliner
https://mytrip123.com/tempat-makan-di-semarang/,Tempat Makan di Semarang Terbaru 2020 Paling Lezat dan Murah,berikut ini daftar tempat makan di semarang terbaru murah dan lezat yang sayang jika di lewatkan. Mulai dari makanan tradisional yang mempunyai citarasa khas,kuliner
https://mytrip123.com/makanan-khas-sukabumi/,Makanan Khas Sukabumi Terbaru 2020 Paling Enak,"Berikut daftar makanan khas sukabumi jawa barat yang paling enak rekomended untuk adan coba, mulai dari kuliner tradisional, minuman hingga makanan ringan",kuliner
https://mytrip123.com/makanan-khas-gresik/,Makanan Khas Gresik Terbaru 2020 Paling Enak,Makanan Khas Gresik menjadi sajian yanag harus kamu coba selama di gresik. Banyak beberapa menu yang bisa kamu santap nikmat,kuliner
https://mytrip123.com/makanan-khas-padang/,Makanan Khas Padang Terbaru 2020 Paling Enak,Berikut daftar makanan khas Padang yang paling enak dan harganya juga murah. Rekomended untuk anda coba ketika sedang berkunjung kesini,kuliner
https://mytrip123.com/makanan-khas-palembang/,Makanan Khas Palembang Terbaru 2020 Paling Enak,Berikut daftar makanan khas Palembang yang mempunyai cita rasa enak dan menggoda dengan harga yang murah tentunya.,kuliner
https://mytrip123.com/makanan-khas-jakarta/,Makanan Khas Jakarta Terbaru 2020 Paling Enak,Berikut rekomendasi makanan khas Jakarta yang paling enak dengan harga murah cocok untuk anda coba ketika sedang berlibiur ke kota ini,kuliner
https://mytrip123.com/makanan-khas-tasikmalaya/,Makanan Khas Tasikmalaya Terbaru 2020 Paling Enak,Berikut ini rekomendasi makanan khas Tasikmalaya Paling enak dan haranganya juga murah terjangkau. Cocok untuk anda coba ketika berkunjung ke kota ini,kuliner
https://mytrip123.com/makanan-khas-bogor/,Makanan Khas Bogor Terbaru 2020 Paling Enak,"Berikut daftar rekomendasi makanan khas bogor yang paling enak, Mulai dari kuliner tardisional, makanan ringan, minuman hingga oleh oleh",kuliner
https://mytrip123.com/makanan-khas-garut/,Makanan Khas Garut Terbaru 2020 Paling Enak,"Makanan khas Garut memang mempunyai cita rasa yang sangat berfariasi, Mulai dari mani, pedas hingga asam bisa anda coba.",kuliner
https://mytrip123.com/makanan-khas-tangerang/,Makanan Khas Tangerang Terbaru 2020 Paling Enak,Berikut daftar makanan khas Tangerang yang paling enak dan wajib anda coba. Mulai dari kuliner tradisional hingga minuman yang sangat enak,kuliner
https://mytrip123.com/makanan-khas-karawang/,Makanan Khas Karawang Terbaru 2020 Paling Enak,"Berikut daftar makanan khas karawang yang paling enak dan wajib anda coba, mulai dari makanan tradisional, minuman, camilan hingga oleh oleh",kuliner
https://mytrip123.com/makanan-khas-bali/,20 Makanan Khas Bali Terbaru Terbaru 2020 Paling Enak,Berikut rekomendasi makanan khas bali yang paling enak wajib anda coba dan tentunya ada yang halal. Ada juga review minuman khas yang tak kalah lezatnya,kuliner
https://mytrip123.com/makanan-khas-kebumen/,Makanan Khas Kebumen Terbaru 2020 Paling Enak,Berikut rekomendasi makanan khas kebumen yang paling enak dan rekomended untuk anda coba ketika berkunjung ke kota ini,kuliner
https://mytrip123.com/makanan-khas-magelang/,Makanan khas Magelang Terbaru 2020 Paling Enak,Berikut Rekomendasi makanan khas Magelang jawa tengah terbaru yang paling enak murah bisa anda coba ketika berlibur ke tempat ini,kuliner
https://mytrip123.com/makanan-khas-wonosobo/,Makanan Khas Wonosobo Dieng Jawa Tengah Terbaru 2020,"Makanan khas Wonosobo mulai dari carica, purwaceng, mie ongklok, tempe kemul dan sebagainya, wisata kuliner makanan khas Wonosobo",kuliner
https://mytrip123.com/makanan-khas-solo/,Makanan Khas Solo Terbaru 2020 Paling Enak,"Berikut rekomendasi makanan khas solo paling enak dan rekomended untuk anda coba, mulai dari kuliner tradisioanl, makanan ringan hingga minuman khas",kuliner
https://mytrip123.com/makanan-khas-kediri/,Makanan Khas Kediri Terbaru 2020 Paling Enak,Makanan Khas Kediri saat ini memang banyak apalagi yang terkenal adalah tahunya yang nikmat dan tidak boleh kamu lewatkan,kuliner
https://mytrip123.com/makanan-khas-jombang/,Makanan Khas Jombang Terbaru 2020 Paling Enak,Makanan khas jombang bisa kamu nikmati dengan berbagai macam pilihan. Mulai dari yang berat hingga yang ringa untuk oleh-oleh,kuliner
https://mytrip123.com/makanan-khas-sidoarjo/,Makanan Khas Sidoarjo Terbaru 2020 Paling Enak,"Makanan Khas Sidoarjo banyak yang enak-enak, kamu bisa membelinya dan dijadikan oleh-oleh untuk keluarga dirumah dengan rasa yang nikmat",kuliner
https://mytrip123.com/makanan-khas-jember/,Makanan Khas Jember Terbaru 2020 Paling Enak,"Makanan khas jember memang banyak dan memiliki cita rasa yang tinggi, sehingga kamu akan tergoda untuk datang dan mencicipinya",kuliner
https://mytrip123.com/makanan-khas-cirebon/,Makanan Khas Cirebon Terbaru 2020 Paling Enak,Berikut daftar makanan khas cirebon yang paling enak dan rekomended untuk anda coba. Harganya juga murah,kuliner
https://mytrip123.com/makanan-khas-pemalang/,Makanan Khas Pemalang Terbaru 2020 Paling Enak,Berikut rekomendasi makanan khas pemalang jawa tengah terbaru paling enak yang cocok untuk anda coba ketika berlibur ke kota ini,kuliner
https://mytrip123.com/makanan-khas-jogja-terbaru/,Makanan Khas Jogja Terbaru 2020 Yang Murah dan Lezat,Bagi anda yang melancong ke kota pelajar wajib hukumnya untuk mencoba makanan khas jogja terbaru dengan harga murah meriah. Dari makanan tradisional jogja hingga,kuliner
https://mytrip123.com/oleh-oleh-khas-semarang/,Oleh Oleh Khas Semarang Terbaru 2020 Makanan & Souvenir,"oleh oleh khas semarang memang terlalu sayang untuk tidak dibeli, mulai dari oleh-oleh khas semarang makanan dan selain makanan yang harus anda beli ketika",kuliner
https://mytrip123.com/makanan-khas-jepara/,Makanan Khas Jepara Terbaru 2020 Paling Enak,Berikut daftar makanan khas di Jepara jawa tengah terbaru yang paling enak dan sayang jika dilewatkan begitu saja.,kuliner
https://mytrip123.com/makanan-khas-cilacap/,Makanan Khas Cilacap Terbaru 2020 Paling Enak dan Rekomended,Berikut daftar makanan khas cilacap terbaru yang enak dan murah. Mulai dari makanan tradisional hingga minuman bisa anda coba disini,kuliner
https://mytrip123.com/makanan-khas-bojonegoro/,Makanan Khas Bojonegoro Terbaru 2020 Paling Enak,Berikut rekomendasi makanan khas bojonegoro yang paling enak dan cocok dijadikan untuk wisata kuliner tradisional,kuliner
https://mytrip123.com/makanan-khas-blitar/,Makanan Khas Blitar Terbaru 2020 Paling Enak,Berikut daftar makanan khas Blitar Jawa Timur terbaru paling enak dan rekomended untuk anda coba ketika berkunjung ke kota ini,kuliner
https://mytrip123.com/makanan-khas-tegal/,Makanan Khas Tegal Terbaru 2020 Paling Enak,Berikut daftar makanan khas tegal jawa tengah terbaru paling enak dan murah yang harus anda coba ketika liburan ke kota ini,kuliner
https://mytrip123.com/tempat-wisata-kuliner-di-semarang/,Tempat Wisata Kuliner di Semarang Terbaru 2020 Paling Enak,kali ini mytrip123 akan mengulas tempat wisata kuliner di semarang. Mulai dari makanan khas semarang hingga oleh oleh khas semarang yang sayang jika tidak,kuliner
https://mytrip123.com/makanan-khas-surabaya/,Makanan khas Surabaya Terbaru 2020 Paling Enak,"Makanan khas Surabaya memang ada banyak sekali. Mulai dari yang bercitarasa biasa hingga pedas sekali pun. maklum saja, kawasan ini terkenal dengan pedasnya",kuliner
https://mytrip123.com/makanan-khas-pekalongan/,Makanan khas Pekalongan Terbaru 2020 Paling Enak,Makanan khas pekalongan jawa tengah banyak terdiri dari kuliner tradisional. Selain itu harga dan rasanya juga tidak kalah menggoda untuk dicoba,kuliner
https://mytrip123.com/makanan-khas-bandung/,Makanan Khas Bandung Terbaru 2020 Paling Enak,Berikut rekomendasi makanan khas Bandung yang paling enak dan harganya terjangkau. Rekomended untuk anda coba ketika berkunjung ke kota ini,kuliner
https://mytrip123.com/makanan-khas-semarang/,Makanan Khas Semarang Terbaru 2020 Paling Enak,Berikut rekomendasi makanan khas Semarang Jawa Tengah terbaru paling enak dan murah. Cocok dicoba ketika anda berwisata kesini,kuliner
https://mytrip123.com/makanan-khas-klaten/,Makanan Khas Klaten Terbaru 2020 Paling Enak,Berikut daftar makanan khas klaten jawa tengah terbaru paling enak dan murah. Bisa anda coba ketika sedang berlibur ke kota ini,kuliner
https://mytrip123.com/makanan-khas-tulungagung/,Makanan Khas Tulunggagung Terbaru 2020 Paling Enak,"Makanan khas Tulungagung memang banyak dari yang modern hingga tradisional. Rasanya enak, nikmat, dan lezat yang buat lidah kamu bergoyang tanpa henti",kuliner
https://mytrip123.com/makanan-khas-banyuwangi/,Makanan Khas Banyuwangi Terbaru 2020 Paling Enak,"Makanan Khas Banyuwangi menjadi sajian lain yang tidak boleh kamu lewatkan, ada banyak menu makanan yang memiliki cita rasa tinggi",kuliner
https://eksotisjogja.com/makanan-khas-jogja-lezat-dan-legendaris/,20 Makanan Khas Jogja yang Legendaris dan Hits 2019 - Kuliner Yogyakarta,"Jogja merupakan pusat wisata di pulau jawa, selain itu juga terkenal kuliner yang sangat enak dan wajib anda cicipi saat berlibur ke jogja",kuliner
https://eksotisjogja.com/makanan-khas-jogja-lezat-dan-legendaris/amp/,20 Makanan Khas Jogja yang Legendaris dan Hits 2019 - Kuliner Yogyakarta,Mengunjungi suatu tempat belum lengkap rasanya jika belum menyempatkan mencicipi makanan yang menjadi ciri khas&hellip,kuliner
https://eksotisjogja.com/geblek-kulon-progo-yogyakarta/,Geblek Kulon Progo Yogyakarta - Eksotisjogja.com,"geblek adalah makanan khas dari Kabupaten Kulon Progo Provinsi Yogyakarta, bentuknya seperti rantai dan teman makannya adalah tempe bengok.",kuliner
https://anekatempatwisata.com/category/wisata-kuliner/,Kuliner Archives - Aneka Tempat Wisata,"Semua info kuliner makanan, minuman dan berbagai jajanan dari Aneka Tempat Wisata yang wajib dicoba selama wisata kuliner dan berlibur",kuliner
https://anekatempatwisata.com/paskal-food-market-tempat-asyik-untuk-kuliner-sekaligus-nongkrong/,"Paskal Food Market, Tempat Asyik Untuk Kuliner Sekaligus Nongkrong","Bingung mau makan atau nongkrong ke mana di Bandung? Ke Paskal Food Market aja, menu makanannya lengkap suasananya asik!",kuliner
https://pesona.travel/keajaiban/5604/kuliner-unik-siantar-burung-goreng-sate-dan-martabak,"Kuliner Unik Siantar, Burung Goreng, Sate dan Martabak - Pesona Indonesia","Makan siang di Siantar, wajib mencicipi hidangan burung goreng yang ada di rumah makan Beringin Indah. Rumah makan yang sudah berdiri sejak tahun 1984 ini sejak awal hanya menyajikan menu burung goreng dan soto ayam dengan cita rasa khas Melayu-Jawa.",kuliner
https://pesona.travel/keajaiban/4261/mencicipi-tape-ketan-cigugur-khas-cirebon,Mencicipi Tape Ketan Cigugur Khas Cirebon - Pesona Indonesia,Tape ketan Cigugur Cirebon memang berbeda dengan tape ketan biasanya. Tape ketan Cigugur seringkali menjadi makanan yang paling dicari ketika para wisatawan berkunjung ke Cirebon.,kuliner
https://pesona.travel/keajaiban/1068/tak-hanya-enak-rendang-lambang-keutuhan-suku-minangkabau,"Tak Hanya Enak, Rendang Lambang Keutuhan Suku Minangkabau - Pesona Indonesia","Masuk dalam daftar makanan terenak di dunia, Rendang memiliki kelezatan yang dapat membuat ketagihan. Masakan ini dihasilkan dari proses memasak berjam-jam, atau sekitar 4 jam hingga kering dan berwarna hitam pekat. Dalam suhu ruangan, rendang dapat bertahan",kuliner
https://pesona.travel/keajaiban/5804/berburu-hidang-ikan-patin-khas-melayu-riau,Berburu Hidang Ikan Patin Khas Melayu Riau - Pesona Indonesia,"Hidang, cara menyajikan semua menu makanan bersama-sama dalam piring-piring kecil. Gulai ikan patin disajikan bersama lauk lain, seperti ikan pantau, dendeng sapi cabai hijau, dan jenis lauk lainnya. Mirip penyajian pada masakan Minang.",kuliner
https://pesona.travel/keajaiban/5789/pizza-andaliman-makanan-italia-di-tanah-batak,"Pizza Andaliman, Makanan Italia di Tanah Batak - Pesona Indonesia","Kuliner hits di Balige, di tepian Danau Toba. Makanan dari negeri Menara Pisa ini diolah dengan cita rasa bumbu lokal khas tanah Batak, andaliman. Hal yang menarik pada pizza andaliman terletak di sausnya. Ada 3 jenis saus yang dihidangkan bersama pizza, ",kuliner
https://pesona.travel/keajaiban/5776/mie-aceh-terlezat-di-sini-tempatnya,"Mie Aceh Terlezat, di Sini Tempatnya! - Pesona Indonesia","Makan mie Aceh sekarang ini bisa di mana saja. Tapi jika ingin mencicipi rasanya yang otentik, datanglah ke kota asalnya!",kuliner
https://pesona.travel/keajaiban/5775/5-tempat-kuliner-khas-dan-hits-di-malang,5 Tempat Kuliner Khas dan Hits di Malang - Pesona Indonesia,"Wisata kuliner di Malang tak ada habisnya. Apalagi di zaman media sosial sekarang ini, restoran yang menyajikan makanan enak dan lezat lebih mudah didapat.",kuliner
https://pesona.travel/keajaiban/6055/tempat-makan-mangut-lele-paling-enak-di-yogyakarta,Tempat Makan Mangut Lele Paling Enak di Yogyakarta - Pesona Indonesia,"Tak hanya dikenal dengan hidangan yang manis-manis saja, Yogyakarta juga punya hidangan khas dengan cita rasa pedas menggigit, yaitu mangut lele. Berikut adalah tempat makan mangut lele paling enak di Yogyakarta.",kuliner
https://pesona.travel/keajaiban/6040/tengkleng-yu-tentrem-kuliner-rakyat-jelata-yang-naik-kelas-6040,"Tengkleng Yu Tentrem, Kuliner Rakyat Jelata yang Naik Kelas - Pesona Indonesia",Tengkleng Yu Tentrem menjadi laris sejak keluarga Cendana Penguasa Orde baru waktu itu memesannya. Sejak itulah Tengkleng Yu Tentrem menjadi favorit dan jujukan makan tengkleng orang dan beberapa pejabat yang sedang melakukan lawatan ke Solo.,kuliner
