https://visitingjogja.com/12579/goa-cerme/,"Gua Cerme, Wisata Religi Sekaligus Wisata Adrenalin","Gua Cerme terletak di perbatasan dusun Srunggo, desa Selopamioro, kecamatan Imogiri, kabupaten Bantul dengan dusun Ploso, desa Giritirto, kecamatan Panggang, kabupaten Gunungkidul, DI Yogyakarta",gua
https://visitingjogja.com/12784/goa-jepang-kaliurang/,Gua Jepang Kaliurang - Dinas Pariwisata Daerah Istimewa Yogyakarta,Gua Jepang yang berada di kawasan wisata Kaliurang ini merupakan salah satu gua buatan peninggalan pada masa penjajahan Jepang. Gua yang dibangun pada tahun 1942-1945 ini merupakan tempat perlindungan tentara Jepang dari para tentara sekutu pada masa itu.,gua
https://visitingjogja.com/12497/goa-jepang-pundong/,"Gua Jepang Pundong, Banyak Dilirik oleh Wisatawan","Lokasi Gua Jepang Pundong berjarak kurang lebih 25 km dari Kota Yogyakarta. Dari pusat kota ambil arah Jalan Parangtritis terus ke selatan sampai melewati jembatan Sungai Opak. Kira-kira 100 meter sesudah jembatan ada papan petunjuk Gua Jepang, lalu ambil kiri.",gua
https://visitingjogja.com/6997/mengenal-gua-gelatik-lorong-sewu-gua-tujuh-susun-di-gunungkidul/,"Mengenal Gua Gelatik Lorong Sewu, Gua Tujuh Susun di Gunungkidul - Dinas Pariwisata Daerah Istimewa Yogyakarta","Sebuah gua yang ditemukan warga Grogol II Desa Bejiharjo Kecamatan Karangmojo, Gunungkidul pada 2014 silam, belum bisa beroperasi secara maksimal untuk pariwisata. Gua yang tak jauh dari Gua Pindul tersebut adalah Gua Gelatik Lorong Sewu.",gua
https://visitingjogja.com/11797/goa-kalisuci/,Gua Kalisuci berada di kawasan Karst Gunungsewu,"Di Kalisuci, wisatawan akan diajak menyusuri sungai bawah tanah gua kalisuci menggunakan ban pelampung atau dikenal dengan cave tubing, yaitu perpaduan caving (susur gua) dan body rafting.",gua
https://www.nativeindonesia.com/goa-pindul/,"Gua Pindul, Petualangan Cave Tubing Yang Asyik Banget","Gua Pindul adalah wisata kekinian yang sudah banyak diketahui oleh banyak orang. Bahkan, pesonanya sudah terdengar di berbagai penjuru Nusantara, sampai ke",gua
https://eksotisjogja.com/wisata/goa,15 Spot Foto Keren di Gua Jomblang Jogja yang Lagi Hits 2017,Gua Jomblang merupakan salah satu Gua yang sangat terkenal di Gunungkidul. Gua ini bisa di bilang Gua yang unik dan juga salah satu wisata petualangan,gua
https://eksotisjogja.com/tag/goa/,10 Tempat Wisata Gua di Jogja Terlengkap Wajib Dikunjungi - Eksotisjogja.com,Mengulas Kumpulan Objek Wisata Gua di Jogja Terlengkap dan Menyajikan informasi yang lengkap dan akurat mengenai Gua di Jogja,gua
https://eksotisjogja.com/goa-kiskendo-kulon-progo/,Menyusuri Keindahan Gua Kiskendo Kulon Progo - Eksotisjogja.com,"gua kiskendo adalah gua yang terletak di kuon progo yogyakarta, keindahan gua ini adalah terdapatnya relief yang berceritakan pewayangan sugriwo subali",gua
https://eksotisjogja.com/goa-selarong-bagian-kisah-perjuangan-diponegoro/,"Gua Selarong Bantul, Bagian Kisah Perjuangan Diponegoro yan Haru","Pangeran Diponegoro adalah salah satu pahlawan nasional Indonesia, pada saat itu Pangeran Diponegoro merupakan musuh yang sangat ditakuti oleh Belanda.",gua
https://eksotisjogja.com/pesona-wisata-dan-sejarah-goa-cerme/,"Gua Cerme Bantul, Takjub! Keindahan Gua yang Berbalut Mistis","Gua Cerme adalah salah satu wisata sejarah yang ada di Bantul, Yogyakarta. Dulunya dipakai para Wali Songo untuk tepat berdakwah, selain karena pesona alam",gua
https://eksotisjogja.com/eksotisme-goa-gajah-mangunan-yogyakarta/,"Eksotisme Gua Gajah Mangunan, Yogyakarta",Gua Gajah merupakan sebuah gua alami yang didalamnya terdapat sebuah gumpalan batu yang berbentuk menyerupai gajah sehingga gua ini diberi nama Gua Gajah.,gua
https://eksotisjogja.com/berwisata-sejarah-goa-sriti-kulon-progo/,Indah dan Eksotisnya Wisata Sejarah Gua Sriti Kulon Progo - Eksotisjogja.com,"gua sriti adalah salah satu wisata sejarah yang teletak di Samigaluh Kulon Progo, gua sriti adalah tempat persembunyian pangerang diponegoro melawan belanda",gua
https://eksotisjogja.com/objek-wisata-goa-pindul/,15 Wisata Sekitar Gua Pindul Gunungkidul yang Lagi Hits 2017 - Goa pindul Jogja,"Gua pindul jogja ini sudah di kenal hingga penjuru dunia, mengapa tidak, jika pada musim liburan, objek wisata yang terlatak di desa Bejiharjo pasti selalu ramai di serbu oleh para pengunjung dari dalam ataupun luar kota yogyakarta.",gua
https://pesona.travel/keajaiban/3285/berburu-air-suci-di-bromo-tengger-semeru,Berburu Air Suci di Bromo Tengger Semeru - Pesona Indonesia,"Air suci dari Gua Widodaren bukan sembarang air, melainkan air yang dipercaya memiliki khasiat membawa berkah. Sesuai kepercayaan, air di gua ini mampu melancarkan rezeki, jodoh, karir, dan sebagainya. Air ini termasuk air suci yang dipercaya oleh Suku Tengger",gua
