https://visitingjogja.com/8338/pantai-krakal-keindahan-akan-proses-alam/,"Pantai Krakal, Keindahan Akan Proses Alam - Dinas Pariwisata Daerah Istimewa Yogyakarta","Pantai krakal terbentang di ujung dari rangkaian pantai di sisi tenggara Gunungkidul, diantaranya Baron dan Kukup. Tepatnya di desa Ngestirejo, kecamatan Tanjungsari. Letaknya sekitar 38 km dari kota Jogja, dapat ditempuh antara dua sampai tiga jam. Dari Wonosari, ibukota Gunungkidul, hanya berjarak 21 km.",pantai
https://visitingjogja.com/8335/pantai-sadranan-snorkeling-seru-di-pinggir-pantai/,"Pantai Sadranan, Snorkeling Seru di Pinggir Pantai - Dinas Pariwisata Daerah Istimewa Yogyakarta","Pantai sadranan terletak di kecamatan Tepus atau bersebelahan dengan pantai Sundak. Istimewanya, di pantai ini pengunjung tidak hanya di suguhkan dengan panorama alam pantai yang masih bersih dan sejuk. Di sini juga terdapat wahana baru bagi mereka yang tertantang dengan petualangan khas dari pantai ini.",pantai
https://visitingjogja.com/8335/pantai-sadranan-snorkeling-seru-di-pinggir-pantai/,"Pantai Sadranan, Snorkeling Seru di Pinggir Pantai - Dinas Pariwisata Daerah Istimewa Yogyakarta","Pantai sadranan terletak di kecamatan Tepus atau bersebelahan dengan pantai Sundak. Istimewanya, di pantai ini pengunjung tidak hanya di suguhkan dengan panorama alam pantai yang masih bersih dan sejuk. Di sini juga terdapat wahana baru bagi mereka yang tertantang dengan petualangan khas dari pantai ini.",pantai
https://visitingjogja.com/8332/pantai-pok-tunggal/,Pantai Pok Tunggal dengan Ciri Pohon Besarnya yang Kokoh,"Salah satu pantai yang indah dan menjadi wisata baru yaitu Pantai Pok Tunggal, Tepus Gunungkidul. Pemberian nama Pok Tunggal adalah pemberian warga setempat dikarenakan di area pantai ini terdapat sebuah pohon besar yang kini masih kokoh berdiri. Pohon inilah yang menjadi ciri khas dan menjadi keunikan tersendiri.",pantai
https://visitingjogja.com/8326/pantai-sepanjang-keindahan-pasir-putih-yang-menggoda/,"Pantai Sepanjang, Menyuguhkan Keindahan saat Surut",Pantai Sepanjang sesuai dengan namanya memiliki garis pantai yang terpanjang di antara pantai-pantai di daerah Gunungkidul. Hamparan luas pasir putih yang memanjang dari sisi barat ke timur yang di batasi dengan perbukitan batu karang yang kokoh tegak berdiri. Pantai yang segaris dengan Sundak - Kukup - Baron,pantai
https://visitingjogja.com/6987/menikmati-keindahan-alam-pantai-ngobaran-sekaligus-berwisata-sejarah-dan-budaya/,Menikmati Pantai Ngobaran Sekaligus Berwisata Sejarah dan Budaya,"Di pantai yang berada di Desa Kanigoro, Kecamatan Saptosari, Kabupaten Gunungkidul, Daerah Istimewa Yogyakarta, wisata budaya dan sejarah juga bisa pengunjung dapatkan.",pantai
https://www.water-sport-bali.com/10-pantai-terindah-di-bali/,10 Pantai Terindah Di Bali & Terbaik Untuk Dikunjungi,"Ingin tahu daftar 10 pantai terindah di Bali dengan pasir putih bersih, pemandangan sunset, populer dan layak dikunjungi? Lihat disini!",pantai
https://www.water-sport-bali.com/pantai-pandawa/,Pantai Pandawa Bali - Peta Lokasi & Harga Tiket Masuk Terbaru 2020,"Pantai Pandawa Kutuh, pantai pasir putih favorit wisatawan domestik saat liburan di Bali. Cari tahu peta lokasi, harga tiket masuk terbaru.",pantai
https://www.water-sport-bali.com/pantai-pantai-bali/,"Pantai Pantai Bali Terkenal, Peta Lokasi & Harga Tiket Masuk 2020","Anda merencanakan liburan ke Bali, tertarik mengunjungi pantai pantai Bali terkenal? Lihat disini daftarnya! Disertai peta lokasi biaya tiket masuk.",pantai
https://www.water-sport-bali.com/pantai-sanur/,"Pantai Sanur Bali - Daya Tarik, Aktivitas Liburan Seru & Peta Lokasi","Anda ingin liburan ke objek wisata pantai Sanur Bali? Jika iya, cari tahu disini! Harga tiket masuk, daya tarik, lokasi dan aktivitas liburan.",pantai
https://www.water-sport-bali.com/pantai-tanjung-benoa-bali/,Pantai Tanjung Benoa Bali - Surga Olahraga Air Di Pulau Dewata,"Dapatkan informasi pantai Tanjung Benoa Bali, tempat surga olahraga air. Letak dan cara terbaik memesan Tanjung Benoa watersport.",pantai
https://www.water-sport-bali.com/pantai-labuhan-amuk/,Pantai Labuhan Amuk - Keindahan Tersembunyi Bali Timur,"Ingin melihat keindahan pantai, panorama alam bawah laut Bali timur? Kunjungi pantai Labuhan Amuk! Dapatkan info peta lokasi daya tarik.",pantai
https://www.water-sport-bali.com/pantai-kuta/,Pantai Kuta Bali - Semua Hal Yang Perlu Anda Tahu Sebelum Berkunjung,"Ingin liburan ke pantai Kuta Bali? Cari tahu disini! Daya tarik untuk tempat liburan, aktivitas wisatawan, peta lokasi sarana transportasi.",pantai
https://www.water-sport-bali.com/pantai-nusa-dua/,Pantai Nusa Dua Bali - Pantai Terbersih Di Bali & Gratis Tiket Masuk,"Ingin liburan dengan anak di Bali sambil mengunjungi pantai pasir putih? Jika iya, pantai Nusa Dua Bali yang paling cocok untuk liburan anak.",pantai
https://www.water-sport-bali.com/wisata-pantai-bali/,Wisata Pantai Bali - Daftar 7 Pantai Indah Yang Masih Sepi Wisatawan,"Ingin tahu 7 obyek wisata pantai Bali yang masih sepi dengan kujungan wisatawan? Lihat disini, nama pantai disertai peta lokasi.",pantai
https://www.water-sport-bali.com/pantai-kayu-putih-bali/,"Pantai Kayu Putih Bali, Jembatan Kayu Spot Foto Instagramable Canggu","Ingin melihat jembatan kayu di atas laguna terhubung dengan pantai? Kunjungi pantai Kayu Putih Bali, lokasi di objek wisata Tibubeneng Canggu.",pantai
https://www.water-sport-bali.com/pantai-kelingking-nusa-penida/,Pantai Kelingking Nusa Penida - Hal Perlu Anda Tahu Sebelum Berkunjung,"Ingin liburan ke pantai Kelingking Nusa Penida? Sebelum berkunjung, ada baiknya membaca panduan wisata ke bukit Kelingking agar ada persiapan",pantai
https://www.water-sport-bali.com/pantai-tegal-wangi-jimbaran/,Pantai Tegal Wangi Jimbaran - Hal Perlu Anda Tahu Sebelum Berkunjung,"Anda ingin liburan ke pantai Tegal Wangi Jimbaran Bali? Lihat disini, panduan informasi mengenai objek wisata pantai Tegal Wangi Jimbaran.",pantai
https://www.water-sport-bali.com/karma-beach-bali/,"Karma Beach Bali - Pantai Private, Indah, & Harga Tiket Masuk Terbaru","Kunjungi Karma Beach Bali Ungasan, jika ingin liburan ke pantai tersembunyi, bersih, pasir putih, tersedia beach club standar bintang lima.",pantai
https://www.water-sport-bali.com/pantai-bali/page/2/,Pantai Bali Yang Bagus & Indah Favorit Wisatawan Indonesia Saat Liburan | Laman 2 dari 5,"Wisata ke Bali identik dengan liburan ke pantai. Bagaimana dengan anda! Apakah anda juga ingin mengunjungi objek wisata pantai yang ada di Bali? Lihat disini, daftar nama, peta lokasi pantai Bali bagus, indah dan menarik dikunjungi yang menjadi favorit wisman, serta wisatawan domestik saat liburan di pulau Bali | Laman 2 dari 5",pantai
https://www.water-sport-bali.com/tempat-nongkrong-pinggir-pantai-kelan/,Tempat Nongkrong Pinggir Pantai Kelan Tuban - Cafe Romantis Di Bali,"Mencari tempat nongkrong pinggir pantai Kelan Bali? Lihat disini! Semua tempat nongkrong berada di pinggir pantai, dengan pemandangan sunset.",pantai
https://www.water-sport-bali.com/cocoon-beach-club-bali/,Cocoon Beach Club Bali - Restoran Mewah & Terkenal Di Seminyak,"Kunjungi Cocoon Beach Club Bali, jika ingin bersantai di sundeck, menikmati cocktail, pemandangan kolam infinity, berlatar belakang pantai.",pantai
https://www.water-sport-bali.com/pantai-di-bali-cocok-untuk-anak/,"Pantai Di Bali Cocok Untuk Anak & Liburan Keluarga, 10 Terbaik","Lihat disini daftar 10 objek wisata pantai di Bali cocok untuk anak dan liburan keluarga, pantai pasir putih, dan bagus untuk berenang.",pantai
https://www.water-sport-bali.com/pearl-beach-lounge-gili-trawangan/,Pearl Beach Lounge Gili Trawangan - Wisata Kuliner Lombok,Liburan di GIli Lombok dan ingin mencicipi hidangan internasional di tepi pantai? Silakan coba restoran Pearl Beach Lounge Gili Trawangan.,pantai
https://www.water-sport-bali.com/pantai-jimbaran/,"Pantai Jimbaran Bali - Pasir Putih, Keindahan Sunset & Seafood Bakar","Anda ingin mengunjungi pantai Jimbaran saat liburan di Bali? Lihat disini! Peta lokasi, sejarah singkat, daya tarik aktivitas di pantai.",pantai
https://www.water-sport-bali.com/pantai-pasir-putih/,Pantai Pasir Putih Di Bali - Virgin Beach Perasi Karangasem,"Virgin Beach Perasi Karangasem, pantai pasir putih tersembunyi di Bali. Lihat disini, peta lokasi, daya tarik harga tiket masuk terbaru.",pantai
https://www.water-sport-bali.com/pantai-dreamland/,"Pantai Dreamland / New Kuta Beach - Daya Tarik, Lokasi & Tiket Masuk","Ingin liburan ke pantai Dreamland Bali aka New Kuta Beach? Cari tahu! Daya tarik, lokasi, tiket masuk, pilihan transportasi objek searah.",pantai
https://www.water-sport-bali.com/pantai-tersembunyi-di-bali/,Pantai Tersembunyi Di Bali Selatan - Daftar Nama & Lokasi,Daftar nama dan peta lokasi pantai tersembunyi di Bali selatan. Hanya pantai dengan pasir putih dengan pemandangan indah di daftar ini.,pantai
https://www.water-sport-bali.com/pantai-suluban/,Pantai Suluban Uluwatu - Semua Hal Perlu Anda Tahu Sebelum Liburan,"Mencari destinasi wisata pantai terbaik di Bali selatan, pemandangan sunset, batu karang? Pantai Suluban Uluwatu Bali wajib anda kunjungi.",pantai
https://www.water-sport-bali.com/pantai-balangan/,"Pantai Balangan Bali - Lokasi, Pilihan Transportasi & Daya Tarik","Pantai Balangan Bali, pantai pasir putih bersih yang banyak mendapatkan kunjungan wisatawan. Dapatkan informasi, petunjuk lokasi dengan peta.",pantai
https://www.water-sport-bali.com/pantai-legian/,"Pantai Legian Bali - Daya Tarik, Peta Lokasi & Panduan Liburan Anda","Pantai Legian Bali menawarkan wisata pantai pasir putih bersih, pemandangan sunset dan ombak yang cocok untuk aktivitas selancar.",pantai
https://www.water-sport-bali.com/pantai-padang-padang/,Pantai Padang Padang Bali - Lokasi Syuting Film Eat Pray Love,"Pantai Padang Padang Bali, lokasi syuting film Hollywood Eat Pray Love, dibintangi Julia Roberts, menawarkan pasir putih, ombak tenang. Lihat disini! Daya tarik, alamat peta lokasi, pilihan transportasi, harga tiket masuk, aktivitas wisatawan, hotel terdekat, objek wisata dekat lokasi pantai.",pantai
https://www.water-sport-bali.com/pantai-tempat-bule-memakai-bikini-di-bali/,Pantai Tempat Bule Memakai Bikini Di Bali Favorit Wisatawan Asing,"Ingin tahu pantai tempat bule memakai bikini di Bali? Lihat disini nama pantai, petunjuk arah lokasi dan foto-foto wisatawan asing berjemur.",pantai
https://www.water-sport-bali.com/pantai-echo-beach-canggu/,"Pantai Echo Beach Canggu - Daya Tarik, Alamat, Perjalanan Ke Lokasi","Ingin liburan ke pantai Echo beach Canggu Bali? Cari disini, daya tarik, alamat, pilihan transportasi, biaya tiket masuk, parkir kendaraan.",pantai
https://www.water-sport-bali.com/pantai-petitenget-bali/,Pantai Petitenget Bali - Panduan Liburan Ke Objek Wisata Seminyak Bali,Ingin liburan ke pantai Petitenget Bali di tempat wisata Seminyak? Cari hal yang perlu diketahui sebelum berkunjung ke Petitenget beach.,pantai
https://www.water-sport-bali.com/parasailing-pantai-sanur-bali/,Parasailing Pantai Sanur Bali - Harga & Lokasi Wisata Watersport Terbaik,"Ingin terbang sendirian, lokasi sepi saat permainan parasailing di Bali? Coba Parasailing pantai Sanur Bali, harga murah untuk pemesanan online.",pantai
https://www.water-sport-bali.com/pantai-padang-bai/,Pantai Padang Bai - Dua Pantai Tersembunyi Di Bali Timur,"Pantai Padang Bai, memiliki dua pantai indah lokasinya saling berdekatan. Bias Tugel dan Blue Lagoon, pantai tersembunyi di Bali timur.",pantai
https://www.water-sport-bali.com/pantai-mengiat-nusa-dua-bali/,Pantai Mengiat Nusa Dua Bali - Semua Hal Yang Perlu Anda Ketahui,"Liburan di Bali tertarik mengunjungi pantai pasir putih bersih, ombak tenang, maka pantai Mengiat Nusa Dua wajib dalam itinerary liburan",pantai
https://www.water-sport-bali.com/pantai-geger-nusa-dua/,Pantai Geger Nusa Dua Bali - Semua Hal Perlu Diketahui Sebelum Liburan,"Kunjungi pantai Geger Nusa Dua Bali, jika ingin liburan ke pantai pasir putih bersih, bagus untuk berenang, bulan madu, tidak terlalu ramai.",pantai
https://www.water-sport-bali.com/pantai-medewi/,Pantai Medewi Pekutatan - Lokasi Surfing Terbaik Di Bali Barat,"Pantai Medewi Pekutatan, keindahan pemandangan sunset dan salah satu lokasi surfing terbaik di Bali barat, favorit wisatawan mancanegara.",pantai
https://www.water-sport-bali.com/pantai-gunung-payung/,Pantai Gunung Payung Bali - Indah Tersembunyi Di Kutuh,"Ingin wisata ke pantai pasir putih yang sepi, alami, pemandangan indah? Kunjungi pantai Gunung Payung Bali! Tersedia peta menuju lokasi.",pantai
https://www.water-sport-bali.com/pantai-batu-bolong-canggu/,Pantai Batu Bolong Canggu Bali - Daya Tarik & Harga Tiket Masuk,"Jika anda tidak bisa surfing, apakah hal menarik yang dapat dilakukan saat liburan ke pantai Batu Bolong Canggu Bali? Cari jawabannya disini!",pantai
https://www.water-sport-bali.com/pantai-berawa-bali/,Pantai Berawa Bali - Spot Surfing Terbaik Di Barat Daya Pulau Bali,"Ingin liburan ke pantai Berawa Bali? Lihat disini! Info detail mengenai daya tarik, lokasi, dan aktivitas wisatawan di Berawa Beach Canggu.",pantai
https://www.water-sport-bali.com/pantai-batu-belig-kerobokan/,"Pantai Batu Belig Kerobokan - Lokasi Melihat Sunset, Gratis Tiket Masuk","Ingin liburan ke pantai Batu Belig Kerobokan? Cari infonya disini! Daya tarik, lokasi, transportasi, tiket masuk pilihan tempat menginap.",pantai
https://www.water-sport-bali.com/pantai-nusa-penida/,Pantai Nusa Penida Bali - Daftar Pantai Indah & Tersembunyi,"Ingin tahu lokasi dan daftar nama pantai Nusa Penida, indah, tersembunyi, jarang dikunjungi di Bali? Lihat disini! Disertai peta lokasi.",pantai
https://www.water-sport-bali.com/pantai-terbaik-di-bali-untuk-honeymoon/,Pantai Terbaik Di Bali Untuk Honeymoon Kesukaan Wisatawan Indonesia,"Anda mencari tempat favorit bulan madu di Bali dan lebih suka suasana pantai? Lihat disini, daftar pantai terbaik di Bali untuk honeymoon",pantai
https://www.water-sport-bali.com/pantai-kelan-bali/,Pantai Kelan Bali - Pemandangan Sunset Pesawat Terbang,Mencari lokasi sunset terbaik di Bali? Kunjungi pantai Kelan Bali. Daya tarik pemandangan pesawat terbang landing dengan background sunset.,pantai
https://www.water-sport-bali.com/pantai-nyang-nyang-bali/,Pantai Nyang Nyang Bali - Pantai Tersembunyi Di Uluwatu,"Bosan liburan di Bali ke pantai ramai pengunjung? Jika iya, pantai Nyang Nyang Bali, pantai indah tersembunyi yang layak di kunjungi.",pantai
https://www.water-sport-bali.com/pantai-bingin-bali/,Pantai Bingin Bali - Pasir Putih & Lokasi Tersembunyi,"Ingin liburan ke pantai tersembunyi di Bali selatan, coba pantai Bingin Bali Pecatu. Dapatkan disini info lokasi + peta serta daya tarik.",pantai
https://www.water-sport-bali.com/pantai-balian-tabanan/,"Pantai Balian Tabanan - Lokasi Tersembunyi, Sunset & Akomodasi Murah","Kunjungi pantai Balian Tabanan Bali, jika anda mencari objek wisata pantai alternatif di barat daya Bali yang masih sepi kunjungan wisatawan.",pantai
https://www.water-sport-bali.com/pantai-bali/page/4/,Pantai Bali Yang Bagus & Indah Favorit Wisatawan Indonesia Saat Liburan | Laman 4 dari 5,"Wisata ke Bali identik dengan liburan ke pantai. Bagaimana dengan anda! Apakah anda juga ingin mengunjungi objek wisata pantai yang ada di Bali? Lihat disini, daftar nama, peta lokasi pantai Bali bagus, indah dan menarik dikunjungi yang menjadi favorit wisman, serta wisatawan domestik saat liburan di pulau Bali | Laman 4 dari 5",pantai
https://www.water-sport-bali.com/pantai-bias-tugel/,Pantai Bias Tugel - Pantai Indah Di Bali Dan Tersembunyi,"Anda menyukai wisata pantai pasir putih yang memiliki lokasi tersembunyi, jarang ada pengunjung. Pantai Bias Tugel di Bali dapat memenuhi kriteria anda.",pantai
https://www.water-sport-bali.com/pantai-kedonganan/,Pantai Kedonganan Bali - Matahari Terbenam & Seafood,"Pantai kedonganan Bali, pasir putih bersih, hidangan seafood bakar, pemandangan matahari terbenam, tidak kalah dengan pantai Jimbaran Bali.",pantai
https://www.nativeindonesia.com/pantai-amed/,"Pantai Amed, Mengenal Surga Bawah Laut Di Bali Yang Eksotis","Nama objek wisata tersebut adalah Pantai Amed. Banyak yang bilang kawasan ini adalah surga tersembunyi yang jarang sekali di ekspos. Tetapi, tidak bagi",pantai
https://www.nativeindonesia.com/teras-kaca-pantai-nguluran/,"Teras Kaca Pantai Nguluran, Menguji Nyali Menggapai Keindahan",Info seputar Pantai Nguluran dengan teras kaca yang instagramable banget! Lihat juga berbagai spot menarik lainnya di sekitar lokasi pantai.,pantai
https://www.nativeindonesia.com/pantai-jungwok/,"Pantai Jungwok, Pantai Mistis Di Pesisir Selatan Jogya",Pantai Jungwok terletak di sisi timur Pantai Wediombo yang (katanya) juga angker. Pantai Jungwok indah dengan pasir putihnya dan air lautnya yang biru.,pantai
https://www.nativeindonesia.com/pantai-pangasan-pacitan/,"Pantai Pangasan Pacitan, Dijaga Gunung Lanang Dan Gunung Ganjuran",Pantai Pangasan Pacitan memiliki ciri tebing batu yang menjulang tinggi. Masyarakat setempat bisa menyebut tebing batu indah ini dengan nama Gunung Lanang.,pantai
https://www.nativeindonesia.com/pantai-bercak-pacitan/,"Pantai Bercak Pacitan, Dikenal Sebagai Raja Ampat Di Pacitan","Pantai Bercak Pacitan dikenal mirip dengan Raja Ampat. Pengunjung menyebutnya Raja Ampatnya Pacitan. Ombaknya tenang, karena terlindung oleh tebing karang.",pantai
https://www.nativeindonesia.com/pantai-walaikiri/,"Pantai Walaikiri, 1 Kenangan Terakhir Dari Album Terakhir Glenn Fredly",Pantai Walaikiri memiliki mangrove yang unik dengan hamparan pasir putih. Mangrove Unik inilah jadi ilustrasi pada sampul album Terakhir Almarhum Glend Fredly.,pantai
https://www.nativeindonesia.com/pantai-puru-kambera/,"Pantai Puru Kambera, 5 Km Pasir Putih Yang Berpagar Cemara Setebal 50 Meter",Pantai Puru Kambera berpasir putih. Pemandangan yang sangat menawan. Desiran angin yang berpadu dengan teriknya mentari Sumba tidak menghambat kekaguman.,pantai
https://www.nativeindonesia.com/pantai-lhoknga/,"Pantai Lhoknga, Spot Surfing Terbaik Di Nagroe Aceh Darusalam","Pantai Lhoknga dikenal sebagai spot surfing terbaik. Tak hanya di nasional, pantai ini juga telah mendapat pengakuan dunia Internasional akan gelombang ombaknya",pantai
https://www.nativeindonesia.com/pantai-pulau-merah/,"Pantai Pulau Merah, Kawasan Dewatanya Banyuwangi",Salah satu keindahan yang patut dibanggakan berada di Banyuwangi. Kawasan ini bisa dibilang sebagai surganya Jawa Timur. Berbagai macam tempat wisata di,pantai
https://www.nativeindonesia.com/pantai-pandawa/,"Pantai Pandawa, Pantai Rahasia Di Bali Yang Penuh Pesona","Info dan review PANTAI PANDAWA Bali. Temukan hal menarik disini, harga tiket masuk, lokasi, peta, dan galeri foto Pengen tahu lebih jauh? lihat aja DISINI...",pantai
https://www.nativeindonesia.com/pantai-kuta/,"Pantai Kuta, Pantai Indah Di Bali Nan Eksotis","Berlibur ke PANTAI KUTA Bali? meski mainstream bgt, tapi pantai ini tetap banyak dikunjungi karena indahnya. Lihat info lokasi, rute, tiket masuk, dll DISINI..",pantai
https://www.nativeindonesia.com/pantai-sanur-bali/,Keindahan Pantai Sanur Bali Yang Memukau Mata,"Pantai SANUR Bali ga kalah indah dengan pantai lainnya di Bali. Mau berkunjung kesini? simak info lokasi, rute, harga tiket, dan hal yg bisa dilakukan disini..",pantai
https://www.nativeindonesia.com/pantai-lovina-bali/,"Pantai Lovina, Pesona Sunset Dan Lumba-Lumba Di Bali",Pantai Lovina dikenal sebagai salah satu pantai yang sering dikunjungi lumba-lumba di Indonesia. keberadaan lumba-lumba inilah yang jadi salah satu daya tarik,pantai
https://www.nativeindonesia.com/pantai-melasti/,Pesona Pantai Melasti Yang Tak Boleh Kamu Lewatkan,"Nah, kali ini kita akan membahas Pantai Melasti. Pantai melasti ini tidak kalah indahnya dengan sejumlah pantai di Bali. Salah satu objek wisata ini wajib",pantai
https://www.nativeindonesia.com/pantai-tegal-wangi/,Pantai Tegal Wangi Yang Mempesona Di Bali,Dan yang paling menarik adalah kamu tidak perlu membayar tiket masuk atau gratis. Jadi yang perlu kamu siapkan hanyalah biaya parkir sebesar Rp. 5.000 untuk,pantai
https://www.nativeindonesia.com/pantai-seminyak/,Pesona Pantai Seminyak Ga Bakal Terlupakan,"Pantai Seminyak merupakan satu dari sejumlah pantai dengan pemandangan yang indah di Bali. Pernahkah kamu melihat rupa Pantai Seminyak ini? Jika belum, maka",pantai
https://www.nativeindonesia.com/pantai-balangan/,"Pantai Balangan, Pantai Sunyi Yang Tak Lagi Tersembunyi","Pantai Balangan yang kerap disebut-sebut sebagai pantai tersembunyi di selatan Bali, nama Pantai Balangan memang sesuai namanya. Untuk menuju pantai ini",pantai
https://www.nativeindonesia.com/pantai-nguyahan/,"Pantai Nguyahan, Pantai Imut Dengan Menu Komplit","Pantai nguyahan dengan pasir putihnya menawarkan berbagai pesona keindahan. Mulai dari Sunrise, sunset, kawasan camping, hingga pengalaman memancing di pantai.",pantai
https://www.nativeindonesia.com/pantai-suluban/,"Pantai Suluban, Pantai Karang Favoritnya Peselancar",Liburan ke tempat wisata di Bali memang harus berkunjung ke pantai-pantai cantik. Salah satu pantai yang harus kamu kunjungi adalah Pantai Suluban.,pantai
https://www.nativeindonesia.com/pantai-indrayanti/,"Wisata Pantai Indrayanti Jogja, Tiket Masuk, Lokasi Dan Info Lengkap","Info Pantai Indrayanti atau Pantai Sawal lengkap. Harga tiket masuk, sarana yang tersedia, peta, petunjuk jalan, dan penginapan BACA DISINI",pantai
https://www.nativeindonesia.com/pantai-nglambor/,"Pantai Nglambor, Spot Snorkeling Yang Indah Di Yogyakarta","Info pantai Nglambor lengkap, rute ke pantai dari Yogya, harga tiket masuk,harga penyewaan snorkeling, dsb. BACA DISINI...",pantai
https://www.nativeindonesia.com/pantai-sundak/,"Pantai Sundak, Konon Berasal Dari Pertarungan Asu Dan Landak",Siapa yang tidak mengenal Gunungkidul. Sebuah daerah di kawasan Yogyakarta yang saat ini menjadi primadona di kalangan Sobat Native. Jajaran pantai dari ujung,pantai
https://www.nativeindonesia.com/pantai-goa-cemara/,"Pantai Goa Cemara, Nikmati Teduhnya Pohon Cemara Disini","Bila Anda ingin berkunjung ke pantai dengan jarak yang relatif dekat dari Kota Yogyakarta, maka Bantul-lah jawabannya. Pantai seperti Parangtritis dan Samas",pantai
https://www.nativeindonesia.com/pantai-glagah/,"Pantai Glagah, Pantai Pasir Besi Dan Gugusan Tetrapod Andalan Kulon Progo","Wilayah ini berbatasan langsung dengan Kabupaten Purworejo, Jawa Tengah. Kulon Progo memiliki obyek wisata pantai ikonik, bernama Pantai Glagah. Seiring",pantai
https://www.nativeindonesia.com/pantai-siung/,"Pesona Pantai Siung; Panorama, Camping, Sampai Panjat Tebing","Temukan review Pantai Siung, rute ke lokasi lengkap, info fasilitas, dan juga aktivitas menarik yang bisa anda lakukan disini",pantai
https://www.nativeindonesia.com/pantai-samas/,"Pantai Samas, Laguna Indah Berjuta Rasa",Pantai Samas Jogja merupakan pantai yang cukup populer di kalangan anak muda. Pantai Samas  terkenal karena keindahan pantainya yang memiliki angin kencang,pantai
https://www.nativeindonesia.com/pantai-drini/,"Pantai Drini, Spot Snorkeling Yang Indah Di Jogja",Salah satu dari objek wisata pantai tersebut adalah Pantai Drini. Banyak wisatawan domestik maupun asing yang mengenal pantai ini sebagai tempat yang pas,pantai
https://www.nativeindonesia.com/pantai-wediombo/,"Pantai Wediombo, Pantai Di Perbatasan Jogja Yang Menawan","Review seputar Pantai Wediombo, harga tiket masuk, rute dan cara menuju lokasi. Simak selengkapnya di artikel ini....",pantai
https://www.nativeindonesia.com/pantai-greweng/,"Pantai Greweng, Pantai Mistis Pertapaan President Soekarno","Pantai Greweng menyimpan keunikan, salah satunya karena posisinya yang tersembunyi. Kondisi pantai terasa nyaman dan tenang. Pasir putih mendominasi pantai.",pantai
https://www.nativeindonesia.com/pantai-wohkudu/,"Pantai Wohkudu, Keindahan Tersembunyi Diantara 2 Tebing","Pantai wohkudu terbilang kecil, dengan lebar hanya sekitar 20- 25 meter. Suasana yang sunyi dan tenang membuat nyaman orang yang ingin istirahat dari kesibukan.",pantai
https://www.nativeindonesia.com/pantai-sedahan/,"Pantai Sedahan, Pesona Pantai Di Antara 2 Bukit Karang",Pantai Sedahan merupakan salah satu pantai berpasir putih di antara barisan pantai pantai indah Gunungkidul. Ciri khas pantai berupa 2 bukit di 2 sisi pantai.,pantai
https://www.nativeindonesia.com/pantai-watu-kodok/,"Pantai Watu Kodok, Lokasi Eksotis Di Pantai Selatan Jogya",Pantai Watu Kodok merupakan salah satu pilihan tepat untuk camping di pantai. Lokasi yang mudah dijangkau dengan fasilitas yang memadai adalah paket lengkapnya.,pantai
https://www.nativeindonesia.com/sunset-di-pantai-kesirat/,"Pantai Kesirat, Destinasi Ideal Menikmati Sunset Dan Camping","Saat berkunjung ke Pantai Kesirat Gunungkidul, tidak akan berjumpa dengan pasir atau bermain ombak Pengujung  akan menemukan keindahan lainyakni Panorama Senja.",pantai
https://www.nativeindonesia.com/pantai-ngandong/,"Pantai Ngandong, Pesona Perkampungan Nelayan Pesisir Selatan","Pantai Ngandong merupakan pantai yang bersebelahan dengan Pantai Sundak. Kedua pantai Pantai ini berada di area yang sama, dengan hanya dibatasi sebuah bukit.",pantai
https://www.nativeindonesia.com/pantai-sanglen/,"Pantai Sanglen, Pantai Berpasir Putih Dan Rindang","Pantai Sanglen adalah pilihan sempurna bagi pengunjung yang menginginkan pantai Sepi, asri dan alami. Pantai berpasir putih nan rindang ini tidak jauh dari kota",pantai
https://www.nativeindonesia.com/pantai-congot/,"Pantai Congot, Pantai Indah Di Sisi Paling Barat Yogyakarta","Pantai congot menjadi muara sungai bogowonto, apalagi sebelah barat pantai congot, sekarang terdapat wisata yang baru ngehits yaitu hutan mangrove pasir mendit.",pantai
https://www.nativeindonesia.com/pantai-ngrawe/,"Pantai Ngrawe, Pantai Bertaman Hijau Yang Instagramable",Pantai Ngrawe mengusung konsep taman pantai berdihias rumput palm. Hal ini pula yang menjadi daya tarik. Pantai menjadi kaya akan spot foto yang instagramable.,pantai
https://www.nativeindonesia.com/pantai-baron/,"Pantai Baron, Selalu Di Hati Dan Tidak Akan Pernah Mati","Dimulai dari Pantai Baron. Pantai Klasik yang menjadi primadona masyarakat Yogyakarta. Pariwisata ini akan selalu terkenang. Karena, dahulu Yogyakarta memang",pantai
https://www.nativeindonesia.com/pantai-tanjung-kasuari/,"Pantai Tanjung Kasuari, Hamparan Pasir Putih Di Pantai Barat Papua",Pantai Tanjung Kasuari asri dan alami. Dengan deretan pepohonan rindang menjadi pemandangan utama yang dapat dinikmati. Ada gundukan batuan karang yang menawan.,pantai
https://www.nativeindonesia.com/pantai-baruna/,"Pantai Baruna, Pantai Berpadang Ilalang Hijau Nan Romantis","Pantai Baruna berkarakter berbatu, berilalang, dan juga curam. Mirip pantai di film Eropa. Pantai berilalang itu romantis, Bisa dijadikan tempat guling-guling.",pantai
https://www.nativeindonesia.com/pantai-asmoro/,"Pantai Asmoro, Menengok Raja Ampat Di Malang",Pantai Asmoro memiliki ciri berupa rangkaian pulau-pulau hijau kecil di dalam teluknya. Banyak yang menyebut Pantai pasir putih ini dengan raja ampatnya Malang,pantai
https://www.nativeindonesia.com/pantai-sayang-heulang/,"Pantai Sayang Heulang, Potensi Wisata Garut Yang Terpendam",Jika berbicara mengenai keindahan Pantai Sayang Heulang di Garut mungkin tak cukup kata untuk menggambarkannya. Pesona keindahan pantai yang masih begitu indah.,pantai
https://www.nativeindonesia.com/pantai-mrutu/,"Pantai Mrutu, Pantai Mungil Ideal Untuk Menyelam Ke Dalam Diri",Pantai Mrutu memiliki ombak yang tenang. Ombak datang ke bibir pantai seperti berjalan pelan-pelan dan halus. Ombak itu seakan berbisik mesra pada pengunjung.,pantai
https://www.nativeindonesia.com/pantai-clungup/,"Pantai Clungup, Surga Tersembunyi Di Rindang Hutan Bakau","Pantai Clungup memiliki tiga pulau kecil dan karang-karang. ini berdampak pada ombak yang tenang, dan juga menambah kuatnya kecantikan panorama pantai ini.",pantai
https://www.nativeindonesia.com/pantai-tiga-warna/,"Pantai Tiga Warna, Surga Yang Terpelihara Di Situs Konservasi",Keunikan utama Pantai 3 Warna Malang adalah warna airnya yang berbeda-beda. Biru-Hijau-Putih. Perbedaan warna ini disebabkan oleh perbedaan kedalaman air laut.,pantai
https://www.nativeindonesia.com/pantai-pacitan/,"Pantai Pacitan, Pesona Pesisir Selatan Pulau Jawa","Pantai Pacitan ada berbagai jenis, mulai dari berombak tenang hingga pantai berbatu. Pantai di daerah ini favorit bagi semua kalangan dan cocok dikunjungi.",pantai
https://www.nativeindonesia.com/pantai-kasap-pacitan/,"Pantai Kasap Pacitan, Mengingatkan Pada Indahnya Raja Ampat Papua",Keunikan Pantai Kasap Pacitan adalah bukit yang menyuguhkan pemandangan beberapa gugusan pulau hijau. Panorama yang mengingatkan pada Painemo di Raja Ampat.,pantai
https://www.nativeindonesia.com/pantai-teleng-ria/,"Pantai Teleng Ria, Pantai Menakjubkan Dari Kota 1001 Goa","Pantai teleng ria memiliki ombak yang tidak terlalu besar. Ditambah bibir pantai yang landai, menjadikan pantai ini seru untuk bermain pasir dan berenang.",pantai
https://www.nativeindonesia.com/pantai-srau/,"Pantai Srau, Pantai Dengan 3 Zone Yang Kaya Sensasi","Pantai Srau merupakan pantai indah di Pacitan, kota seribu goa. Pantai ini dijuluki perawan, karena memiliki pemandangan yang indah dan belum bamyak pengunjung.",pantai
https://www.nativeindonesia.com/pantai-soge/,"Pantai Soge, Pantai Indah Di Tepi Jalur Lintas Selatan","Salah satu pantai yang ada di Pacitan adalah Pantai Soge. Selama ini Pacitan dikenal dengan Kota Seribu Goa. Selain goa, Kota Pacitan juga punya Pantai indah.",pantai
https://www.nativeindonesia.com/pantai-watu-maladong/,"Pantai Watu Maladong, Dijaga Siluman Karang Penyu Raksasa",Pantai Watu Maladong unik dengan batu karang raksasa dan tebing yang menjulang tinggi disepanjang pantai. satu Karang iconiknya berbentuk Rumah Adat atau Penyu.,pantai
https://www.nativeindonesia.com/pantai-mbawana/,"Pantai Mbawana, Pantai Menawan Pemilik Gapura Laut","Pantai Mbawana menyuguhkan keindahan alam mempesona. Pantai berupa hamparan pasir putih yang lembut, dengan deretan tebing tinggi dengan Icon “gapura” laut nya.",pantai
https://www.nativeindonesia.com/pantai-watu-parunu/,"Pantai Watu Parunu, Pantai Yang Membuat Pengunjung Menunduk Hormat","Pantai Watu Parunu memiliki hamparan pasir pantai, tebing batu dan desir ombak. Tebing batu putih yang di ujung timur pantai menjadi salah satu ciri khasnya.",pantai
https://www.nativeindonesia.com/pantai-batu-taka-urung/,"Pantai Batu Taka Urung, Pantai Pasir Putih Dengan Hamparan Bebatuan Untuk Ber-Selfie",Pantai Batu Taka Urung memiliki keindahan dengan pasir putih dan laut biru. Keindahan ini menarik minat pengunjung yang melintas dari arah Majene atau Mamuju.,pantai
https://www.nativeindonesia.com/pantai-rancabuaya-garut/,"Pantai Rancabuaya Garut, Tujuan Wisata Alternatif Di Kota Intan","info Pantai Rancabuaya Garut, jalan menuju pantai rancabuaya, informasi akomodasi dan hotel di rancabuaya, serta cerita perjalanan bisa anda temukan disini",pantai
https://www.nativeindonesia.com/pantai-di-bali/,8 Pantai Di Bali Untuk Wisata Bersama Keluarga,Pantai di Bali sudah terkenal keseluruh dunia. Berikut ini adalah 7 pantai indah di bali yang bisa menjadi tujuan wisata recommended bagi anda dan keluarga,pantai
https://mytrip123.com/pantai-marina/,Pantai Marina - Harga Tiket Masuk - Spot Foto Terbaru 2020,Pantai Marina Semarang mempunyai daya tarik wisata alam dan spot foto yang rekomended. Berikut info harga tiket masuk dan dute menuju lokasi terbaik.,pantai
https://mytrip123.com/pantai-cemara-sewu/,Pantai Cemara Sewu - Harga Tiket Masuk dan Spot Foto Terbaru 2020,Pantai cemara sewu yang berlokasi di bantul yogyakarta ini mempunyai banyak sekali spot foto indah yang jarang diketahui. Selain itu harga tiket masuk juga terjangkau.,pantai
https://mytrip123.com/pantai-cahaya-kendal/,Pantai Cahaya Kendal - Harga Tiket dan Rute Lokasi Terbaru 2020,"Banyak sekali hal yang bisa dilakukan di pantai cahaya kendal. Mulai dari spot foto genic hingga air terjun sekitar pantai. Kami review juga harga tiket masuk wisata, alamat dan rute menuju lokasi terbaru",pantai
https://mytrip123.com/pantai-banyunibo-gunungkidul/,Pantai Banyunibo Gunungkidul - Harga Tiket - Spot Foto Terbaik 2020,Pantai Banyunibo di Gunungkidul jogjakarta merupakan salah satu destinasi wisata yang masih jarang diketahui wisatawan. Harga tiket masuk pantai juga murah,pantai
https://mytrip123.com/pantai-sarangan/,Pantai Sarangan - Harga Tiket Masuk - Spot Foto Terbaru 2020,Berikut info harga tiket masuk pantai sarangan gunungkidul jogja dan spot foto hits terbaru yang sayang dilewatkan. Simak juga ulasan rute menuju lokasi,pantai
https://mytrip123.com/pantai-jimbaran/,Pantai Jimbaran Bali - Harga Tiket Masuk - Spot Foto Terbaru 2020,Berikut harga tiket masuk Pantai Jimbaran Bali dan info rute menuju lokasi terbaik. Selain itu ada juga review spot foto terbaru yang indah dan ...,pantai
https://mytrip123.com/pantai-derawan/,Pantai Derawan - Harga Tiket Masuk dan Spot Foto Terbaik 2020,Pantai derawan mempunyai pemandangan dan spot foto indah yang sangat menarik. Ingin tahu? yuk simak dan ketahui juga harga tiket masuk dan rute lokasi,pantai
https://mytrip123.com/pantai-goa-cemara/,Pantai Goa Cemara - Harga Tiket & Spot Foto Terbaru 2020,Berikut rekomendasi spot foto di pantai goa cemara yang masih karang diketahui oleh wisatawan. Ada juga info harga tiket masuk terkini,pantai
https://mytrip123.com/pantai-kesirat/,Pantai Kesirat - Harga Tiket Masuk - Spot Foto Terbaru 2020,Pantai kesirat gunungkidul jogjakarta ini memiliki berbagai macam lokasi foto hits yang masih jarang diketahui. Simak juga ulasan tentang harga tiket masuk,pantai
https://mytrip123.com/pantai-nguluran/,Pantai Nguluran - Harga Tiket Masuk - Spot Foto terbaru 2020,Wisata teras kaca pantai nguluran gunungkidul jogja mempunyai spot foto hits yang sayang dilewatkan. Simak juga ulasan harga tiket masuk dan rute lokasi,pantai
https://mytrip123.com/pantai-kayu-arum/,Pantai Kayu Arum - Harga Tiket Masuk - Spot Foto Terbaru 2020,Pantai kayu arum di gunungkidul jogja mempunyai banyak spot foto indah. Simak juga info harga tiket masuk dan rute lokasi yang menantang untuk dicoba.,pantai
https://mytrip123.com/pantai-kukup-gunung-kidul/,Pantai Kukup - Harga Tiket Masuk - Spot Foto Terbaru 2020,Pantai kukup merupakan salah satu destinasi tersembunyi di gunungkidul jogja dengan harga tiket masuk yang terjangkau. Selain itu juga banyak spot foto,pantai
https://mytrip123.com/pantai-gesing/,Pantai Gesing - Harga Tiket Masuk - Spot Foto Terbaru 2020,Berikut info seputar harga tiket masuk pantai gesing gunungkidul jogja dan spot foto terbaru yang bisa anda nikmati ketika berkunjung,pantai
https://mytrip123.com/pantai-sadeng/,Pantai Sadeng - Harga Tiket Masuk - Spot Foto Terbaru 2020,Berikut info spot foto di pantai sadeng gunungkidul terbaru yang sayang jika dilewatkan. Simak juga info harga tiket masuk dan rute menuju lokasi,pantai
https://mytrip123.com/pantai-nusa-dua-bali/,Pantai Nusa Dua Bali - Harga Tiket Masuk - Spot Foto Terbaru 2020,Berikut info harga tiket masuk pantai nusa dua bali dan spot foto hits terbaru yang mungkin belum anda ketahui. Ada juga tips menuju rute lokasi terbaik,pantai
https://mytrip123.com/pantai-baru-bantul/,Pantai Baru Bantul - Harga Tiket Masuk & Spot Foto Terbaik 2020,Pantai baru di bantul mempunyai spot foto yang sangat indah jika ditelusuri lebih lanjut. Ditambah lagi dengan harga tiket masuk pantai yang terjangkau.,pantai
https://mytrip123.com/pantai-bandengan/,Pantai Bandengan - Harga Tiket Masuk dan Spot Foto Terbaru 2020,Pantai bandengan yang berlokasi di jepara ini mempunyai banyak sekalai spot foto terbaik disetiap sudut destinasi. Selain itu harga tiket masuk ke pantai juga relatif terjangkau,pantai
https://mytrip123.com/pantai-banyu-tibo/,Pantai Banyu tibo Pacitan - Harga Tiket Masuk & Spot Foto Terbaik 2020,pantai banyu tibo di pacitan mempunyai pemandangan alam yang sangat indah dan unik. Banyak spot foto yang menarik untuk bisa dinikmati wisatawan.,pantai
https://mytrip123.com/pantai-banyu-anjlok/,Pantai Banyu Anjlok - Harga Tiket Masuk & Spot Foto Terbaik 2020,Pantai banyu anjlok di malang mempunyai banyak sekali spot foto indah dan menarik yang masih jarang orang tahu. Dengan harga tiket masuk wisata yang murah membuat.,pantai
https://mytrip123.com/pantai-congot/,Pantai Congot - Info Harga Tiket Masuk dan Rute Lokasi Terbaru 2020,"Jika anda ingin berkunjung ke pantai congot alangkah baiknya simak ulasan kami terlebih dahulu. Untuk bisa mengetahui harga tiket masuk, rute lokasi atau alamat hingga tips menarik ketika berkunjung ke pantai dekat purworejo ini. Mulai dari apa saja yang bisa anda nikmati dan spot foto terbaik",pantai
https://mytrip123.com/pantai-angsana/,Pantai Angsana, Harga Tiket Masuk & Rute Lokasi Terbaru 2020,pantai
https://mytrip123.com/pantai-amed-karangasem/,"Pantai Amed Karangasem, Rute dan Harga Tiket Masuk Terbaru 2020",Pantai Amed yang berlokasi di karangasem bali ini merupakan salah satu destinasi wisata tersembunyi yang mempunyai banyak sekali spot foto menarik,pantai
https://mytrip123.com/pantai-alam-indah-tegal/,"Pantai Alam Indah Tegal, Harga Tiket Masuk & Rute Lokasi Terbaru 2020",Pantai alam indah tegal ini ternyata mempunyai banyak sekalai spot foto indah dan instagramable. Yuk simak untuk info harga tiket masuk dan rute lokasi,pantai
https://mytrip123.com/pantai-ancol-jakarta/,Pantai Ancol - Harga Tiket Masuk & Rute Menuju Lokasi Terbaru 2020,Pantai ancol jakarta mempunyai banyak spot foto menarik yang mungkin belum anda tahu. Yuk sima ulasan kami dan ketahui juga harga tiket masuk dan lokasinya,pantai
https://mytrip123.com/pantai-coro/,Pantai Coro - Harga Tiket Masuk & Spot Foto Terbaik 2020,"Pantai Coro di Tulungagung mempunyai pemandangan yang indah dan cocok dijadikan sebagai spot foto yang indah instagramable, Harga tiket masuk juga murah",pantai
https://mytrip123.com/pantai-akkarena/,Pantai Akkarena Makassar- Harga Tiket Masuk & Spot Foto 2020,Pantai akkarena merupakan destinasi alternatif di makassar selain wisata losari. Banyak spot foto menarik dan harga tiket masuk nya pun juga terjangkau,pantai
https://mytrip123.com/pantai-boom-tuban/,Pantai Boom Tuban - Harga Tiket Masuk & Spot Foto Terbaik 2020,Pantai boom yang berlokasi di tuban ini selain mempunyai harga tiket masuk yang terjangkau juga memiliki banyak spot foto indah dan menarik,pantai
https://mytrip123.com/pantai-sanur-bali/,Pantai Sanur - Harga Tiket Masuk - Spot Foto Terbaru 2020,"Pantai Sanur di Bali memang menyajikan pemandangan alam yang sangat indah. Berikut info spot foto terbaik, harga tiket hingga rute menuju lokasi secara ...",pantai
https://mytrip123.com/pantai-kuta-bali/,Pantai Kuta Bali - Harga Tiket Masuk - Spot Foto Terbaru 2020,Berikut info spot foto terbaru di pantai kuta bali yang masih jarang diketahui wisatawan. Simak juga ulasan tentang harga tiket masuk dan rute lokasi,pantai
https://mytrip123.com/pantai-air-manis/,Pantai Air Manis , Harga Tiket Masuk & Rute Menuju Lokasi Terbaru 2020,pantai
https://mytrip123.com/pantai-tanjung-bira/,Pantai Tanjung Bira - Harga Tiket Masuk & Rute Menuju Lokasi 2020,Travel ke wisata pantai tanjung bira memang sangat menarik. Banyak spot foto indah karena lokasinya sangat indah. Yuk simak ulasan kami dan ketahui juga harga tiket masuk hingga rute lokasi dan alamat,pantai
https://mytrip123.com/pantai-bopong/,Pantai Bopong - Harga Tiket Masuk & Rute Lokasi Terbaru 2020,Wisata pantai bopong di kebumen sangat cocok dijadikan sebagai alternatif liburan di sekitar jawa tengah. Dengan harga tiket masuk yang terjangkau dan rute menuju yang mudah dijangkau.,pantai
https://mytrip123.com/pantai-nglambor/,9 Spot Foto Pantai Nglambor Terbaru - Harga Tiket Masuk - 2020 #1,Pantai nglambor di gunungkidul jogja ini sempat hits beberapa waktu lalu. Banyak spot foto anti mainstream yang bisa anda jelajahi. Simak harga tiket masuk,pantai
https://mytrip123.com/pantai-drini/,9 Spot Foto Pantai Drini Terbaru - Harga Tiket Masuk - 2020,Pantai Drini yang berlokasi di gunungkidul jogja ini dikenal mempunyai spot wisata yang sangat indah. Selain itu harga tiket masuk juga terjangkau,pantai
https://mytrip123.com/pantai-cermin/,Pantai Cermin - Harga Tiket Masuk & Lokasi Spot Foto Terbaik 2020,"Pantai Cermin merupakan objek wisata yang memadukan dua unsur keindahan di Medan, Sumatera Utara. Dimana keindahan alam berpadu dengan keindahan buatan manusia.",pantai
https://mytrip123.com/pantai-anyer/,Pantai Anyer - Harga Tiket Masuk & Rute Menuju Lokasi 2020,"Pantai Anyer inilah pantai yang paling populer di Banten. Banyak yang bilang, kawasan ini adalah tempat terindah di ujung barat pulau jawa. Spot foto yang menarik dan harga tiket masuk yang terjangkau.",pantai
https://mytrip123.com/pantai-cipatujah/,Pantai Cipatujah - Harga Tiket Masuk & Rute Menuju Lokasi 2020,"Berikut ulasan mengenai pantai cipatujah di tasikmalaya sangat indah. Banyak sekali spot foto yang menarik, cek disini untuk mengetahui harga tiket masuk, rute menuju lokasi hingga penginapan dan hotel terbaik",pantai
https://mytrip123.com/pantai-nguyahan/,Pantai Nguyahan - Harga Tiket Masuk - Spot Foto Terbaru 2020,Pantai nguyahan yang berlokasi di gunungkidul jogja ini mempunyai spot foto yang sayang jika dilewatkan. Simak juga ulasan mengenai harga tiket masuk,pantai
https://mytrip123.com/pantai-lovina/,Pantai Lovina - Harga Tiket Masuk - Spot Foto Terbaru 2020,"Pantai Lovina di Bali merupakan tempat terbaik untuk menikmati sunrise. Berikut info harga tiket masuk, rute menuju lokasi dan spot foto terindah.",pantai
https://mytrip123.com/pantai-padang-padang/,Pantai Padang Padang - Harga Tiket Masuk - Spot Foto Terbaru 2020,Pantai Padang Padang merupakan salah satu destinasi tersembunyi di Bali yang mempunyai spot foto indah. Berikut info harga tiket masuk hingga rute lokasi,pantai
https://mytrip123.com/pantai-depok/,Pantai Depok Bantul - Info Harga Tiket Masuk & Spot Foto Terbaru 2020,"pantai depok yang berlokasi di bantul jogja mempunyai bayak sekali spot foto indah. Aplagi ketika sore hari, sunset disini begitu memikat mata. Selain itu harga tiket masuk yang terjangkau",pantai
https://mytrip123.com/pantai-carocok/,Pantai Carocok - Harga Tiket Masuk dan Spot Foto Terbaik 2020,Pantai carocok di padang ini masih jarang diketahui wisatawan pada umumnya. Padahal mempunyai pemandangan dan spot foto menarik yang sayang jika di lewatkan. Dengan harga tiket masuk wisata pantai yang murah membuat destinasi ini semakin rekomended untuk dikunjungi.,pantai
https://mytrip123.com/pantai-carita/,Pantai Carita - Harga Tiket Masuk & Rute Menuju Lokasi 2020,Pantai Carita Inilah salah satu kawasan di Banten yang mempunyai keindahan sempurna. Dengan harga tiket masuk yang relatif murah dan akses menuju lokasi mudah di akses membuat pantai ini banyak diminati.,pantai
https://mytrip123.com/pantai-ngrenehan-gunung-kidul/,Pantai Ngrenehan - Harga Tiket Masuk & Spot Foto Terbaru 2020,Berikut info harga tiket masuk pantai ngrenehan gunungkidul jogjakarta dan spot foto terbaru. Simak juga ulasan tentang rute menuju lokasi terbaik,pantai
https://mytrip123.com/pantai-dreamland/,Pantai Dreamland - Harga Tiket Masuk - Spot Foto Terbaru 2020,Pantai Dreamland di Bali memang mempunyai pemandangan dan spot foto yang sangat indah. Berikut info harga tiket masuk dan rute menuju lokasi terbaik,pantai
https://mytrip123.com/pantai-cenang/,Pantai Cenang - Harga Tiket Masuk dan Rute Menuju Lokasi 2020,"Pantai cenang mempunyai banyak sekalai spot foto menarik yang munkin belum anda ketahui. Untuk itu simak ulasan kami dan ketahui juga harga tiket masuk, alamat dan rute menuju lokasi.",pantai
https://mytrip123.com/pantai-seruni/,12 Spot Foto Pantai Seruni - Harga Tiket Masuk - Terbaru 2020,pantai seruni yang terletak di gunungkidul yogyakarta menyimpan banyak sekali spot foto hits kekinian. Selai itu juga harga tiket masuk juga murah,pantai
https://mytrip123.com/pantai-bondo-jepara/,Pantai Bondo - Harga Tiket Masuk & Rute Menuju Lokasi Terbaru 2020,Pantai bondo di jepara memang sangat menarik dikunjungi. Banyaknya spot foto hingga murahnya harga tiket masuk membuat destinasi ini semakin diminati. Untuk rute menuju lokasi pun sangat mudah di jangkau,pantai
https://mytrip123.com/pantai-buyutan/,Pantai Buyutan - Harga Tiket Masuk & Rute Menuju Lokasi 2020,"Pantai buyutan merupakan salah satu destinasi andalan di kabupaten pacitan. Simak ulasan lengkap kami mulai dari harga tiket masuk, alamat, rute lokasi hingga spot foto menarik",pantai
https://mytrip123.com/pantai-bentar/,Pantai Bentar - Harga Tiket Masuk & Rute Menuju Lokasi 2020,Pantai Bentar merupakan objek wisata kebanggaan dan primandona bagi warga Probolinggo. Dengan harga tiket masuk yang murah dan rute menuju lokasi yang mudah dijangkau membuta destinasi ini semakin ramai dikunjungi.,pantai
https://mytrip123.com/pantai-indrayanti-gunung-kidul-yogyakarta/,"Pantai Indrayanti Gunungkidul Yogyakarta, Harga Tiket, Rute, Tips",Berikut hal menarik yang bisa anda nikmati di pantai indrayanti untuk saat ini.. untuk harga tiket masuk pantai indrayanti adalah... peta pantai indrayanti,pantai
https://mytrip123.com/pantai-ayah-kebumen/,"Pantai Ayah Kebumen, Harga TIket Masuk dan Rute Terbaru 2020",Pantai ayah di kebumen ini mempunyai banyak sekalai spot foto yang indah dan menarik. Disamping itu harga tiket masuk dan rute menuju lokasi juga mudah,pantai
https://eksotisjogja.com/pantai-indrayanti-gunung-kidul/,15 Spot Foto di Pantai Indrayanti yang Lagi Hits 2019 - Wisata Pantai,"Pantai Indrayanti Gunungkidul, inilah wisata pantai di Yogyakarta yang paling tersohor hingga mancanegara dan patut Anda kunjungi ke Gunungkidul",pantai
https://eksotisjogja.com/tag/pantai/,50 Tempat Wisata Pantai di Yogyakarta Terlengkap Wajib Dikunjungi,"Ini daftar Pantai di jogja yang perlu di kunjungi saat berkunjung ke jogja, Kebanyakan Pantai di jogja memiliki ciri khas masing masing",pantai
https://eksotisjogja.com/keindahan-wisata-pantai-parangtritis-bantul-yogyakarta/,10 Wisata Sekitar Pantai Parangtritis Jogja yang Lagi Hits 2019 - Eksotis Jogja,"Pantai Parangtritis merupakan pantai yang terletak di Kabupaten Bantul, Yogyakarta, Merupakan destinasi wisata yang wajib dikunjungi wisatawan Jogja",pantai
https://eksotisjogja.com/pesona-pantai-glagah-kulon-progo/,Pesona Pantai Glagah Kulon Progo - Eksotisjogja.com,"pantai Glagah terletak di Kulon Progo dan merupakan salah satu tujuan wisata favorit, selain pantai Glagah terdapat juga pantai Trisik, Bugel dan Congot.",pantai
https://eksotisjogja.com/pantai-pasir-kadilangu-kulon-progo/,Spot Wisata Romantis Di Pantai Pasir Kadilangu Kulonprogo,"Objek wisata Pantai Pasir Kadilangu Kulonprogo , berikut merupakan lokasi sangat cocok untuk foto selfie baru, nyaman dan sejuk yang berada di Yogyakarta.",pantai
https://eksotisjogja.com/berburu-wisata-dan-kuliner-pantai-depok-2/,10 Spot Foto Bagus di Pantai Depok Jogja yang Hits 2019 - Eksotis Jogja,"Pantai Depok merupakan pantai yang terletak di Kabupaten Bantul, Yogyakarta, pantai ini terkenal karena menjadi pusat kuliner laut (sea food) di Bantul",pantai
https://eksotisjogja.com/pantai-pandansari-bantul/,10 Spot Foto di Pantai Pandansari Bantul yang Lagi Hits 2019 - Eksotis Jogja,Salah satu yang menjadi daya tarik Pantai Pandasari seingga mulai dilirik oleh wisatawan adalah adanya mercusuar yang berdiri gagah di pinggir pantai,pantai
https://eksotisjogja.com/pantai-goa-cemara-bantul/,"10 Spot Foto Pantai Goa Cemara Bantul, Jogja yang Hits 2019 - Eksotisjogja.com",Pantai Goa Cemara ini merupakan salah satu pantai yang memiliki daya tarik tersendiri seperti namanya Pantai Goa Cemara...,pantai
https://eksotisjogja.com/pesona-pantai-samas-bantul-yogyakarta/,10 Spot Foto di Pantai Samas Jogja yang Lagi Hits 2019 - Eksotisjogja.com,"Pantai Samas adalah salah satu pantai yang terletak di Kabupaten Bantul, Yogyakarta, pantai ini tak jauh dari pantai Parangtritis dan Parangkususmo",pantai
https://eksotisjogja.com/tag/pantai-di-jogja/,Pantai Di Jogja yang Lagi Hits Tahun 2017,Jogja adalah salah satu destinasi tujuan wisata di indonesia dan Juga destinasi wisata terbaik ke 2 di indonesia. Tag: Pantai Di Jogja,pantai
https://eksotisjogja.com/tag/10-pantai-terindah-di-yogyakarta/,10 Pantai Terindah Di Yogyakarta yang Lagi Hits Tahun 2017,Jogja adalah salah satu destinasi tujuan wisata di indonesia dan Juga destinasi wisata terbaik ke 2 di indonesia. Tag: 10 Pantai Terindah Di Yogyakarta,pantai
https://eksotisjogja.com/pantai-ngrenehan-gunungkidul/,10 Spot Foto Keren di Pantai Ngerenehan yang Hits 2017 - Eksotis Jogja,Pantai Ngrenehan ini menawarkan keindahan pemandangan keindahan laut dan beragam gugusan batu karang yang membentuk sebuah teluk yang di kelilingi oleh bukit karang,pantai
https://eksotisjogja.com/panorama-pantai-bugel-kulon-progo/,"Pantai Bugel, Lokasi Terbaik Menikmati Hening di Kulon Progo","pantai bugel terletak di kulon progo yogyakarta, wisata pantai ini terbilang sepi pengunjung daripada pantai glagah dan pantai trisik, keheningan pantai",pantai
https://eksotisjogja.com/pantai-pandansimo-bantul/,"Pantai Pandansimo Bantul, Panorama Sunset yang Menentramkan Hati",Di pantai pandansimo juga telah tersedia ATV yang bisa disewa untuk berkeliling pantai.selain itu tempatnya yang sejuk terdapat kincir angin yang eksotis,pantai
https://eksotisjogja.com/pantai-di-kulon-progo-yang-wajib-untuk-dikunjungi/,5 Pantai di Kulon Progo yang Bagus dan Mudah Dijangkau,"Kulon progo merupakan sebuah kabupaten di sebelah barat provinsi Yogyakarta. Kulon progo terkenal dengan wisata alamnya yakni Kalibiru, namun kali ini kami mengulas wisata pantai.",pantai
https://eksotisjogja.com/tag/pantai-di-kulon-progo/,Pantai di Kulon Progo yang Lagi Hits Tahun 2017,Jogja adalah salah satu destinasi tujuan wisata di indonesia dan Juga destinasi wisata terbaik ke 2 di indonesia. Tag: Pantai di Kulon Progo,pantai
https://eksotisjogja.com/pantai-watu-lawang-gunungkidul/,10 Spot untuk Foto di Pantai Watu Lawang yang Hits 2019 - Eksotis Jogja,Pantai Watu lawang menawarkan sejuta keindahan pemandangannya yang berupa bebatuan karang dengan kolaborasi pasir putihnya.,pantai
https://anekatempatwisata.com/mengenal-lebih-dekat-pantai-anyer-di-banten/,Mengenal Lebih Dekat Pantai Anyer di Banten,"Pantai Anyer memiliki pasir putih yang indah, dipadukan dengan sejuknya angin semilir, cocok untuk liburan keluarga akhir pekan.",pantai
https://anekatempatwisata.com/wisata-jogja-pantai-parangtritis/,Pantai Parangtritis - Wisata Eksotis Yogja yang Wajib Dikunjungi,Indah dan magis adalah dua kata yang cocok untuk menggambarkan Pantai Parangtritis yang terletak di pesisir pulau Jawa ini.,pantai
https://anekatempatwisata.com/wisata-banten-pulau-umang/,Pulau Umang - Wisata Pantai Menarik di Banten - Aneka Tempat Wisata,"Selain Pantai Carita dan Pantai Tanjung Lesung, Banten juga memiliki tempat wisata alam lain yang tak kalah menarik yaitu Pulau Umang.",pantai
https://anekatempatwisata.com/pantai-senggigi-bukti-keindahan-alam-di-tanah-lombok/,"Pantai Senggigi, Bukti Keindahan Alam di Tanah Lombok","Lengkapnya akomodasi dan fasilitas di sekitar Pantai Senggigi membuat pantai ini ramai wisatawan, sekaligus dijadikan lokasi transit ke Trio Gili.",pantai
https://anekatempatwisata.com/pantai-tanjung-lesung-pantai-perawan-di-barat-pulau-jawa/,"Pantai Tanjung Lesung, Pantai Perawan di Barat Pulau Jawa",Pantai Tanjung Lesung adalah salah satu pantai di Jawa Barat yang sudah cukup tekenal di kalangan warga Banten dan Jakarta. Mau tau ada apa di pantai ini?,pantai
https://anekatempatwisata.com/daftar-pantai-di-anyer/,9 Pantai di Anyer yang Wajib Dikunjungi - Aneka Tempat Wisata,"Jika kamu termasuk salah satu pecinta wisata pantai, wisata pantai di Anyer banyak banget lho yang kamu bisa kunjungi!Dijamin perjalanan wisata kamu",pantai
https://anekatempatwisata.com/pantai-wisata-tanjung-bira-destinasi-paling-eksotis-sulawesi-selatan/,Wisata Tanjung Bira - Pantai Paling Eksotis di Sulawesi Selatan,Bingung liburan tempat wisata mana? Pantai Tanjung Bira - Destinasi Paling Eksotis Sulawesi Selatan. Wisata Tanjung Bira di anekatempatwisata.com,pantai
https://anekatempatwisata.com/10-pantai-di-gunungkidul-jogja-yang-wajib-dikunjungi/,"10 Pantai di Gunungkidul, Jogja yang Wajib Dikunjungi","Kamu mau wisata ke Jogja? Pengen jalan-jalan ke pantai yang bagus? Baca daftar 10 pantai di Gunungkidul, Jogja yang wajib dikunjungi di sini.",pantai
https://anekatempatwisata.com/10-pantai-eksotis-di-jawa-timur-yang-wajib-dikunjungi/,10 Pantai Eksotis di Jawa Timur yang Wajib Dikunjungi,"Bagi Anda pecinta wisata pantai, di sini kami akan mengulas 10 keindahan pantai eksotis di Jawa Timur yang sayang untuk dilewatkan.",pantai
https://anekatempatwisata.com/10-pantai-terindah-di-indonesia-yang-wajib-dikunjungi/,Pantai Terindah di Indonesia - Ada 10 yang Wajib Dikunjungi!,"Enaknya liburan ke pantai mana ya? Untuk menjawab kegalauan Anda ini, ada daftar 10 pantai terindah di Indonesia yang layak untuk Anda singgahi.",pantai
https://anekatempatwisata.com/wisata-makassar-pantai-losari/,Pantai Losari - Pesona Pantai Ektosis Makassar - Aneka Tempat Wisata,Pantai Losari sudah menjadi ikon dari Makassar dan merupakan salah satu tempat wisata eksotis di Makassar- Sulawesi yang paling populer.,pantai
https://anekatempatwisata.com/pantai-carita-surga-kecil-di-pesisir-banten/,Pantai Carita: Surga Kecil Di Pesisir Banten,Pantai Carita merupakan salah satu objek wisata terkenal di Indonesia. Tidak ada salahnya mencoba mengunjungi Pantai Carita di akhir pekan.,pantai
https://anekatempatwisata.com/7-tempat-wisata-pantai-di-bali-yang-wajib-dikunjungi/,7 Tempat Wisata Pantai di Bali yang Wajib Dikunjungi,Bali sangat terkenal dengan wisata pantainya. Apa saja tempat wisata pantai di Bali yang wajib dikunjungi? Simak pembahasannya berikut ini.,pantai
https://anekatempatwisata.com/menikmati-berjemur-ala-private-beach-di-pantai-green-bowl/,Menikmati Berjemur Ala Private Beach di Pantai Green Bowl,Ke Bali ingin mendapatkan suasana pantai yang lebih tenang? Pantai Green Bowl adalah jawabannya. Baca di sini informasi lengkap seputar Pantai Green Bowl.,pantai
https://anekatempatwisata.com/pantai-siung-pesona-pantai-di-yogyakarta-yang-tak-boleh-dilewatkan/,"Pantai Siung, Pesona Pantai di Yogyakarta yang Tak Boleh Dilewatkan","Selain Pantai Parangtritis, di daerah Gunungkidul juga terdapat banyak pantai menarik lain yang memiliki panorama unik. Salah satunya adalah Pantai Siung.",pantai
https://anekatempatwisata.com/wisata-bali-pantai-kuta/,Wisata Bali - Pantai Kuta - Aneka Tempat Wisata,"Jangan bilang Anda sudah pernah ke Bali, jika belum mengunjungi Pantai Kuta Bali. Tempat wisata yang satu ini sudah menjadi ikon dari wisata pantai di Bali.",pantai
https://anekatempatwisata.com/10-tempat-wisata-pantai-di-jakarta-dan-sekitarnya-yang-wajib-dikunjungi/,10 Tempat Wisata Pantai di Jakarta dan Sekitarnya yang Wajib Dikunjungi,"Pengen jalan-jalan tapi enggak mau jauh dari Jakarta? Ga perlu kuatir, ada 10 tempat wisata pantai di Jakarta dan sekitarnya yang bisa kamu kunjungi!",pantai
https://anekatempatwisata.com/wisata-pacitan-pantai-klayar/,Wisata Pacitan - Pantai Klayar - Aneka Tempat Wisata,"Pantai Klayar adalah sebuah pantai yang berada di Kabupaten Pacitan, Jawa Timur. Pantai Klayar menawarkan pesona alam yang tiada duanya.",pantai
https://anekatempatwisata.com/pantai-trikora-pantai-cantik-untuk-berlibur-sekaligus-berdoa/,"Pantai Trikora, Pantai Cantik Untuk Berlibur Sekaligus Berdoa","Kamu suka wisata pantai? Mau jalan-jalan ke Pulau Bintan? Jangan lupa berkunjung ke Pantai Trikora, pantai cantik untuk berlibur sekaligus berdoa.",pantai
https://anekatempatwisata.com/10-tempat-wisata-pantai-di-lombok-yang-wajib-dikunjungi/,10 Tempat Wisata Pantai di Lombok yang Wajib Dikunjungi,Kamu suka wisata pantai? Lombok terkenal dengan pantai-pantainya yang indah. Inilah daftar 10 pantai di Lombok yang harus kamu kunjungi.,pantai
https://anekatempatwisata.com/pantai-kartini-wisata-keluarga-dan-edukasi-di-jepara/,"Pantai Kartini, Wisata Keluarga dan Edukasi di Jepara",Ternyata Jepara juga memiliki wisata alam yang terkenal dan sayang untuk Anda lewatkan. Tempat wisata tersebut adalah Pantai Kartini.,pantai
https://anekatempatwisata.com/menikmati-sunset-di-gazebo-pantai-drini/,Menikmati Sunset di Gazebo Pantai Drini,Hingga saat ini Gunungkidul adalah lokasi wisata favorit bagi Anda yang ingin menghabiskan liburan di pantai bersama kerabat terdekat.,pantai
https://anekatempatwisata.com/8-pantai-di-pacitan-yang-sayang-untuk-dilewatkan/,8 Pantai di Pacitan yang Sayang Untuk Dilewatkan,"Berbatasan dengan Samudra Hindia, Pacitan memiliki banyak pantai indah yang patut Anda kunjungi. Inilah 8 pantai di Pacitan yang sayang untuk dilewatkan.",pantai
https://anekatempatwisata.com/pantai-papuma-pantai-terindah-di-pulau-jawa/,"Pantai Papuma, Pantai Terindah di Pulau Jawa","Dibalik keindahannya, ternyata Pantai Papuma menyimpan cerita mistis yang hingga kini masih dipercaya oleh masyarakat luas.",pantai
https://anekatempatwisata.com/pantai-pulau-merah-kuta-kedua-di-pulau-jawa-yang-ada-di-banyuwangi/,"Pantai Pulau Merah, Kuta Kedua di Pulau Jawa yang Ada di Banyuwangi",Kota Banyuwangi ternyata memiliki sebuah pantai yang terkenal sangat indah. Pantai tersebut adalah Pantai Pulau Merah.,pantai
https://anekatempatwisata.com/wisata-bali-pantai-pandawa/,Wisata Bali - Pantai Pandawa - Aneka Tempat Wisata,"Pantai Pandawa merupakan sebuah tempat wisata di Bali yang tergolong masih baru dan tidak seramai Pantai Kuta, Pantai Legian dan Pantai Seminyak.",pantai
https://anekatempatwisata.com/pantai-wisata-tanjung-bira-destinasi-paling-eksotis-sulawesi-selatan,Wisata Tanjung Bira - Pantai Paling Eksotis di Sulawesi Selatan,Bingung liburan tempat wisata mana? Pantai Tanjung Bira - Destinasi Paling Eksotis Sulawesi Selatan. Wisata Tanjung Bira di anekatempatwisata.com,pantai
https://pesona.travel/destinasi/4950/menjajal-selancar-di-pantai-maluk-sumbawa,Menjajal Selancar di Pantai Maluk Sumbawa - Pesona Indonesia,"Selain mempunyai pemandangan yang memikat hati, Pantai Maluk Sumbawa terkenal dengan ombak besar dan terbaik untuk surfing.",pantai
