https://visitingjogja.com/12766/museum-ullen-sentalu/,"Museum Ullen Sentalu, Museum Terbaik di Indonesia",Museum Ullen Sentalu merupakan museum swasta yang pembangunannya diprakarsai oleh Keluarga Haryono dibawah payung Yayasan Ulating Blencong. Ullen Sentalu sendiri merupakan akronim dari kata Ulating Blencong Sejatine Tataraning Lumaku yang artinya Pelita Kehidupan Umat Manusia.,museum
https://visitingjogja.com/8255/monumen-pahlawan-pancasila/,Monumen Pahlawan Pancasila - Dinas Pariwisata Daerah Istimewa Yogyakarta,"Museum Monumen Pahlawan Pancasila berada di Jalan Pandega Sakti, Kentungan, Depok, Sleman, terletak di dalam lingkungan Komplek TNI AD Batalyon 403. Museum ini dapat ditempuh melalui Jalan kaliurang, atau jalan tembusan dari Terminal Condongcatur keara",museum
https://visitingjogja.com/8252/museum-memorial-jenderal-besar-soeharto-melihat-lebih-dekat-perjuangan-soeharto/,"Museum Memorial Jenderal Besar Soeharto, Melihat lebih Dekat","Museum memorial Jenderal Besar Soeharto diresmikan bertepatan dengan hari lahir beliau 08 Juni di Dusun Kemusuk, Desa Argomulyo, Kecamatan Sedayu, Bantul, DIY. Di atas lahan seluas 3.620 meter persegi, museum ini didirikan untuk mengenang jasa dan pengabdian beliau",museum
https://visitingjogja.com/8246/museum-dirgantara-mandala-pusat-sejarah-tni-au/,"Museum Dirgantara Mandala, Pusat Sejarah TNI AU - Dinas Pariwisata Daerah Istimewa Yogyakarta","Museum Perjuangan TNI AU adalah cikal bakal dari Museum Dirgantara Mandala yang pertama kalinya diresmikan oleh Panglima Angkatan Udara Laksamana Roesmin Noerjadin, pada tanggal 4 April 1969 di Markas Komando Udara V Tanah Abang Bukit Jakarta. Perpindahan museum dari Jakarta menuju Yogyakarta",museum
https://visitingjogja.com/8242/museum-biologi-ugm-ekspedisi-flora-dan-fauna-di-tengah-kota/,"Museum Biologi UGM, Ekspedisi Flora dan Fauna di Tengah Kota","Di usianya yang ke-44, Museum Biologi UGM mengalami pasang surut di perjalanannya menjadi salah satu wahana ilmu pengetahuan di wilayah DIY dan sekitarnya. Dedikasi serta loyalitas terhadap ilmu pengetahuan membuat museum ini terus berdiri, selain itu berkat kerja keras dan semangat untuk bermanfaat bagi masyarakat",museum
https://visitingjogja.com/8236/museum-bahari-yogyakarta-pengingat-bangsa-indonesia-sebagai-negara-maritim/,"Museum Bahari Yogyakarta, Pengingat Bangsa Indonesia sebagai Negara Maritim - Dinas Pariwisata Daerah Istimewa Yogyakarta","Berkunjung di Museum Bahari Yogyakarta, pengujung dapat menikmati seluk beluk tentang dunia maritim. Pengunjung dapat mengetahui secara details isi anjungan kapal perang, serta film dokumenter sejarah TNI AL. Selain itu, kita dapat melihat koleksi kelautan dan pertahanan laut berup",museum
https://visitingjogja.com/8233/museum-anak-kolong-tangga-mendokumentasikan-permainan-anak-seluruh-dunia/,"Museum Anak Kolong Tangga, Mendokumentasikan Permainan Anak Seluruh Dunia - Dinas Pariwisata Daerah Istimewa Yogyakarta","Mengandeng dengan beberapa tokoh seni di Jogja, Rudi Corens berhasil mewujudkan impiannya mendirikan sebuah museum khusus anak-anak yang dinamai Museum Anak Kolong Tangga. Penamaan ini tidak terlepas dari lokasi museum yang tepat di bawah tangga pintu masuk Concert Hall.",museum
https://visitingjogja.com/8230/museum-affandi/,Museum Affandi - Dinas Pariwisata Daerah Istimewa Yogyakarta,"Museum Affandi, selain menyimpan koleksi karya lukisnya, museum ini juga menampilkan aktifitas beliau di luar dunia seni lukis.",museum
https://visitingjogja.com/8227/museum-geoteknologi-upn-edukasi-eksplorasi-dan-kontruksi/,"Museum Geoteknologi UPN, Edukasi, Eksplorasi dan Kontruksi","Museum Geoteknologi Mineral berada di kompleks Kampus II Universitas Pembangunan Nasional Veteran Yogyakarta, yang bertujuan melestarikan peniggalan-peninggalan berharga bagi kehidupan manusia dan menggunakannya sebagai media dan sarana untuk mencintai, mempelajari, serta mengembangkan ilmu pengetahuan.",museum
https://visitingjogja.com/8224/museum-rs-mata-dr-yap/,Museum RS Mata Dr. Yap Memberikan Alternatif Wisata Ilmu Pengetahuan,"Museum RS Mata Dr. Yap merupakan museum yang terlatak di dalam komplek Rumah sakit Mata Dr. Yap di Jalan Cik Ditiro 5 Yogyakarta, dan bernaung dibawah Yayasan Dr. Yap.",museum
https://visitingjogja.com/8221/museum-sonobudoyo-i-menikmati-sejarah-ilmu-pengetahuan/,"Museum Sonobudoyo I, Menikmati Sejarah Ilmu Pengetahuan",Museum Sonobudoyo I menjadi salah satu tempat kunjungan wisata yang diminati wisatawan baik domestik maupun mancanegara. Tingkat kunjungan yang tinggi ini tidak terlepas dari lokasi museum ini yang tidak jauh dari Kraton Yogyakarta serta Benteng Vredeburg.,museum
https://visitingjogja.com/informasi-wisata-jogja/wisata-museum/page/2/,Wisata Museum Jogja Dinas Pariwisata Daerah Istimewa Yogyakarta,"Kumpulan informasi destinasi wisata museum jogja, wisata museum yang ada di Daerah Istimewa Yogyakarta.",museum
https://visitingjogja.com/8218/museum-sasana-wiratama-menelusuri-jejak-sejarah-pangeran-diponegoro/,"Museum Sasana Wiratama, Menelusuri Jejak Pangeran Diponegoro","Museum Sasana Wiratama dibuka untuk masyarakat umum pada tanggal 9 Agustus 1969 yang diresmikan oleh Presiden Soeharto. Wisata museum ini menyajikan berbagai koleksi diantaranya, senjata tradisional (keris, panah, dan pedang) yang dipergunakan Pangeran Diponegoro dalam perjuangannya.",museum
https://visitingjogja.com/8215/museum-gembira-loka-melihat-diorama-flora-dan-fauna-krkb-gembira-loka/,Melihat Diorama Flora dan Fauna KRKB Gembira Loka,"Diorama Flora dan Fauna KRKB Gembira Loka tempatan dimana para wisatawan bisa melihat dan mendapatkan informasi mengenai flora dan fauna dari berbagai tempat laut, udara dan darat. Selain itu pengunjung juga bisa melihat diorama pengolahan jamu tradisional yang berbagis pada tumbuhan yang diolah secara manual.",museum
https://visitingjogja.com/8192/museum-sandi-negara-mempelajari-ilmu-intelejen-dari-berbagai-negara/,"Museum Sandi Negara, Mempelajari Ilmu Intelejen dari Berbagai Negara","Museum Sandi Negara berlokasi di kawasan Kotabaru, Yogyakarta setelah sebelumnya menempati di lantai dasar Museum Perjuangan Yogyakarta. Di museum ini, aneka macam koleksi yang bernilai sejarah menceritakan dunia persandian secara lebih luas.",museum
https://visitingjogja.com/8189/museum-pergerakan-wanita-melihat-jejak-perjuangan-kaum-perempuan-indonesia/,"Museum Pergerakan Wanita, Melihat Jejak Perjuangan Wanita Indonesia",Sebagai bentuk penghargaan terhadap kiprah perjuangan kaum perempuan Indonesia dibangunlah Gedung Museum Pergerakan Wanita Indonesia Mandala Bhakti Wanitatama dalam rangka memperingati Kongres Perempuan I pada tahun 1928 di Yogyakarta.,museum
https://visitingjogja.com/8186/museum-kirti-griya-dewantara-menelisik-jejak-perjuangan-rm-soewardi-soerjaningrat/,"Museum Kirti Griya Dewantara, Menelisik Jejak Perjuangan RM Soewardi Soerjaningrat - Dinas Pariwisata Daerah Istimewa Yogyakarta",Dengan mengunjungi Museum Kirti Griya Dewantara kita dapat merasakan pahit getirnya perjuangan Ki Hadjar Dewantara dalam melepaskan belenggu kebodohan yang menghinggapi masyarakat jelata pada waktu tersebut.,museum
https://visitingjogja.com/8180/museum-puro-pakualaman-menjelajahi-jejak-sejarah-kadipaten-puro-pakualaman/,"Museum Puro Pakualaman, Sejarah Kadipaten Puro Pakualaman","Seluruh koleksi dibagi dalam 3 bagian ruangan di bagian depan sebelah timur kompleks istana Puro Pakualaman. Melalui regol Wiwara Kusuma (berhiaskan lambang mahkota Praja Pakualaman dan tanaman lung lungan), dan pintu inilah yang menyambut pengunjung memasuki Museum Puro Pakualaman.",museum
https://visitingjogja.com/8177/de-mata-trick-eye-museum/,De Mata Trick Eye Museum - Dinas Pariwisata Daerah Istimewa Yogyakarta,"Di De Mata Trick Eye Museum, pengunjung dapat merasakan sensasi tiga dimensi dengan berbagai pose dan latar belakang yang mengagumkan karena seperti nyata. Disebut terbesar di dunia karena di XT Square Yogyakarta terdapat 120 gambar tiga dimensi, sedangkan di luar negeri paling banyak hanya 70 gambar.",museum
https://visitingjogja.com/8174/museum-pendidikan-indonesia-rekam-jejak-sejarah-perjuangan-pendidikan-di-indonesia/,"Museum Pendidikan Indonesia, Rekam Jejak Sejarah Perjuangan Pendidikan di Indonesia - Dinas Pariwisata Daerah Istimewa Yogyakarta",Museum Pendidikan Indonesia berdiri di gedung bekas Rektorat Pertama yang berada di area komplek UNY. Museum Pendidikan Indonesia merupakan yang pertama dan satu-satunya museum yang menyimpan dan mengoleksi barang-barang yang berhubungan dengan sejarah pendidikan di Indonesia.,museum
https://visitingjogja.com/8171/museum-dharma-wiratama-pusat-sejarah-perjalanan-tni-ad/,"Museum Dharma Wiratama, Pusat Sejarah Perjalanan TNI AD",Perjalanan di Museum Dharma Wiratama atau TNI AD dimulai dari Ruang Pengantar yang terletak di bagian tengah depan. Di tempat ini terdapat dua ruangan yang dipergunakan Pangsar Jenderal Soedirman dan Letjen Oerip Soemohardjo sebagai ruang kerja yang saling berhadapan.,museum
https://visitingjogja.com/8168/museum-sasmita-loka/,Museum Sasmita Loka - Dinas Pariwisata Daerah Istimewa Yogyakarta,"Rumah besar menghadap ke barat dengan pilar-pilar gagah dengan pintu-pintu tinggi dan besar, itulah sekelumit gambaran kediaman rumah Pangsar Jenderal Sudirman yang sekarang ini dijadikan Museum Sasmita Loka.",museum
https://visitingjogja.com/8165/museum-perjuangan-yogyakarta/,Museum Perjuangan Yogyakarta - Dinas Pariwisata Daerah Istimewa Yogyakarta,"Sebagai bentuk apresiasi pemerintah untuk mengenang setengah abad Hari Kebangkitan Nasional, berdirilah Museum Perjuangan Yogyakarta. Pembangunan museum dimulai dengan peletakan batu pertama oleh Sri Paku Alam VIII pada tanggal 29 Juni 1961. Pembangunan museum ini selesai pada tahun 1963.",museum
https://visitingjogja.com/8162/museum-keraton-yogyakarta/,Museum Keraton Yogyakarta - Dinas Pariwisata Daerah Istimewa Yogyakarta,"Banyaknya koleksi yang dimiliki oleh museum Keraton Yogyakarta, perlengkapan jumenengan atau penobatan raja paling banyak menarik perhatian pengunjung. Peralatan atau ubo rampe penobatan raja terdiri dari dalang, sawung, galing, hardawalika, kutuk, kandil, kacu mas, dan cepuri yang dibuat dari bahan kuningan sehingga",museum
https://www.nativeindonesia.com/museum-geologi-bandung/,"Museum Geologi Bandung, Wisata Berbonus Pengetahuan Sains","Dari sekian banyak museum yang ada di Indonesia, salah satu nya yang tertua adalah museum geologi bandung. Di tempat ini banyak menyimpan fosil sejarah jaman",museum
https://www.nativeindonesia.com/museum-zoologi/,"Museum Zoologi, Mengenalkan Berbagai Hewan Dari Zaman Prasejarah","Di Bogor, ada sebuah kawasan yang patut dikunjungi oleh sobat native. Dimana tempat ini menghadirkan kawasan museum tentang hewan-hewan. Belajar mengenai",museum
https://www.nativeindonesia.com/museum-blanco/,"Museum Blanco, Menikmati Maha Karya Pelukis Internasional",Museum Blanco Renaissance adalah kawasan yang menarik untuk dikunjungi. Banyak sekali spot menarik yang bisa dijadikan sebagai spot foto. Suasana dan,museum
https://www.nativeindonesia.com/museum-ullen-sentalu/,"Museum Ullen Sentalu, Mesin Waktu Peradaban Jawa","Melalui Yayasan Ulat Blencong beliau memprakarsai sebuah museum partikelir yang didedikasikan untuk kebudayaan Jawa, khususnya keraton Yogyakarta dan Keraton",museum
https://www.nativeindonesia.com/museum-gunung-merapi/,"Museum Gunung Merapi, Mengenal Lebih Dalam Gunung Legendaris Jogja",Museum Gunung MerapiÂ merupakan salah tempat yang dibangun untuk menjadi sarana pembelajaran tentang gunung teraktif di dunia ini. Di museum ini pengunjung,museum
https://mytrip123.com/museum-ronggowarsito/,Museum Ronggowarsito - Harga Tiket Masuk - Spot Foto Terbaru 2020,Berikut info harga tiket masuk museum ronggowarsito semarang dan rute menuju loaksi terbaru. Ada juga review tentang spot foto terbaru yang unik dan menarik,museum
https://eksotisjogja.com/tag/museum-di-jogja/,20 Wisata Museum di Yogyakarta Terbaru yang Lagi Hits 2017,"Ada banyak museum-museum yang bertebaran di kota Yogyakarta, Inilah Objek Wisata Museum di Jogja yang Wajib di Kunjungi saat berkunjung di kota yogyakarta",museum
https://eksotisjogja.com/museum-affandi-melihat-galeri-sang-maestro-lukis/,"20 Koleksi Mewah di Museum Affandi, Galeri Sang Maestro Indonesia","Museum Affandi terletak di Jalan Laksda Adisucipto Nomor 167 Yogyakarta samping sungai Gajah Wong, terdapat 3 galeri yang menampilkan berbagai lukisan",museum
https://eksotisjogja.com/jalan-jalan-museum-de-arca-museum-de-mata-yogyakarta/,Jalan-jalan ke Museum De Arca & Museum De Mata Yogyakarta,Semua patung lilin dan gambar unik yang ada di Museum Patung De Arca dan De Mata ini adalah merupakan hasil karya seniman Yogyakarta,museum
https://eksotisjogja.com/5-museum-sejarah-terkenal/,5 Museum Sejarah Terkenal yang ada di Yogyakarta,"Yogyakarta memang selalu dikenal dengan wisatanya, baik itu wisata alam maupun wisata sejarahnya. Banyak sekali cerita sejarah yang ada di Jogjakarta.",museum
https://eksotisjogja.com/museum-ullen-sentalu-sajikan-seni-budaya-jawa-dengan-unik/,Museum Ullen Sentalu Sajikan Seni & Budaya Jawa Dengan Unik,"Museum Ullen Sentalu terbagi atas beberapa ruangan, yang pertama ruang seni dan gamelan, konon seorang sultan harus mampu menciptakan karya seni.",museum
https://eksotisjogja.com/menikmati-wisata-sejarah-benteng-vredeburg/,Wisata Sejarah Museum Benteng Vredeburg Yogyakarta,"Benteng Vredeburg adalah benteng peninggalan Belanda yang berada di Kota Jogja, dan kini menjadi museum, wisata edukasi untuk mengenal sejarah perjuangan",museum
https://anekatempatwisata.com/museum-macan/,Museum MACAN: Wisata Seni yang Menarik di Kota Jakarta,"Bosan dengan destinasi liburan di Jakarta yang itu-itu saja? Ke Museum MACAN, yuk! Wisata seni menarik dan murah di akhir pekan kamu",museum
https://anekatempatwisata.com/wisata-malang-museum-angkut/,Wisata Malang - Museum Angkut - Aneka Tempat Wisata,"Dibuka pada tanggal 9 Maret 2014, Museum Angkut adalah tempat wisata pertama di Asia Tenggara yang mengusung tema transportasi.",museum
https://anekatempatwisata.com/wisata-bandung-museum-geologi-bandung/,Wisata Bandung - Museum Geologi Bandung,"Museum Geologi Bandung adalah sebuah museum yang sudah menjadi bangunan bersejarah di kota Bandung, sehingga menarik minat wisatawan.",museum
https://pesona.travel/keajaiban/3719/peninggalan-bersejarah-negeri-laskar-pelangi,Peninggalan Bersejarah Negeri Laskar Pelangi - Pesona Indonesia,"Berkunjung ke Pulau Belitung wajib melihat benda-benda tradisional peninggalan Negeri Laskar Pelangi dari tempo dulu, coba berkunjung ke Museum Tanjung Pandan.",museum
https://pesona.travel/keajaiban/6056/mengapa-museum-nasional-disebut-museum-gajah,Mengapa Museum Nasional Disebut Museum Gajah? - Pesona Indonesia,Museum Nasional merupakan museum pertama dan terbesar yang ada di Asia Tenggara. Eksistensi Museum Nasional diawali dengan berdirinya himpunan Bataviaasch Genootschap van Kunsten en Wetenschappen oleh Pemerintah Belanda pada 24 April 1778.,museum
https://pesona.travel/keajaiban/6036/museum-karst-wonogiri-terbesar-di-asia-tenggara,"Museum Karst Wonogiri, Terbesar di Asia Tenggara - Pesona Indonesia",Terletak di Kawasan Eco-Karst kita bisa melihat secara langsung batuan Karst yang berada diluar museum maupun di dalam museum.,museum
https://pesona.travel/member/686/berkunjung-ke-museum-benteng-heritage,Berkunjung ke Museum Benteng Heritage - Pesona Indonesia,Namanya Museum Benteng Heritage yang merupakan barometer museum kebangsaan mewakili berbagai etnis.,museum
