https://www.twisata.com/taman-nasional-gunung-rinjani-objek-wisata-pendakian-tercantik-indonesia/,Taman Nasional Gunung Rinjani Objek Wisata Pendakian Tercantik Indonesia - | Twisata,Taman Nasional Gunung Rinjani merupakan objek wisata pendakian dengan julukan gunung tercantik di Indonesia yang menyimpan sejarah legenda unik,gunung
https://www.twisata.com/puncak-jaya-wijaya-papua-pegunungan-tertinggi-yang-ada-di-indonesia/,Puncak Jayawijaya Papua Pegunungan Tertinggi Yang Ada Di Indonesia - | Twisata,Berikut ini merupakan ulasan mengenai Puncak Jayawijaya Papua Carstensz Pyramid yang merupakan pegunungan tertinggi yang ada di Indonesia,gunung
https://www.twisata.com/taman-nasional-gunung-leuser-objek-wisata-memukau-di-aceh/,Taman Nasional Gunung Leuser Objek Wisata Memukau Di Aceh - | Twisata,"Berikut adalah ulasan mengenai Taman Nasional Gunung Leuser ( TNBL ) yang merupakan objek wisata yang memukau di Aceh,",gunung
https://www.twisata.com/wisata-gunung-bromo-tempat-indah-di-jawa-timur/,Objek Wisata Gunung Bromo Tempat Indah Di Jawa Timur - | Twisata,"Ulasan mengenai objek Wisata Gunung Bromo yang merupakan tempat wisata indah yang ada di Jawa Timur, berikut tips untuk berwisata ke Bromo",gunung
https://www.twisata.com/panorama-objek-wisata-gunung-tangkuban-perahu-di-jawa-barat/,Panorama Objek Wisata Gunung Tangkuban Perahu di Jawa Barat - | Twisata,Panorama Objek Wisata Gunung Tangkuban Perahu merupakan tempat wisata yang terletak di Lembang - Jawa Barat,gunung
https://www.twisata.com/harga-paket-wisata-dan-sewa-jeep-hardtop-murah-gunung-bromo/,Harga Paket Wisata Dan Sewa Jeep Hardtop Murah Gunung Bromo - | Twisata,Harga paket wisata dan sewa jeep hartop murah Gunung Bromo yang dapat dijadikan pilihan dalam berwisata ke Bromo.,gunung
https://www.twisata.com/objek-wisata-kawah-gunung-ijen-tempat-melihat-blue-fire-di-indonesia/,Objek Wisata Kawah Gunung Ijen Tempat Melihat Blue Fire di Indonesia - | Twisata,Objek Wisata Kawah Gunung Ijen Tempat Melihat Blue Fire di Indonesia merupakan objek wisata yang memukau di kawasan Banyuwangi Jawa Timur,gunung
https://visitingjogja.com/12327/bukit-bintang-patuk/,Melihat Landscape Kota Jogja dari Bukit Bintang Patuk,"Bukit bintang patuk berada di perbukitan Patuk Gunungkidul, Bukit Hargodumilah atau yang lebih populer dengan sebutan Bukit Bintang ini memang tidak salah jika menjadi primadona para pecinta wisata malam Jogja.",gunung
https://visitingjogja.com/259/gunung-api-purba-nglanggeran/,Gunung Api Purba Nglanggeran - Dinas Pariwisata Daerah Istimewa Yogyakarta,Gunung Api Purba Nglanggeran merupakan salah satu kawasan wisata alam yang indah. Nglanggeran juga menjadi salah satu destinasi yang masuk dalam geopark.,gunung
https://www.water-sport-bali.com/mendaki-gunung-agung/,Mendaki Gunung Agung Bali - 4 Tips Pendakian Yang Harus Dilakukan,"Sebelum anda mendaki gunung Agung Bali, ada empat tips yang harus anda lakukan untuk keselamatan anda selama pendakian. Dapatkan tipsnya disini!",gunung
https://www.nativeindonesia.com/wisata-alam-di-taman-buru-gunung-kareumbi-masigit/,☆☆ Wisata Alam Di Taman Buru Gunung Kareumbi Masigit ☆☆,"info seputar wana wisata hutan buru gunung kareumbi, lokasi kawasan wisata masigit kareumbi, alamat dan jalan menuju kareumbi lengkap. baca infonya di sini",gunung
https://www.nativeindonesia.com/kawah-ratu-gunung-salak/,"Kawah Ratu, Keindahan Gunung Salak Di Balik Cerita Mistisnya","Seperti halnya, di Malang dengan Gunung Semeru yang mempunyai Danau Ranu Kumbolo, atau Gunung Rinjani yang berada di kawasan Lombok dengan pesona Danau Segara",gunung
https://www.nativeindonesia.com/wisata-bandung-kawah-tangkuban-perahu/,"Wisata Kawah Tangkuban Perahu, Perbatasan Bandung - Subang","Info kawah dan gunung Tangkuban Perahu Bandung, tiket masuk tangkuban perahu, cerita legenda, foto, video, dan juga cara menuju lokasi bisa anda baca disini",gunung
https://www.nativeindonesia.com/gunung-pancar/,"Gunung Pancar, Wisata Alam Di Bogor Dengan Berbagai Cerita","Gunung Pancar, salah satu pesona di Bogor yang memiliki semua suasana dan nuansa yang diinginkan bagi sobat native yang membutuhkan liburan. Kawasan ini",gunung
https://www.nativeindonesia.com/wisata-gunung-munara-bogor/,Wisata Gunung Munara Bogor,"Gunung Munara Bogor merupakan salah satu tujuan wisata alternatif yang mulai banyak dikenal pengunjung, khususnya pengunjung dari daerah Bogor, Jakarta, dan",gunung
https://eksotisjogja.com/objek-wisata-lereng-gunung-merapi/,22 Objek Wisata Lereng Gunung Merapi yang Seru & Hits 2019 - Eksotis Jogja,Kaliadem merupakan salah satu kawasan wisata yang terletak di kaki Gunung Merapi yang memiliki nuansa alam yang sangat sejuk.,gunung
https://eksotisjogja.com/gunung-api-purba-nglanggeran/,10 Spot Foto di Api Purba Nglanggeran yang Lagi Hits 2017,Gunung Api Purba Nglanggeran merupakan sebuah kawasan yang litologinya disusun oleh material vulkanik tua dan memiliki bentang alam sangat,gunung
https://eksotisjogja.com/menikmati-wisata-gunung-ijo-kulonprogo/,"Gunung Ijo, Spot Sunrise Terindah dan Eksotis di Kulon Progo - Eksotisjogja.com",Gunung Ijo ini merupakan puncak dari pegunungan Menoreh yang berlokasi di perbatasan kabupaten Kulon Progo dengan Purworejo.,gunung
https://eksotisjogja.com/menikmati-panorama-indah-gunung-lanang/,Menikmati Panorama Indah di Puncak Gunung Lanang - Eksotisjogja.com,"puncak gunung lanang adalah salah satu wisata yang ada di puncak bukit menoreh, tepatnya di Desa Jatimulyo, Girimulyo, Kabupaten Kulon Progo.",gunung
https://eksotisjogja.com/tag/pegunungan/,Pegunungan yang Lagi Hits Tahun 2017,Jogja adalah salah satu destinasi tujuan wisata di indonesia dan Juga destinasi wisata terbaik ke 2 di indonesia. Tag: Pegunungan,gunung
https://eksotisjogja.com/menikmati-senja-jogja-dari-puncak-becici/,5 Spot foto Puncak Becici Bantul yang Lagi Hits dan Populer 2019 - Eksotis Jogja,"puncak becici merupakan wisata alam yang terletak di Dusun Gunung Cilik, Desa Gunung Mutuk, Kecamatan Dlingo Mangunan, banyak terdapat pohon pinus",gunung
https://anekatempatwisata.com/wisata-jawa-timur-gunung-bromo/,Wisata Jawa Timur - Gunung Bromo - Aneka Tempat Wisata,"Berdiri kokoh setinggi 2.329 meter di atas permukaan laut, Gunung Bromo menyimpan keindahan alam yang sayang untuk Anda lewatkan.",gunung
https://anekatempatwisata.com/wisata-lombok-gunung-rinjani/,Gunung Rinjani - Wisata Gunung yang Indah di Lombok - Aneka Tempat Wisata,Gunung Rinjani yang berlokasi di Lombok utara adalah gunung berapi tertinggi kedua di Indonesia dan merupakan primadona wisata di Pulau Lombok.,gunung
https://anekatempatwisata.com/wisata-jawa-timur-gunung-semeru/,Wisata Jawa Timur - Gunung Semeru - Aneka Tempat Wisata,"Gunung Semeru merupakan salah satu gunung berapi yang paling aktif di Indonesia. Menurut catatan, setiap 20 menit gunung ini mengeluarkan kepulan asap.",gunung
https://anekatempatwisata.com/wisata-bandung-gunung-tangkuban-perahu/,Tangkuban Perahu Bandung - Wisata Menarik Di Bandung Untuk Berlibur,"Gunung Tangkuban Perahu Bandung merupakan sebuah gunung aktif di Bandung Utara, tepatnya di Cikole, Lembang, atau sekitar 20 km dari pusat kota Bandung.",gunung
https://pesona.travel/keajaiban/3074/menjajal-terbang-paralayang-dari-pegunungan-matantimali-palu,Menjajal Terbang Paralayang dari Pegunungan Matantimali Palu - Pesona Indonesia,"Paralayang Matantimali berada di ketinggian sekitar 1.000 meter di atas permukaan laut. Sangat pas untuk menguji adrenaline kita, bukan? Take off dari ketinggian tersebut kita akan disuguhkan pemandangan pegunungan yang mengelilingi Kota Palu, serta tentu",gunung
https://pesona.travel/keajaiban/5570/wisata-gunung-merapi-melihat-peninggalan-erupsi,"Wisata Gunung Merapi, Melihat “Peninggalan” Erupsi - Pesona Indonesia",Masyarakat sekitar akhirnya meraih rezeki dari kunjungan wisatawan yang semakin meningkat. Museum Gunung Merapi yang didirikan oleh pemerintah dan museum-museum mini yang dikelola penduduk dari rumah penduduk korban lava gunung merapi menjadi daya tarik,gunung
https://pesona.travel/destinasi/4289/sehari-di-gunung-sitoli-nih-4-destinasi-eksotik-di-luaha,"Sehari di Gunung Sitoli? Nih, 4 Destinasi Eksotik di Luaha - Pesona Indonesia","Gunung Sitoli sering disebut dengan Luaha, terletak di muara sungai Nou, yang saat ini dikenal sebagai Pasar Gunung Sitoli. Bentang alam Gunung Sitoli berupa bukit-bukit sempit dengan ketinggian yang beragam. Cuma punya waktu sehari di Gunung Sitoli?",gunung
