https://www.twisata.com/objek-wisata-air-terjun-sigura-gura-air-terjun-tertinggi-di-indonesia/,Objek Wisata Air Terjun Sigura Gura Air Terjun Tertinggi Di Indonesia - | Twisata,"Berikut ini adalah ulasan objek wisata air terjun Sigura Gura, air terjun tertinggi di Indonesia",air terjun
https://www.twisata.com/air-terjun-madakaripura-tempat-wisata-di-probolinggo-yang-terkenal/,Air Terjun Madakaripura Tempat Wisata di Probolinggo Yang Terkenal - | Twisata,Objek wisata air terjun Madakaripura merupakan sebuah tempat wisata di Probolinggo yang menarik dan merupakan tempat wisata yang menyimpan sejarah.,air terjun
https://visitingjogja.com/281/air-terjun-sri-gethuk/,Air Terjun Sri Gethuk - Dinas Pariwisata Daerah Istimewa Yogyakarta,Air terjun sri gethuk merupakan salah satu destinasi wisata air yang berada di kabupaten Gunungkidul. Air terjun ini selalu ramai dan menjadi favorit.,air terjun
https://visitingjogja.com/11673/air-terjun-kedung-kandang/,Air Terjun Kedung Kandang - Dinas Pariwisata Daerah Istimewa Yogyakarta,"Air terjun Kedung Kandang terletak di Dusun Gunungbutak yang masih berada di desa Nglanggeran, kecamatan Patuk, Gunungkidul. Untuk menuju kesini, wisatawan bisa mengambil rute Ring Road Timur-Jalan Wonosari-Bukit Bintang.",air terjun
https://www.nativeindonesia.com/air-terjun-pelangi-curug-cimahi-bandung-lembang/,Air Terjun Pelangi - Curug Cimahi Lembang Bandung,"Reader semuanya, ada tempat wisata baru nih air terjun di Bandung, Air Terjun Pelangi Bandung.",air terjun
https://www.nativeindonesia.com/curug-cilember/,"Curug Cilember, Air Terjun Di Bogor Yang Menawan","Apakah benar kata pengunjung lainnya tentang kawasan ini, bila Curug cilember mempunyai keindahan yang menawan? Tidak usah berlama-lama, mari langsung saja",air terjun
https://www.nativeindonesia.com/air-terjun-kanto-lampo/,"Air Terjun Kanto Lampo, Air Terjun Indah Di Dataran Rendah Pulau Dewata","Air Terjun Kanto Lampo setinggi 15 meter menghadirkan suasana sejuk dan segar. Dengan dinding miring, air terjun jadi &quot;ramah&quot; karena tidak “memukul” dasar sungai.",air terjun
https://www.nativeindonesia.com/curug-cimahi-bandung/,Review Wisata Curug Cimahi Bandung Lengkap,"info Curug Cimahi Bandung, lokasi dan alamat curug cimahi, tiket masuk, serta foto dokumentasi dari air terjun cimahi Bandung bisa rekan baca disini",air terjun
https://www.nativeindonesia.com/tag/air-terjun/,Artikel Seputar Wisata Alam Air Terjun Di Indonesia,Kumpulan artikel wisata air terjun di Indonesia yang kami siapkan disini bisa dijadikan referensi liburan alam untuk anda. Silahkan klik disini!,air terjun
https://www.nativeindonesia.com/curug-di-bandung/,8 Tempat Wisata Curug Di Bandung Yang Di Rekomendasikan,Info tempat wisata curug di Bandung lengkap. Disini kami ulas seputar air terjun di Bandung yang direkomendasikan buat dikunjungi oleh anda..,air terjun
https://www.nativeindonesia.com/curug-nangka/,"Curug Nangka, Air Terjun Di Bogor Yang Indah",Curug Nangka adalah salah satu solusinya. Air terjun ini memang mempunyai keindahan yang luar biasa. Tambah menarik lagi dengan tantangan yang harus dilewati,air terjun
https://www.nativeindonesia.com/curug-luhur-bogor/,Keindahan Curug Luhur Bogor Yang Memikat Hati,Liburan ke Bogor? Kunjungi juga Curug Luhur di Bogor ya. Air terjun yang indah ini memiliki fasilitas yang lengkap dan mudah dijangkau. Simak infonya disini...,air terjun
https://www.nativeindonesia.com/curug-putri-kencana/,"Curug Putri Kencana, Wisata Alam Indah Di Dekat Kota","Di Curug Putri Kencana, pengunjung akan disuguhkan pemandangan air terjun yang memukau. Di bawahnya terdapat leuwi berwarna hijau tosca berhias bebatuan besar.",air terjun
https://www.nativeindonesia.com/curug-leuwi-hejo/,"Curug Leuwi Hejo, Air Terjun Alami Dengan Kolam Biru Sebening Kristal","Curug Leuwi Hejo terkenal sebagai objek Wisata Alam dengan pemandangan yang indah dan air yang jernih. Curug ini juga disebut sebagai Curug Bengkok, dan",air terjun
https://www.nativeindonesia.com/air-terjun-blangsinga/,"Air Terjun Blangsinga, Wisata Air Terjun Baru Di Bali","Lokasi pedesaan ini saat ini memang  sedang dikembangkan menjadi salah satu desa wisata di Pulau Bali. Desa Blangsinga dengan air terjun Blangsinga -nya,",air terjun
https://www.nativeindonesia.com/air-terjun-kedung-pedut/,"Air Terjun Kedung Pedut, Pesona Baru Jogja Di Wilayah Kulon Progo","Nama Air terjun Kedung Pedut mungkin masih terdengar asing, atau mungkin juga tidak. Bila tak salah ingat, kawasan ini pernah menjadi lokasi sebuah acara",air terjun
https://www.nativeindonesia.com/curug-gomblang/,"Curug Gomblang, Air Terjun 50 Meter Di Dalam Lindungan Hutan Negara","Curug Gomblang adalah salah satu air terjun indah yang berlokasi di lereng Gunung Slamet. Walaupun tidak terlalu tinggi, namun debit air di Curug cukup deras.",air terjun
https://www.nativeindonesia.com/curug-panganten-tasikmalaya/,"Curug Panganten Tasikmalaya, 1 Diantara Ratusan Curug Di Tasikmalaya",Curug panganten Tasikmalaya adalah 1 dari ratusan air terjun di Tasikmalaya. Keindahan dan kesejukan mengundang pengunjung menikmati ketenangan nya yang alami.,air terjun
https://www.nativeindonesia.com/curug-ciastana/,"Curug Ciastana, Air Terjun Dengan 2 Kolam Menakjubkan",Curug Ciastana bertingkat dan lebar. Tingkat pertama 50 meter dan yang kedua lebih rendah. Keduanya membentuk danau kecil yang sering dijadikan tempat berendam.,air terjun
https://www.nativeindonesia.com/tempat-wisata-ungaran/,"11 Tempat Wisata Ungaran, Dari Air Terjun Hingga Sanggar Seni","Artikel ini akan membicarakan 11 tempat wisata ungaran paling menarik dan indah. Selain 11 yang ada di daftar ini, sebenarnya masih banyak tempat wisata lain.",air terjun
https://www.nativeindonesia.com/air-terjun-tanggedu/,"Air Terjun Tanggedu, Grand Canyon Dari Sumba Timur",Air Terjun Tanggedu tampil mempesona dengan tebing-tebing curam berukir yang ada di samping kanan kirinya. Air terjun ini khas dengan air bening kebiru-biruan.,air terjun
https://mytrip123.com/curug-benowo/,Curug Benowo - Harga Tiket Masuk - Spot Foto Terbaru 2020,Curug benowo merupakan air terjun yang berlokasi di Ungaran Semarang. Berikut info harga tiket masuk dan rute menuju lokasi terbaik.,air terjun
https://mytrip123.com/curug-cigamea-pesona-wisata-air-terjun-di-bogor/,Curug Cigamea - Info Lokasi Spot Foto Terbaru 2020,"Curug cigamea memiliki dua macam air terjun yang mempunyai karakter yang berbeda., harga tiket curug cigamea , rute menuju curug cigamea ...fasilitas curug",air terjun
https://mytrip123.com/air-terjun-kali-pancur/,Air Terjun Kali Pancur - Harga Tiket Masuk - Spot Foto Terbaru 2020,Berikut info harga tiket masuk air terjun kali pancur dan rute lokasi terbaik. Selain itu kami juga review spot foto curug yang instagramable,air terjun
https://eksotisjogja.com/tag/air-terjun-di-gunungkidul/,air terjun di gunungkidul yang Lagi Hits Tahun 2017,Jogja adalah salah satu destinasi tujuan wisata di indonesia dan Juga destinasi wisata terbaik ke 2 di indonesia. Tag: air terjun di gunungkidul,air terjun
https://eksotisjogja.com/wisata-air-terjun-di-yogyakarta/,20 Wisata Air Terjun di Jogja yang Lagi Hits Tahun 2019 - Explore Jogja,"Air terjun (curug) merupakan wisata favorib bagi semua kalangan, Berikut kami ulas Wisata Air terjun di Jogja yang lengkap dan akurat.",air terjun
https://eksotisjogja.com/air-terjun-tlogo-muncar-kaliurang-2/,Pesona Wisata Air Terjun Tlogo Muncar Kaliurang | EksotisJogja,"Air Terjun Tlogo Muncar terletak di bawah kaki gunung Merapi, tepatnya di kawasan wisata Kaliurang, Kabupaten Sleman, Yogyakarta",air terjun
https://eksotisjogja.com/air-terjun-perawan-sidoharjo-kulon-progo-yogyakarta/,"Air Terjun Sidoharjo, Curug Perawan dan Tertinggi di Kulon Progo - Eksotis Jogja","Air terjun perawan sidoharjo terletak di Desa Sidoharjo, Kecamatan Samigaluh, Kabupaten Kulon Progo, berjarak 29 km dari kota yogyakarta",air terjun
https://eksotisjogja.com/keindahan-air-terjun-grojogan-sewu-kulon-progo/,Menikmati keindahan Air terjun Grojogan Sewu Kulon Progo - Eksotisjogja.com,"Grojogan sewu adalah air terjun yang berada di kabupaten Kulon progo, letaknya masih di perbukitan menoreh, dekat dengan wisata alam goa kiskendo",air terjun
https://eksotisjogja.com/wisata-air-terjun-kedung-pedut-kulon-progo/,5 Spot Foto Bagus di Kedung Pedut Kulon progo yang Hits 2017,"kedung pedut adalah air terjun yang terdapat di kabupaten kulon progo yogyakarta, tepatnya terletak di desa wisata jatimulyo, terdapat dua warna",air terjun
https://eksotisjogja.com/pesona-air-terjun-setawing-bukit-menoreh-kulon-progo/,"Curug Setawing, Air Terjun Cantik nan Memesona di Kulon Progo","Air terjun Setawing adalah salah satu air terjun yang ada di perbukitan Menoreh Kabupaten Kulon Progo, Yogyakarta. dekat dengan air terjun grojogan sewu",air terjun
https://eksotisjogja.com/curug-pulosari-bantul-jogja/,"Curug Pulosari, Air Terjun Tersembunyi di Bantul Yogyakarta","Curug Pulosari, sejatinya merupakan sebuah air terjun yang airnya bersumber dari aliran air sungai alami di kawasan perbukitan di sekitar lokasi. Pancuran di Curug Pulosari terbilang kecil.",air terjun
https://eksotisjogja.com/tag/air-terjun/,12 Tempat Wisata Air Terjun di Yogyakarta Terlengkap | Eksotisjogja.com,"Kumpulan Air Terjun di Jogja, di Jogja juga mempunyai jajaran air terjun yang keren, Indah, Eksotis dan Memanjakan Mata Pengunjung saat mengunjunginya",air terjun
https://eksotisjogja.com/kedung-pengilon-bantul/,"Air Terjun Kedung Pengilon Bantul, Lagi Ngehits Tahun 2017 di Jogja","Di tinjau dari asal muasalnya nama Kedung Pengilon yang dalam Bahasa Indonesia “kedung” berarti kolam dan “pengilon” adalah cermin. Karena air di kedung pengilon ini sangat bening dan jernih seperti kaca, maka di beri nama tmpat ini dengan Kedung Pengilon.",air terjun
https://eksotisjogja.com/tag/air-terjun-di-kulon-progo/,air terjun di kulon progo yang Lagi Hits Tahun 2017,Jogja adalah salah satu destinasi tujuan wisata di indonesia dan Juga destinasi wisata terbaik ke 2 di indonesia. Tag: air terjun di kulon progo,air terjun
https://eksotisjogja.com/air-terjun-tlogo-muncar-kaliurang/,Objek Wisata Air Terjun Tlogo Muncar Kaliurang Jogja,Air Terjun Kaliurang juga merupakan wisata alam yang sangat diminati oleh para wisatawan dan cukup banyak yang datang mengunjunginya.,air terjun
https://eksotisjogja.com/tag/air-terjun-di-bantul/,air terjun di bantul yang Lagi Hits Tahun 2017,Jogja adalah salah satu destinasi tujuan wisata di indonesia dan Juga destinasi wisata terbaik ke 2 di indonesia. Tag: air terjun di bantul,air terjun
https://anekatempatwisata.com/coban-rais-dan-batu-flower-garden/,Coban Rais dan Batu Flower Garden yang Hits. Yuk Ngetrip ke Malang!,"wisata Coban Rais Malang cocok menjadi tujuan wisata kamu sobat!. Selain kamu bisa menyaksikan pesona air terjun yang indah,",air terjun
https://anekatempatwisata.com/air-terjun-bidadari-sentul-wisata-air-terjun-yang-modern-untuk-keluarga/,"Air Terjun Bidadari Sentul, Wisata Air Terjun yang Modern Untuk Keluarga",Mau ke tempat wisata yang enggak jauh dari Jakarta? Air Terjun Bidadari Sentul adalah pilihan yang tepat untuk Anda!,air terjun
https://pesona.travel/keajaiban/5606/bersantai-di-tengah-debur-air-terjun-pelangi,Bersantai di Tengah Debur Air Terjun Pelangi - Pesona Indonesia,Banyak pelancong datang ke sini melalui rute Lembang atau Cihideung. Air Terjun Pelangi berjarak kurang lebih 12 kilometer dari Alun-alun Cimahi dengan rute jalan menanjak dan waktu tempuh kira-kira 30 menit. Posisi air terjun berada di lembah di sebelah ,air terjun
https://pesona.travel/keajaiban/5602/menikmati-surga-tersembunyi-curug-malela-yang-anggun,Menikmati Surga Tersembunyi Curug Malela yang Anggun - Pesona Indonesia,"Pesona Curug Malela terpancar lewat bentukan alami air terjun dan bebatuan di sekitarnya. Bukan satu, melainkan lima air terjun berdampingan dalam satu aliran air yang bikin takjub. Jika diperhatikan, seperti membentuk tirai putih berbahan sutra dan enak ",air terjun
https://pesona.travel/keajaiban/5591/curug-batu-templek-tebing-batu-dan-air-terjun-eksotis,"Curug Batu Templek, Tebing Batu dan Air Terjun Eksotis - Pesona Indonesia","Air terjun yang berjatuhan dari tebing berasal dari Kali Cisanggarung yang mengalir di atasnya. Dari pintu air jembatan kali ini, masyarakat setempat memanfaatkan dan membagi air sungai tersebut untuk mengairi persawahan. Jika musim kemarau debit air yang",air terjun
https://pesona.travel/keajaiban/6034/air-terjun-segoro-gunung-20-meter-kesegaran-alami,"Air Terjun Segoro Gunung, 20 Meter Kesegaran Alami - Pesona Indonesia","Karanganyar merupakan salah satu Kabupaten yang terletak di lereng Gunung Lawu, tepatnya sebelah timur kota Solo. Di Kabupaten ini banyak terdapat air terjun. Salah satunya yang berada di desa Segoro Gunung.",air terjun
https://pesona.travel/keajaiban/5995/perjalanan-menakjubkan-menuju-air-terjun-moni-flores,Perjalanan Menakjubkan Menuju Air Terjun Moni Flores - Pesona Indonesia,"Asiknya, sepanjang perjalanan kita disuguhi banyak pemandangan yang asri dan udara yang terasa sejuk. Di kiri-kanan jalan, umum ditemui perkebunan rakyat dengan berbagai macam varietas tanaman.",air terjun
https://pesona.travel/keajaiban/6069/ayo-bermain-air-di-5-air-terjun-di-geopark-ciletuh,Ayo Bermain Air di 5 Air Terjun di Geopark Ciletuh - Pesona Indonesia,"Menikmati suasana alam di antara riuhnya suara gemericik air, Geopark Ciletuh bisa dijadikan tempat wisata untuk menikmati indahnya pesona air terjun yang menarik.",air terjun
https://pesona.travel/keajaiban/5554/menikmati-pesona-hutan-pinus-dan-curug-layung,Menikmati Pesona Hutan Pinus dan Curug Layung - Pesona Indonesia,Rasa lelah berjalan kaki sekira 30 menit terbayar tunai oleh pesona Curug Layung yang airnya demikian jernih dan dingin. Curug ini bukanlah air terjun yang tinggi dan lebar. Kurang lebih tingginya dua hingga empat meter dan terbagi dua air terjun. Air ter,air terjun
