https://www.twisata.com/objek-wisata-jatim-park-wahana-wisata-tempat-di-batu-malang/,Objek Wisata Jatim Park Wahana Wisata di Kota Batu - | Twisata,Objek Wisata Jatim Park di Kota Batu terdiri dari dua lokasi wisata dengan nama Jatim Park 1 dan Jatim Park 2 yang berbeda konsep diatara keduanya.,wahana
https://www.twisata.com/objek-wisata-trans-studio-bandung-wahanan-permainan-seru-untuk-keluarga/,Objek Wisata Trans Studio Bandung Wahana Permainan Seru Untuk Keluarga - | Twisata,Objek wisata Trans Studio Bandung merupakan tempat wisata yang cocok untuk keluarga dengan dilengkapi wahana permainan yang lengkap,wahana
https://visitingjogja.com/12814/jogja-bay-waterpark/,Jogja Bay Waterpark - Dinas Pariwisata Daerah Istimewa Yogyakarta,"Jogja Bay Waterpark merupakan salah satu wahana air yang ada di Yogyakarta. Waterpark yang diresmikan 20 Desember 2015 ini Jogja Bay mengusung Bajak Laut sebagai tema utamanya. Berdiri di atas lahan seluas kurang lebih 7,7 hektar, Jogja Bay memiliki 14 wahana air seru",wahana
https://visitingjogja.com/12775/sindu-kusuma-edu-park/,Sindu Kusuma Edu Park - Dinas Pariwisata Daerah Istimewa Yogyakarta,"Sindu Kusuma Edu Park (SKE) merupakan wahana permainan yang mengusung tema rekreasi keluarga dan edukasi yang berlokasi di Jalan Magelang KM 2 (Jambon), Dusun Sinduadi, Kecamatan Mlati, Kabupaten Sleman, Yogyakarta atau sekitar 20 menit dari pusat kota menggunakan kendaraan bermotor.",wahana
https://visitingjogja.com/12555/galaxy-waterpark-2/,"Galaxy Waterpark, Berpetualang Bersama Keluarga","Terdapat beberapa permainan air yang bisa dicoba di Galaxy Waterpark, diantaranya kolam Olympic, kolam remaja yang dilengkapi dua water slide setinggi 10 meter, kolam balita dengan ember tumpah dan jembatan tali serta beberapa perosotan yang menambah keriangan si kecil, dan kolam arus. Selain wahana air",wahana
https://visitingjogja.com/12550/balong-waterpark-2/,Balong Waterpark - Dinas Pariwisata Daerah Istimewa Yogyakarta,"Lokasi Balong Waterpark tidak terlalu jauh dari pusat Kota Yogyakarta, sekitar 1,5 km dari perempatan Ringroad Kotagede ke arah timur. Tepatnya berada di Jalan Pleret KM 1,5 Banguntapan, Bantul, Yogyakarta. Salah satu wahana yang patut dicoba disini adalah Water Coster.",wahana
https://visitingjogja.com/12547/grand-puri-waterpark-2/,Grand Puri Waterpark - Dinas Pariwisata Daerah Istimewa Yogyakarta,"Grand Puri Waterpark merupakan rekreasi wisata air yang didirikan pada tanggal 3 Februari 2010 dan diresmikan secara langsung oleh Bupati Bantul Hj. Sri Surya Wisati. Dengan luas areal sekitar 1,5 hektar, Grand Puri Waterpark menawarkan berbagai macam wahana / permainan air seru untuk anak-anak maupun dewasa.",wahana
https://visitingjogja.com/9855/jogja-bay/,"Waterpark Jogja Bay, Wahana Air Terbesar di Indonesia","Di Jogja Bay terdapat sekitar 19 wahana permainan dengan How to survive in tsunami dan Eartquake yang menjadi wahana paling populer, karena selain bermain kita juga bisa belajar bagaimana cara menghadapi tsunami, dimana di permainan ini kita akan dihadapkan dengan 8 ombak besar layaknya tsunami.",wahana
https://visitingjogja.com/9871/balong-waterpark/,"Balong Waterpark, Taman Air Pertama yang Ada di Jogja","Ada banyak sekali wahana seru yang bisa kita coba di Balong Waterpark. Salah satu wahana yang cukup populer adalah Water Coaster, dimana kita akan meluncur dengan kecepatan sekitar 60km/jam dari ketinggian sekitar 9 meter, tidak hanya itu saja, di Balong Waterpark juga terdapat Water Slide dengan ketinggian 12 meter",wahana
https://www.water-sport-bali.com/watersport-tanjung-benoa/,Watersport Tanjung Benoa Bali - Daftar Harga Murah Rekreasi Air 2020,"Ingin mencoba wahana Tanjung Benoa watersport Bali, parasailing, seawalker? Lihat disini! Harga watersport Tanjung Benoa terbaru 2020 wisatawan domestik.",wahana
https://www.water-sport-bali.com/flyboard-bali/,Flyboard Bali - Harga Murah Wahana Tanjung Benoa Watersport 2020,"Ingin mencoba aktivitas flyboard Bali? Pesan disini untuk mendapatkan harga murah aktivitas Flyboarding Tanjung Benoa watersport, Rp 550,000/orang.",wahana
https://www.water-sport-bali.com/10-wahana-water-sports-favorit-wisatawan-indonesia/,"10 Wahana Water Sports Favorit Wisatawan Indonesia, Liburan Di Bali","Ingin mencoba permainan air saat liburan ke Bali? Cari tahu disini! Daftar 10 wahana water sports favorit wisatawan Indonesia, disertai harga.",wahana
https://www.water-sport-bali.com/wahana-air-di-tanjung-benoa-terbaru/,Wahana Air Di Tanjung Benoa Terbaru 2020 Watersport Bali,Anda suka aktivitas watersport Tanjung Benoa dan ingin tahu apa saja aktivitas wahana air di Tanjung Benoa terbaru? Cari tahu disini infonya!,wahana
https://www.water-sport-bali.com/tanjung-benoa-rolling-donut/,"Bali Rolling Donut Watersport Tanjung Benoa Harga Murah Rp 80,000","Pesan wahana permainan Bali rolling donut watersport Tanjung Benoa disini! Dapatkan harga promo murah Rp 80,000/orang, termasuk asuransi, biaya pelayanan.",wahana
https://www.water-sport-bali.com/tag/rekreasi-air/,"Rekreasi Air Di Bali - Info Tips Liburan, Lokasi Aktivitas & Jenis Wahana","Apa saja aktivitas liburan rekreasi air di Bali? Lihat disini! Pilihan wahana, lokasi permainan, baik di pantai, sungai, danau, water park, air terjun.",wahana
https://www.water-sport-bali.com/rolling-donut-watersport-sanur/,Rolling Donut Watersport Sanur Bali Harga Murah Termasuk Asuransi,"Tertarik mencoba aktivitas water sports di pantai Sanur Bali? Pesan disini! Wahana permainan rolling donut watersport Sanur, harga murah termasuk asuransi.",wahana
https://www.water-sport-bali.com/bali-swing/,"Bali Swing - Lokasi, Harga Tiket & Panduan Aktivitas Ayunan Di Bali","Apakah tertarik mencoba Bali swing saat liburan ke Bali? Cari disini! Nama penyedia wahana, peta lokasi ayunan harga tiket swing.",wahana
https://www.water-sport-bali.com/wahana-gili-ocean/,Wahana Gili Ocean Fast Boat Murah Ke Gili Trawangan,"Wahana Gili Ocean, saranana transfortasi fast boat murah, aman, nyaman dan cepat untuk wisata Gili Trawangan Lombok, hanya Rp 350.000 untuk satu orang.",wahana
https://www.water-sport-bali.com/asuransi-penumpang-wahana-gili-ocean/,Asuransi Penumpang Wahana Gili Ocean Bali Fast Boat Gili Trawangan,"Ingin tahu asuransi penumpang Wahana Gili ocean, yang terkover dalam harga tiket Bali cruise ke Gili Trawangan dari Bali melalui pelabuhan Padang Bai?",wahana
https://www.nativeindonesia.com/wana-wisata-wendit/,"Wana Wisata Wendit, Menikmati Segarnya Kolam Ritual Raja Majapahit",Wana Wisata wendit awalnya adalah kolam renang alami yang dilengkapi beberapa fasilitas sebagai sarana rekreasi seperti wahana air untuk anak anak dan keluarga.,wahana
https://www.nativeindonesia.com/dago-dream-park/,"Dago Dream Park, Tempat Wisata Keluarga Di Bandung Yang Keren Bgt","Review Dago Dream Park Bandung LENGKAP! Harga tiket masuk, tiket wahana permainan, lokasi dan peta, juga hotel di sekitarnya bisa anda temukan disini. Mau berlibur ke Bandung? jangan lewatkan tempat ini ya!",wahana
https://www.nativeindonesia.com/the-jungle-bogor/,"The Jungle Bogor, Wahana Wisata Air Untuk Keluarga","Review the Jungle Bogor, harga tiket masuk, alamat, wahana permainan yang tersedia di The Jungle Waterpark Bogor, hotel dekat lokasi. SELENGKAPNYA DISINI.....",wahana
https://www.nativeindonesia.com/de-ranch-bogor/,"De Ranch Bogor, Tempat Wisata Keluarga DiÂ Bogor Yang Hits","Namanya adalah De Ranch Bogor. Bagi warga jawa barat dan juga Bogor mungkin, wahana satu ini sudah tidak asing lagi. Penasaran dengan kawasan wisata ini. ada",wahana
https://www.nativeindonesia.com/galaxy-waterpark/,"Galaxy Waterpark Jogja, Hadirkan Miracle Di Kota Gudeg","Berdiri di atas lahan seluas 2,5 hektar, Galaxy Waterpark Jogja banyak menghadirkan kolam dan wahana-air yang tentu sangat cocok untuk seluruh anggota keluarga.",wahana
https://www.nativeindonesia.com/saloka-park-semarang/,"Saloka Park Semarang, Theme Park Terbesar Di Jawa Tengah","Saloka Park Semarang merupakan taman bermain terbesar di Jawa Tengah. Tersedia berbagai wahana, mulai permainan edukasi khusus anak, hingga memacu adrenalin.",wahana
https://mytrip123.com/asyiknya-bermain-di-61-wahana-wisata-bahari-lamongan/,Asyiknya Bermain Di 1001 Wahana Wisata Bahari Lamongan,"beritkut wahana wisata bahari lamongan yang patu anda coba yaitu banana. . harga tiket wisata baari lamongan, rute menuju wahana wisata bahari lamongan. WBL",wahana
https://eksotisjogja.com/jogja-bay-waterpark-wahana-air-terlengkap-dan-tercanggih/,14 Spot Foto Keren di Jogja Bay Waterpark yang Lagi Hits 2019 - Eksotis Jogja,"Jogja Bay merupakan waterpark terbesar di Indonesia, dengan luas 7,7 hektar dimana 5 hektar untuk area utama dan 2,7 hektar untuk area hijau.",wahana
https://eksotisjogja.com/wisata-keluarga-sindu-kusuma-edupark/,15 Spot Foto di Sindu Kusuma Edupark Jogja yang Hits 2019 - Wisata Keluarga,"Sindu Kusuma Edupark adalah wisata edukasi keluarga yang berada di Kabupaten Sleman, yogyakarta. Terdapat beberapa wahana permainan yang menarik",wahana
https://eksotisjogja.com/kebun-binatang-gembira-loka-jogja/,12 Spot Foto di Kebun Binatang Gembira Loka Jogja yang Hits 2017,"Wisata kebun binatang ini tidak hanya untuk koleksi satwa, akan tetapi terdapat juga wahana permainan dan juga taman untuk bersantai.",wahana
https://anekatempatwisata.com/jatim-park-2-wisata-keluarga-di-malang/,"Jatim Park 2, Wisata Keluarga di Malang Dengan Beragam Wahana - Aneka Tempat Wisata","tempat wisata di Malang yang ramah anak, salah satu wisata ramah anak di Malang yang punya berbagai macam wahana adalah Jatim Park 2",wahana
https://anekatempatwisata.com/trans-studio-makassar-wahana-permainan-seru-dalam-ruangan/,Trans Studio Makassar -Wahana Permainan Seru Dalam Ruangan -,"Bingung liburan tempat wisata mana? Trans Studio Makassar -Wahana Permainan Seru Dalam Ruangan. Kuliner, oleh-oleh, wisata terbaik anekatempatwisata.com",wahana
https://anekatempatwisata.com/7-wahana-atraktif-di-the-jungle-water-adventure-yang-wajib-dicoba/,7 Wahana Atraktif di The Jungle Water Adventure yang Wajib Dicoba,"Bila Anda dan putra-putri tercinta ingin menikmati wisata modern yang menyegarkan, The Jungle Water Adventure adalah pilihan yang tepat bagi Anda.",wahana
https://anekatempatwisata.com/wisata-bandung-trans-studio-bandung/,Wisata Bandung - Trans Studio Bandung,Trans Studio Bandung yang dibuka untuk umum pada bulan Juni 2011 mempunyai 20 macam wahana permainan yang sangat menyenangkan dan memacu adrenalin.,wahana
https://pesona.travel/keajaiban/6058/10-wisata-air-yang-bisa-ditemukan-di-pulau-bintan,10 Wisata Air yang Bisa Ditemukan di Pulau Bintan - Pesona Indonesia,"Wisata air menjadi salah satu unggulan di Pulau Bintan. Bahkan di Bintan kita bisa bermain di wahana air terbesar di Asia Tenggara, loh! Yuk, kita lihat keseruan apa saja yang bisa kita lakukan di Pulau Bintan.",wahana
