https://www.nativeindonesia.com/bukit-sewu-sambang/,"Bukit Sewu Sambang, Memandangi Keindahan Selat Bali Dari Tanah Banyuwangi","Dari Atas Bukit Sewu Sambang, keindahan Selat Bali temapk jelas. Pegunungan Bali Barat nampak menyemarakkan pemandangan. Pengunjung Jadi enggan beranjak pulang.",bukit
https://www.nativeindonesia.com/bukit-bintang-jogja/,"Bukit Bintang Jogja, Titik Dinner Romantis Di Ketinggian Yogya","Bukit Bintang Jogja- Jogja memang tak ada habis-habisnya jika membicarakan objek wisata. Mulai dari deretan pantai-pantai yang luar biasa di area Gunungkidul,",bukit
https://visitingjogja.com/12799/bukit-teletubbies-prambanan/,Bukit Teletubbies Prambanan - Dinas Pariwisata Daerah Istimewa Yogyakarta,"Bukit Teletubbies prambanan merupakan bukit dimana wisatawan bisa melihat pemandangan rumah dome Desa Teletubbies dari atas bukit yang terletak di Desa Wisata Rumah Domes, tepatnya di Dusun Nglepen, Desa Sumberharjo, Prambanan, Kabupaten Sleman,Yogyakarta.",bukit
https://visitingjogja.com/12790/spot-riyadi/,"Spot Riyadi, salah satu spot favorit yang terletak di prambanan, Sleman","Spot Riyadi terletak di dusun Sumberwatu, desa Sambirejo, kecamatan Prambanan, kabupaten Sleman, DI Yogyakarta. Dinamakan Spot Riyadi karena tempat ini berada di depan halaman rumah Pak Riyadi yang berada di perbukitan Sambirejo, Prambanan",bukit
https://visitingjogja.com/12796/bukit-klangon-merapi/,"Bukit Klangon Merapi terletak di Kabupaten Sleman, Yogyakarta","Menuju Bukit Klangon Merapi, wisatawan bisa memulai dari Jalan Kaliurang lurus ke utara sampai bertemu pertigaan untuk menuju merapi Golf atau The Lost World Castle kemudian ambil kanan lurus ke timur. Sampai ada pertigaan, ambil kiri dan ikuti petunjuk arah menuju Bukit Klangon",bukit
https://visitingjogja.com/12327/bukit-bintang-patuk/,Melihat Landscape Kota Jogja dari Bukit Bintang Patuk,"Bukit bintang patuk berada di perbukitan Patuk Gunungkidul, Bukit Hargodumilah atau yang lebih populer dengan sebutan Bukit Bintang ini memang tidak salah jika menjadi primadona para pecinta wisata malam Jogja.",bukit
https://visitingjogja.com/12544/bukit-paralayang-parangtritis/,Bukit Paralayang Parangtritis - Dinas Pariwisata Daerah Istimewa Yogyakarta,"Dengan ketinggian mencapai 900 Mdpl, pengunjung dapat menikmati keindahan garis Pantai Parangtritis yang bertemu langsung dengan luasnya Laut Selatan. Waktu favorit untuk mengunjungi tempat Bukit Paralayang Parangtritis adalah saat matahari tenggelam.",bukit
https://www.nativeindonesia.com/bukit-sewu-sambang/,"Bukit Sewu Sambang, Memandangi Keindahan Selat Bali Dari Tanah Banyuwangi","Dari Atas Bukit Sewu Sambang, keindahan Selat Bali temapk jelas. Pegunungan Bali Barat nampak menyemarakkan pemandangan. Pengunjung Jadi enggan beranjak pulang.",bukit
https://www.nativeindonesia.com/bukit-jamur-ciwidey/,"Bukit Jamur Ciwidey, Romansa Dintara Amur Hijau Raksasa",Bukit Jamur Ciwidey berada di kawasan Ciwidey. Bukit ini unik dengan ciri khas berupa barisan pepohonan cemara yang dipotong indah dengan desain berbentuk Jamur,bukit
https://www.nativeindonesia.com/bukit-campuhan-ubud-bali/,Keindahan Bukit Campuhan Ubud Bali Ini Wajib Anda Kunjungi,"Bukit Campuhan di Ubud Bali, terkenal dengan campuhan ridge walk yang indah. Simak info lokasi, tiket masuk, cara menuju lokasi, dan tips lainnya disini...",bukit
https://www.nativeindonesia.com/bukit-bintang-jogja/,"Bukit Bintang Jogja, Titik Dinner Romantis Di Ketinggian Yogya","Bukit Bintang Jogja- Jogja memang tak ada habis-habisnya jika membicarakan objek wisata. Mulai dari deretan pantai-pantai yang luar biasa di area Gunungkidul,",bukit
https://www.nativeindonesia.com/bukit-panguk-kediwung/,"Bukit Panguk Kediwung, Tempat Berburu Sunrise Di Atas Awan","Ada banyak destinasi menarik di Kecamatan Dlingo, salah satu diantaranya Bukit Panguk Kediwung. Objek ini memang relatif baru, jadi mungkin masih rada asing",bukit
https://www.nativeindonesia.com/puncak-widosari/,"Puncak Widosari, Menikmati Jogja Dan Pantai Selatan Dari Ketinggian 1.000 Mdpl",Puncak Widosari menyuguhkan keindahan dan ketenangan kota Jogja dari atas bukit hijau ini. Ciri khas Lokasi ini adalah sebongkah batu raksasa yang sangat unik.,bukit
https://www.nativeindonesia.com/bukit-cinta-ambarawa/,"Bukit Cinta Ambarawa, Area Larangan Kencan Yang Justru Rame Jadi Lokasi Pacaran",Bukit Cinta Ambarawa menyajikan pemandangan Rawa Pening dan bukit Brawijaya. JUga ada tempat bermain bagi anak dan gardu pandang untuk menikmati pemandangan.,bukit
https://www.nativeindonesia.com/bukit-wairinding/,"Bukit Wairinding, Lokasi Favorit Syuting Film Dan Klip Di Sumba Timur.","Bukit Wairinding, memperoleh publikasi saat menjadi lokasi syuting film Pendekar Tongkat Emas. Area ini bagai sekeping surga diantara landscape perbukitan indah.",bukit
https://www.nativeindonesia.com/bukit-tanarara/,"Bukit Tanarara, 1 Dari 2 Bukit Savana Menawan Di Sumba Timur","Bukit Tanarara unik dengan perbukitan bagai penari meliuk-liukkan tubuhnya, gemulai, menciptakan pemandangan nan apik membuat pengunjung nyaman berlama-lama.",bukit
https://mytrip123.com/tempat-menarik-di-bukit-fraser/,Tempat Menarik di Bukit Fraser Yang Terkini 2020 Paling Cantik,Berikut daftar tempat menarik di bukit Fraser yang terkini paling rekomended untuk dikunjungi. Simak juga info spot foto cantik yang bisa anda nikmati,bukit
https://mytrip123.com/bukit-jamur-ciwidey/,10 Spot Foto Bukit Jamur Ciwidey - Harga Tiket- Terbaru 2020 #1,Berikut spot foto bukit jamur ciwidey bandung yang masih jarang wisatawan tahu. Kami juga mengulas tentang harga tiket masuk dan rute menuju lokasi wisata,bukit
https://eksotisjogja.com/bukit-panguk-bantul-yogyakarta/,10 Spot Foto di Bukit Panguk Kediwung yang Lagi hits 2019 - Eksotis Jogja,"Jogjakarata tidak akan ada habisnya jika membahas tentang tempat wisata yang dimilikinya, seperti lokasi wisata yang satu ini, Bukit Panguk Bantul.",bukit
https://eksotisjogja.com/gardu-pandang-bukit-mojo-dlingo-bantul/,5 Spot Selfie di Bukit Mojo Gumelem yang Lagi Hits 2019 - Eksotis Jogja,"Bukit mojo terletak di Dusun Gumelem, Desa Mangunan, Kec. Dlingo, Bantul, Yogyakarta merupakan spot andalan untuk menikmati sunset di jogja. Di Bukit mojo Anda dapat menikmati sunset dengan leluasa dari gardu pandang yang telah di sediakan oleh pengelola.",bukit
https://eksotisjogja.com/bukit-bego-imogiri-bantul/,"Berburu Sunset di Bukit Bego Imogiri, Bantul - Eksotisjogja.com","Bukit ini adalah salah satu tempat untuk melihat keindahan sunset dengan sempurna cantik dan ciamik. Saat cuaca cerah pada bukit ini, pemandangan akan terlihat menakjubkan, Anda dapat melihat Gunung Merapi y",bukit
https://eksotisjogja.com/gardu-pandang-bukit-mojo-dlingo-bantul/,5 Spot Selfie di Bukit Mojo Gumelem yang Lagi Hits 2019 - Eksotis Jogja,"Bukit mojo terletak di Dusun Gumelem, Desa Mangunan, Kec. Dlingo, Bantul, Yogyakarta merupakan spot andalan untuk menikmati sunset di jogja. Di Bukit mojo Anda dapat menikmati sunset dengan leluasa dari gardu pandang yang telah di sediakan oleh pengelola.",bukit
https://eksotisjogja.com/destinasi-favorit-bukit-isis-kulon-progo-yogyakarta/,"Destinasi Favorit Bukit Isis Kulon Progo, Yogyakarta","Bukit Isis Desa Nglinggo, Pagerharjo, Samigaluh, Kulon Progo, Yogyakarta kini menjadi salah satu destinasi favorit baru bagi para wiatawan.",bukit
https://eksotisjogja.com/keindahan-wisata-puncak-suroloyo/,"Keindahan Puncak Suroloyo, Inilah Negeri Diatas Awan Jogja","puncak suroloyo terletak di ujung bukit menoreh, tepatnya di Desa Gerbosari, Kecamatan Samigaluh, Kabupaten Kulon Progo, cocok untuk menikmati senja",bukit
https://eksotisjogja.com/puncak-widosari-kulon-progo-yogyakarta/,"Puncak Widosari, Lokasi Terbaik Menikmati Sunset di Kulon Progo","puncak widosari terletak di Tritis, Ngargosari, Samigaluh, Kulon Progo, Yogyakarta, masih berada di area bukit menoreh Menikmati Keindahan Puncak Widosari",bukit
https://eksotisjogja.com/canting-mas-puncak-dipowono-kulon-progo/,Berburu Lanskap di Canting Mas Puncak Dipowono Kulon Progo - Eksotisjogja.com,"canting mas puncak dipowono terletak di Dusun Clapar II Hargowilis Kecamatan Kokap, jaraknya tak jauh dari wisata kalibiru bukit menoreh",bukit
https://eksotisjogja.com/menikmati-sunset-bukit-parang-endog/,Menikmati Senja Dari Atas Bukit Parang Endog | Eksotisjogja.com,Bukit Endog ini berlokasi di sisi Selatan Kota Yogyakarta tepatnya di sebelah timur Pantai Parangtritis ini sangat menarik perhatian oleh wisatawan,bukit
https://visitingjogja.com/12715/puncak-suroloyo-2/,"Puncak Suroloyo, Titik tertinggi di Perbukitan Menoreh.","Puncak Suroloyo memiliki ketinggian kurang lebih 1.091 Mdpl. Dari puncak ini wisatawan bisa melihat pemandangan empat gunung sekaligus, yaitu Merapi, Merbabu, Sindoro, dan Sumbing.",bukit
https://anekatempatwisata.com/wisata-bandung-bukit-moko-dan-warung-daweung/,Wisata Bandung - Bukit Moko dan Warung Daweung,"Bukit Moko adalah salah satu tempat wisata yang menarik untuk dikunjungi pada akhir pekan. Bukit Moko terletak di Desa Cimenyan, Bandung.",bukit
https://pesona.travel/keajaiban/4220/semalam-di-bukit-siadtaratas-dan-tao-silalahi-sisi-toba-yang-romantis,"Semalam di Bukit Siadtaratas dan Tao Silalahi, Sisi Toba yang Romantis - Pesona Indonesia","Bukit Siadtaratas merupakan salah satu lokasi unggulan untuk menikmati alam Danau Toba yang tak ada duanya. Pemandangan dari atas bukit nan hijau, hamparan luasnya kaldera terbesar di Asia Tenggara, ditemani sepiring nasi pulen dan ikan mujahir segar, sun",bukit
https://pesona.travel/keajaiban/5536/bentangan-indah-bukit-di-bondowoso,Bentangan Indah Bukit di Bondowoso - Pesona Indonesia,"Melewati hutan pinus, sedikit offroad dan pastinya berdebu. Namun pemandangan luar biasa yang saya dapatkan menghapus semua kelelahan. Bukit terbentang di bagian timur, dan pegunungan di bagian barat.  Untuk masuk di kawasan ini tidaklah sulit.",bukit
https://pesona.travel/member/693/wae-rebo-desa-kerucut-di-balik-bukit,"Wae Rebo, Desa Kerucut di Balik Bukit - Pesona Indonesia","Jaraknya sekitar 9 kilometer dengan harus melewati tiga pos, Wae Lomba, Poco Roko, Nampe Bakok.",bukit
https://pesona.travel/keajaiban/5902/bukit-gundul-dan-pemandangan-sang-surya-5902,Bukit Gundul dan Pemandangan Sang surya - Pesona Indonesia,"Penamaan bukit ini diambil dari kata meisik yang berarti gundul, oleh karena itu bukit ini dapat diartikan sebagai bukit gundul. ",bukit
