https://infobatik.id/,"Informasi Batik Indonesia","Batik Indonesia Sebagai Warisan Budaya Indonesia yang telah diakui Dunia melalui UNESCO dan Infobatik menyajikan segala hal tentang Batik Indonesia"
https://infobatik.id/kiciks-muslimah-hadirkan-busana-muslim-batik-sarat-makna/,"Kiciks Muslimah Hadirkan Busana Muslim Batik Sarat Makna","Konsep busana muslim “Adikara Batik Series” ini didesain dalam bentuk dress, tunik, dengan khimar. Warna yang dihadirkan ada dua macam yaitu Forest Brown dan Deep Artic Blue."
https://infobatik.id/long-dress-batik-bernuansa-monokrom/,"Long Dress Batik Bernuansa Monokrom","Dalam busana bernuansa monokrom itu, Ulfa tampak mempertahankan adanya batik yang sudah menjadi ciri khas rancangannya."
https://infobatik.id/batik-sekar-asmoro-jagad-menembus-benua-afrika/,"Batik Sekar Asmoro Jagad Menembus Benua Afrika","Karya-karya anak bangsa kian merambah dunia. Salah satunya batik Indonesia karya desainer Lindy Ann Umar Hadi telah menembus Benua Afrika lewat fashion show Sekar Asmoro Jagad pada Festival Soekarno di Aljir, Aljazair."
https://infobatik.id/batik-solo-pengusaha-ciptakan-motif-batik-2-jari/,"Batik Solo : Pengusaha Ciptakan Motif Batik 2 Jari","Seorang pengusaha batik di Kampung Batik Laweyan, Solo, Gunawan Muhammad Nizar menciptakan motif batik dua jari. Pencipta"
https://infobatik.id/batik-indonesia-terinspirasi-sandiaga-batik-sas/,"Batik Indonesia : Terinspirasi Sandiaga, Batik SAS","Munculnya batik simbol akal sehat atau SAS karya pengusaha batik asal Solo, Gunawan Muhammad Nizar ternyata disambut antusias"
https://infobatik.id/batik-podhek-pamekasan-bakal-replika-motif-lawasan/,"Batik Podhek Pamekasan Bakal Replika Motif 'Lawasan'","Peningkatan kualitas batik terus dilakukan pengrajin batik di Pamekasan Madura Jawa Timur agar bisa meningkatkan harga pasar. Salah satunya adalah pemilihan motif"
https://infobatik.id/12-mahasiswa-asing-ikuti-kursus-batik/,"12 Mahasiswa Asing Ikuti Kursus Batik - Informasi Batik Indonesia 12 Mahasiswa Asing Ikuti Kursus Batik","Sebanyak 12 mahasiswa asing mengikuti kursus batik di Universitas Sebelas Maret (UNS) melalui program International Batik Short Course 2017."
https://infobatik.id/new-york-fashion-week-pekalongan-akan-promosikan-batik-warna-alam/,"""New York Fashion Week"", Pekalongan akan Promosikan Batik Warna Alam - Informasi Batik Indonesia ""New York Fashion Week"", Pekalongan akan Promosikan Batik Warna Alam","Pemerintah Kabupaten Pekalongan, Jawa Tengah, akan mempromosikan kerajinan batik warna alam pada &quot;New York Fashion Week&quot; di Amerika Serikat, Februari 2018."
https://infobatik.id/danar-hadi-menjadi-ikon-batik-indonesia/,"Danar Hadi Menjadi Ikon Batik Indonesia - Informasi Batik Indonesia Danar Hadi Menjadi Ikon Batik Indonesia","Presiden Republik Indonesia Joko Widodo mengatakan Batik Danar Hadi berhasil menjadi ikon batik Indonesia yang tidak hanya dikenal oleh masyarakat dalam negeri tetapi juga luar negeri."
https://infobatik.id/uniknya-batik-cikadu-hingga-miniatur-badak-souvenir-khas-banten/,"Uniknya Batik Cikadu hingga Miniatur Badak, Souvenir Khas Banten","Banten merupakan salah satu daerah yang memiliki banyak kesenian dan budaya. Tak hanya itu, Banten juga memiliki salah satu kain khas yakni batik. Selintas batik Banten menyerupai dengan batik yang ada di Jawa. Meski demikian, batik Banten memiliki warna yang lebih kontras dan beranekaragam."
https://infobatik.id/desainer-batik-pengusaha-batik-kudus-kerja-keras/,"Desainer Batik : Pengusaha Batik Kudus, Kerja Keras","Indonesia beragam jenis batik. Mulai Sumatera, Jawa, Sulawesi, dan daerah lainnya. Tidak ketinggalan juga dengan Kab Kudus"
https://infobatik.id/unnes-dorong-pengembangan-batik-pewarna-alami/,"Unnes Dorong Pengembangan Batik Pewarna Alami - Informasi Batik Indonesia","Universitas Negeri Semarang mendorong pengembangan batik dengan pewarna alami dengan mendampingi kelompok pengrajin batik baru yang mulai bertumbuh di Kampung Malon, Gunungpati, Semarang, Jawa Tengah."
https://infobatik.id/tetap-eksis-alat-cap-batik-solo-masih-diminati-konsumen/,"Tetap Eksis, Alat Cap Batik Solo Masih Diminati Konsumen - Informasi Batik Indonesia","Kerajinan alat cap batik atau &quot;Stamp Batik&quot; yang diproduksi di Kampung Premulung Kelurahan Sondakan Kecamatan Laweyan kota Solo, meski sudah terkikis zaman, tetapi hingga sekarang masih eksis dan permintaan terus stabil."
https://infobatik.id/hari-batik-ribuan-istri-tentara-di-papua-barat-membatik/,"Hari Batik Ribuan Istri Tentara di Papua Barat Membatik","Ribuan istri tentara di jajaran Komando Daerah Militer XVIII/Kasuari/Papua Barat, Selasa, membatik secara serentak memperingati Hari Batik Nasional 2018. Ketua Dharma Pertiwi Daerah P-Kodam XVIII/Kasuari, Istriyani Wayangkau, mengatakan ini merupakan kegiatan serentak nasional yang digelar untuk memecahkan rekor MURI."
https://infobatik.id/batik-trenggalek-motif-batik-trenggalek-arumi-jawa/,"Batik Trenggalek : Motif Batik Trenggalek Arumi, Jawa","Motif batik ArumiPada akhir tahun 2016 pemerintah kabupaten Trenggalek meluncurkan varian baru batik trenggalek yaitu batik"
https://infobatik.id/batik-trenggalek-batik-trenggalek-anggrek-bulan/,"Batik Trenggalek : Batik Trenggalek Anggrek Bulan","Batik Trenggalek memiliki beberapa motif batik yang khas dengan menambahkan ciri khas tumbuhan cengkeh pada beberapa motif"
https://infobatik.id/batik-trenggalek-batik-trenggalek-truntum-cengkeh/,"Batik Trenggalek : Batik Trenggalek Truntum Cengkeh","Batik Trenggalek memiliki beberapa motif batik yang khas dengan menambahkan ciri khas tumbuhan cengkeh pada beberapa motif"
https://infobatik.id/batik-trenggalek-motif-batik-trenggalek-bunga-kapas/,"Batik Trenggalek : Motif Batik Trenggalek Bunga Kapas","Batik Trenggalek memiliki beberapa motif batik yang khas dengan menambahkan ciri khas tumbuhan cengkeh pada beberapa motif"
https://infobatik.id/canting-tulis-berdasarkan-jumlah-cucuknya/,"Canting Tulis Berdasarkan Jumlah Cucuknya","Canting cecekan merupakan canting isen, tentu saja fungsinya untuk memberi isian pada pola batik. Isen bisa berbentuk titik-titik maupun ukel."
https://infobatik.id/canting-tulis-berdasarkan-ukuran-cucuknya/,"Canting Tulis Berdasarkan Ukuran Cucuknya","Canting dengan ukuran cucuk kecil berfungsi untuk mengisi (isen) pola batik yang sudah dibuat, ini artinya canting cecek sama dengan canting isen."
https://infobatik.id/canting-tulis-berdasarkan-fungsinyal/,"Canting Tulis Berdasarkan Fungsinyal","Sesuai dengan namanya, rengreng adalah istilah yang biasa digunakan untuk proses dasar membuat pola."
https://infobatik.id/macam-macam-malam-atau-lilin-batik-lilin-batik-klowong/,"Macam-macam Malam atau Lilin Batik: Lilin Batik Klowong","Malam Batik atau bisa juga disebut lilin khusus membatik adalah salah satu bahan utama untuk membuat batik, khususnya batik tulis dan batik cap. Fungsi malam dalam proses pengerjaan batik adalah untuk menutupi bagian tertentu agar tidak terkena pewarna."
https://infobatik.id/bahan-batik-pengaruh-warna-warna-batik-pesisir/,"Bahan Batik : Pengaruh Warna-Warna Batik Pesisir","Seperti yang sudah kita tahu, batik memiliki ragam warna yang beragam. Dari mulai warna-warna yang dasar seperti bledhak."
https://infobatik.id/ragam-kain-untuk-membatik-kain-serat-nanas/,"Ragam Kain Untuk Membatik: Kain Serat Nanas.","Jenis kain yang digunakan sebagai bahan dasar pembuatan kain batik seperti kain serat nanas. Kain yang ditenun dengan menggunakan serat dari dan nanas."
https://infobatik.id/ragam-kain-untuk-membatik-kain-katun-prima/,"Ragam Kain Untuk Membatik: Kain katun prima","Jenis kain yang digunakan sebagai bahan dasar pembuatan kain batik salah satunya adalah kain katun prima. Katun prima merupakan jenis kain yang terbuat dari bahan kapas."
https://infobatik.id/ragam-kain-untuk-membatik-kain-katun-santyo/,"Ragam Kain Untuk Membatik: Kain Katun Santyo","Jenis kain yang digunakan sebagai bahan dasar pembuatan kain batik seperti Kain Katun Santyo. Kain katun jenis ini diproses melalui sanforisasi, yakni diberikan campuran sodium hydroxide. Hal ini dimaksudkan agar ketika diberi warna akan menghasilkan warna cerah dan melekat kuat."
https://infobatik.id/alat-batik-ukuran-canting-bisa-bermacam-macam/,"Alat Batik : Ukuran Canting Bisa Bermacam-macam","Ukuran canting dapat bermacam-macam sesuai besar kecilnya lukisan batik yang akan dibuat. Untuk Selengkapnya bisa dilihat"
https://infobatik.id/alat-batik-nama-tiga-bagian-dalam-canting-batik/,"Alat Batik : Nama Tiga Bagian dalam Canting Batik","Canting dibuat dengan mempertimbangkan presisi agar malam yang keluar dari mulut canting dapat mengalir lancar sehingga ok"
https://infobatik.id/alat-batik-canting-alat-untuk-membatik-tradisional/,"Alat Batik : Canting, Alat untuk Membatik Tradisional","Canting (dari bahasa Jawa, canthing) adalah alat yang dipakai untuk memindahkan atau mengambil cairan yang khas digunakan"
https://infobatik.id/alat-batik-canting-cap-alat-pembuatan-batik-cap/,"Alat Batik : Canting Cap, Alat Pembuatan Batik Cap","Canting cap adalah sebuah alat yang digunakan untuk proses pembuatan batik cap. Canting cap pada umumnya dibuat dengan guna"
https://infobatik.id/macam-macam-alat-batik-printing/,"Macam Macam Alat Batik Printing"," Yang dimaksud dengan alat dalam batik sablon yaitu seperangkat benda yang menjadi unsur utama dalam proses pekerjaan."
https://infobatik.id/alat-batik-lekuk-keindahan-ketelitian-cap-batik/,"Alat Batik : Lekuk Keindahan & Ketelitian Cap Batik","Batik, sebuah seni keindahan yang turun temurun diwariskan kepada generasi selanjutnya selalu berkembang. Berbagai teknik"
https://infobatik.id/inovasi-alat-pengolahan-limbah-batik-antar-5-mahasiswa-undip-raih-emas-di-jepang/,"Inovasi Alat Pengolahan Limbah Batik Antar 5 Mahasiswa Undip Raih Emas di Jepang","Kelima mahasiswa dari berbagai jurusan ini mendapatkan medali emas dalam kategori Machines and Equipment. Mereka membuat alat yang dapat digunakan untuk menurunkan kadar COD, BOD, TSS, warna, dan kadar logam dalam limbah batik."
https://infobatik.id/keunikan-seni-batik-metode-ecoprint/,"Keunikan Seni Batik Metode Ecoprint","Kain batik menjadi tren busana beberapa tahun ini. Tidak sebatas pada batik tulis dan batik cap saja, tetapi berkembang pada batik kontemporer, salah satunya adalah batik eco-print."
https://infobatik.id/pewarnaan-batik-biron/,"Pewarnaan Batik Biron","Warna biron diambil dari warna biru yang menjadi warna utama batik ini. Teknik pewarnaan biron paling sederhana disbanding dengan teknik lainnya"
https://infobatik.id/pewarnaan-batik-babarmas/,"Pewarnaan Batik Babarmas","Warna babarmas sering digunakan untuk batik keratonan karena warna ini bercorak klasik. Babarmas mempunyai tiga unsur warna, krem sebagai dasarnya, hitam dan coklat sebagai coraknya."
https://infobatik.id/pewarnaan-batik-sogan/,"Pewarnaan Batik Sogan","Warna yang dihasilkan batik sogan adalah warna krem dan putih dengan corak berwarna hitam, sedangkan untuk isen-isen berwarna coklat."
https://infobatik.id/proses-membatik-nyoga-urutan-proses-membatik/,"Proses Membatik : Nyoga, Urutan Proses Membatik","Nyoga adalah pencelupan tahap kedua. Asal kata soga berasal dari nama sejenis tanaman keras yang kulit batangnya gunakan."
https://infobatik.id/proses-membatik-mbironi-nyolet-proses-mbatik/,"Proses Membatik : Mbironi & Nyolet, Proses Mbatik","Membatik, tidak banyak yang tahu bagaimana urutan prosesnya, bahkan yang sudah mengetahui banyak yang belum paham gimana."
https://infobatik.id/proses-membatik-ngerok-atau-nglorot-membatik/,"Proses Membatik : Ngerok atau Nglorot, Membatik","Membatik, tidak banyak yang tahu bagaimana urutan prosesnya, bahkan yang sudah mengetahui banyak yang belum paham gimana."
https://infobatik.id/proses-membatik-medel-urutan-proses-membatik/,"Proses Membatik : Medel, Urutan Proses Membatik","Membatik, tidak banyak yang tahu bagaimana urutan prosesnya, bahkan yang sudah mengetahui banyak yang belum paham gimana."
https://infobatik.id/proses-membatik-bliriki-urutan-proses-membatik/,"Proses Membatik : Bliriki, Urutan Proses Membatik","Membatik, tidak banyak yang tahu bagaimana urutan prosesnya, bahkan yang sudah mengetahui banyak yang belum paham gimana."
https://infobatik.id/sentra-batik-tak-terbantah-diy-memang-kota-batik/,"Sentra Batik : Tak Terbantah, DIY Memang Kota Batik","Indah, megah, dan memesona. Itu kesan pertama yang terlihat dari para peserta kirab Festival Jogja Kota Batik Dunia 2017."
https://infobatik.id/sarimbit-dan-gamis-batik-keluarga/,"Sarimbit dan Gamis Batik Keluarga besar Ibu Tri A di Minas","Photo-photo baju sarimbit dan gamis batik dibawah ini adalah order jahitan keluarga besar ibu Tri Adiningrum di Minas, semua baju ini masuk dalam order jahitan sebelum lebaran kemarin"
https://infobatik.id/sarimbit-batik-keluarga-di-pku/,"Sarimbit Batik Keluarga di PKU","Sarimbit pada gambar di samping adalah order jahitan sarimbit keluarga Ib Sumarni di Pekanbaru. Sarimbit dari bahan batik tulis dikmbinasi katun jepang lengkap untuk satu keluarga Ibu Sumarni, mulai dari gamis ibu, gamis anak perempuan (teenage), kemeja ayah, dan kemeja anak laki-laki (usia SD)."
https://infobatik.id/sentra-belanja-batik-di-pekalongan-pasar-banjarsari-banjarsari/,"Sentra Belanja Batik di Pekalongan: Pasar Banjarsari (Banjarsari)","Pekalongan identik dengan Kota Batik. Di mana sajakah Anda dapat menemui sentra belanja batik tersebut?  Salah satunya adalah di pasar banjarsari. Pasar Banjarsari berada di pusat kota Pekalongan, tepatnya di Jl. Sultan Agung"
https://infobatik.id/sentra-belanja-batik-di-pekalongan-international-batik-center-ibc/,"Sentra Belanja Batik di Pekalongan: International Batik Center (IBC)","Pekalongan identik dengan Kota Batik. Di mana sajakah Anda dapat menemui sentra belanja batik tersebut?  Salah satunya adalah di International Batik Center (IBC). Ini kawasan sentra belanja batik terpadu yang berada di jalan lintas Pantura"
https://infobatik.id/sentra-batik-berburu-batik-langka-di-desa-girilayu/,"Sentra Batik : Berburu Batik Langka di Desa Girilayu","Semakin lama tahun pembuatan batik tulis, semakin indah pula citarasa warnanya kira-kira seperti itulah kata seorang perajin"
https://infobatik.id/sentra-batik-desa-batik-tradisional-girilayu-rumah/,"Sentra Batik : Desa Batik Tradisional Girilayu, Rumah","Desa Batik Tradisional Girilayu, menuju rumah para maestro batik yang terlupakan. Sebagai salah satu galeri terbesar ada."
https://infobatik.id/gamis-dan-blouse-batik-di-graha-bintaro/,"Gamis dan Blouse Batik di Graha Bintaro","Poto gamis dan blus berikut adalah orderan dari Ibu Widya di Graha Bintaro (order jahitan). Semua bahan dari Ibu Widya sendiri, baik blus maupun gamis. Blus dari bahan batik, dengan model bukaan depan menggunakan kancing dalam."
https://infobatik.id/batik-solo-selendang-batik-tulis-solo-bahan-paris/,"Batik Solo : Selendang Batik Tulis Solo Bahan Paris","Selendang Batik Tulis Solo Bahan Paris yang cocok untuk anda yang gemar mengenakan jenis kain ini sebagai kombinasi bahan"
https://infobatik.id/batik-solo-bentuk-kawung-seling-dari-abad-ke-9/,"Batik Solo : Bentuk Kawung Seling, dari Abad ke-9","Terdiri dari ornamen utama yang berbentuk hampir sama dengan Kawung Kembang, yaitu bentuk bulatan lonjong diselingi bunga"
https://infobatik.id/batik-solo-bentuk-kawung-kembang-dari-abad-9/,"Batik Solo : Bentuk Kawung Kembang, dari Abad 9","Kawung Kembang Terdiri dari ornamen utama yang berbentuk empat bulatan lonjong dibuat menyerupai bentuk bunga atau kembang"
https://infobatik.id/batik-solo-bentuk-kawung-buntal-dari-abad-ke-9/,"Batik Solo : Bentuk Kawung Buntal, dari Abad ke-9","Kawung Buntal Terdiri dari ornamen utama yang berbentuk campuran dari Kawung Pecis dipadu dengan motif bunga. Motif bunga"
https://infobatik.id/batik-kuno-bupati-pamekasan-mengantarkan-gadis-ini-jadi-juara-desain-batik-jawa-timur-2019/,"Batik Kuno Bupati Pamekasan, Mengantarkan Gadis Ini Jadi Juara Desain Batik Jawa Timur 2019","Menggunakan konsep salah satu batik kuno milik Bupati Pamekasan Baddrut Tamam, mengantarkan salah seorang pengrajin batik asal Dusun Timur Gunung Desa Badung Kecamatan Palengaan Kabupaten Pamekasan menjadi juara desain batik Jawa Timur. Khairul Bariyah mahasiswa IAIN Madura ini memang rajin mengikuti lomba desain batik yang digelar Disperindag Jawa Timur sejak tahun 2013."
https://infobatik.id/batik-sleman-makin-mendunia/,"Batik Sleman Makin Mendunia","Sinom Parijotho Salak terinspirasi dari tanaman parijotho yang merupakan tanaman dedaunan yang banyak tumbuh di kawasan pegunungan."
https://infobatik.id/batik-sinom-parijotho-salak-buah-tangan-khas-sleman-yang-berkualitas/,"Batik Sinom Parijotho Salak, 'Buah Tangan' Khas Sleman yang Berkualitas","Seperti yang ada di Dusun Plalangan, Desa Pendowoharjo, Kecamatan Sleman, Kabupaten Sleman, Daerah Istimewa Yogyakarta terdapat kelompok pengrajin batik &quot;Batik Ayu Arimbi&quot;."
https://infobatik.id/iffah-kreasikan-salak-dan-kelapa-jadi-motif-batik/,"Iffah Kreasikan Salak dan Kelapa Jadi Motif Batik","Seorang desainer asal Yogyakarta, Iffah M Dewi mengeksplore motif batik dengan tanaman yang ada disekitar tempat tinggal."
https://infobatik.id/batik-indonesia-batik-multifungsi-dengan-potongan/,"Batik Indonesia : Batik Multifungsi dengan Potongan","Busana batik kini tampil dengan potongan modern yang cocok dengan gaya perempuan zaman now. Untuk menyiasati banyak acara"
https://infobatik.id/batik-indonesia-pencipta-batik-simbol-akal-sehat/,"Batik Indonesia : Pencipta Batik Simbol Akal Sehat","Pencipta batik simbol akal sehat (SAS) atau dua jari, Gunawan Muhammad Nizar memiliki keinginan membuatkan kemeja batik ok"
https://infobatik.id/motif-batik-tolak-angin-dari-aceh/,"Motif Batik Tolak Angin Dari Aceh","Batik Aceh bukan hanya sekedar kain batik tulis dengan segala keindahan yang mengikutinya. Setiap kain batik tulis aceh dalam setiap motif batik nya terkandung makna dan filosofi luhur kehidupan yang menjadi kearifan budaya lokal serta pedoman hidup bagi masyarakat Aceh."
https://infobatik.id/ciri-khas-batik-aceh/,"Ciri Khas Batik Aceh","Motif Batik Aceh terlihat unik dan khas karena menggunakan unsur alam dan budaya Aceh dalam paduan warnanya. Warna yang digunakan pada Batik Aceh"
https://infobatik.id/batik-aceh-dan-motifnya-yang-kaya-akan-nuansa-islami/,"Batik Aceh dan Motifnya yang Kaya Akan Nuansa Islami","Sebagian besar masyarakat Indonesia mengenal Daerah Istimewa Aceh dengan julukan Serambi Mekah. Kemudian, bisa dikatakan kalau provinsi tersebut"
https://infobatik.id/batik-aceh-batik-dengan-sejuta-makna/,"Batik Aceh, Batik dengan Sejuta Makna","Batik Aceh sebenarnya sudah ada sejak abad Kesultanan Aceh. Mungkin, sekitar abad ke 13 M motif batik sudah dipakai. Untuk menguatkan teori ini"
https://infobatik.id/indahnya-batik-aceh/,"Indahnya Batik Aceh","Selama ini batik memang lekat berasal dari daerah-daerah di Pulau Jawa. Namun siapa sangka, Aceh juga memiliki kerajinan tradisional yang satu ini"
https://infobatik.id/batik-aceh-motif-bungong-jeumpa/,"Batik Aceh Motif Bungong Jeumpa","Bungong Jeumpa atau bunga kantil merupakan salah satu jenis bunga yang paling sering ditemui di Aceh. Bentuknya yang indah lantas menjadi inspirasi"
https://infobatik.id/batik-aceh-motif-rencong/,"Batik Aceh Motif Rencong","Rencong merupakan senjata tradisional / khas Aceh yang dahulu digunakan untuk perang kemerdekaan RI, senjata tajam yang mirip dengan belati"
https://infobatik.id/motif-pintu-aceh/,"Motif Pintu Aceh","Motif Pintu Aceh menunjukkan ukuran tinggi pintu yang rendah, menggambarkan kepribadian orang Aceh. Rumah adat Aceh memang berpintu rendah,"
https://infobatik.id/231-2/,"Motif Batik Gayo Aceh Trand Dan Modis Bagi Anak Muda","Khusunya daerah Aceh, Inspirasi batik gayo adalah berasal dari ukiran yang terdapat pada rumah tradisional yang biasa disebut ukiran kerawang Gayo."
https://infobatik.id/corak-batik-bali-yang-eksotik/,"Corak Batik Bali Yang Eksotik","Batik Bali dalam percaturan batik Nusantara masih terbilang baru, akan tetapi kian hari semakin memiliki perkembangan yang cepat terutama dalam industri batik-batik di beberapa pulau-pulau Nusantara, mereka mengalami perkembangan yang sangat pesat. Hal itu dikarenakan di pulau Bali memiliki banyak sekali motif dan desa"
https://infobatik.id/motif-batik-bali-merak-abyorhokokai/,"Motif Batik Bali Merak Abyorhokokai","Motif Batik Bali Merak Abyorhokokai menggambarkan keindahan burung Merak sebagai poros corak utama pada kain dan disertai kelopak menyerupai bunga sakura. Merak Abyorhokokai dipengaruhi oleh kebudayaan Jepang."
https://infobatik.id/tips-bagaimana-cara-memilih-kain-batik-bali-yang-benar/,"Tips Bagaimana Cara Memilih Kain Batik Bali yang Benar","Aksen dalam setiap gambar Batik Bali tidak sama besarnya. Sudah menjadi hal umum bahwa keseimbangan pola motif batik dapat meningkatkan esensi dari batik"
https://infobatik.id/seni-batik-bali/,"Seni Batik Bali","Seni batik sudah mulai berkembang di Kota Bali. Seni batik ini masih tergolong seni yang sangat baru namun saat ini telah muncul puluhan industri batik"
https://infobatik.id/ciri-khas-batik-bali/,"Ciri Khas Batik Bali","Batik tulis tentunya memiliki ciri yang berbeda, sehingga membuatnya menjadi kerajinan tangan yang bernilai seni dan bermutu tinggi,"
https://infobatik.id/motif-batik-bali-buketan/,"Motif Batik Bali Buketan","Motif batik Bali Buketan ini mempunyai motif berupa tanaman bunga atau tumbuhan-tumbuhan kecil yang tersusun sepanjang lebar kain"
https://infobatik.id/perajin-batik-gumelem/,"Perajin Batik Gumelem","Saat ini, ada sekitar 24 perajin batik asli Gumelem yang mengendalkan hidupnya dari usaha tersebut. Warga yang mengandalkan hidup dari batik Gumelem yang banyak berada di Dusun Dagaran, Desa Gumelem Wetan, Kecamatan Susukan, Kabupaten Banjarnegara."
https://infobatik.id/pengrajin-batik-banjarnegara-di-ajari-batik-cap/,"Pengrajin Batik Banjarnegara Di Ajari Batik Cap","Pada akhir bulan Maret tahun 2012 para pengrajin batik mulai di ajari membuat batik dengan menggunakan teknik batik cap yang berlangsung di Balai Penyuluhan Pertanian Klampok."
https://infobatik.id/mode-show-pamerkan-busana-batik-gumelem-banjarnegara/,"Mode Show Pamerkan Busana Batik Gumelem Banjarnegara","Lomba gebyar pesona citra Batik Banjarnegara dan lomba desain motif serta pameran produk unggulan Banjarnegara sendiri bertujuan untuk melestarikan nilai-nilai budaya Banjarnegara khususnya batik dengan berbagai dinamikanya,"
https://infobatik.id/kampung-batik-gumelem/,"Kampung Batik Gumelem","Di daerah Gumelem dan sekitarnya setidaknya sudah ada lima kelompok usaha bersama yang sampai sekarang masih aktif. Diantaranya adalah Tunjung Biru, Mekar Sari, Mirah batik, Al Hikmah, dan Giat Usaha dengan pengrajin sekitar 400 orang"
https://infobatik.id/ciri-khas-dan-motif-batik-gumelem/,"Ciri Khas dan Motif Batik Gumelem","Batik Gumelem memiliki corak khas yaitu udan Liris dan Rujak Senthe yang sudah diproduksi secara turun temurun oleh warga setempat. Ciri khas lainnya dari Batik Gumelem adalah warnanya yang didominasi oleh warna coklat, hitam dan kuning serta bermotif bunga-bunga."
https://infobatik.id/batik-gumelem-sentuhan-khas-budaya-banjarnegara/,"Batik Gumelem Sentuhan Khas Budaya Banjarnegara","Banjarnegara mulai dikenal masyarakat luas karena seni kerajinan batiknya. Banjarnegara saat ini sudah menjadi sentra penghasil batik di Indonesia. Pusatnya ada di desa Gumelem kecamatan Susukan, yang berbatasan dengan Banyumas"
https://infobatik.id/berdiri-dua-tahun-batik-wardah-langsung-berkembang/,"Berdiri Dua Tahun Batik Wardah Langsung Berkembang","“Kami baru dua tahun mengembangkan batik tulis “Gumelem”, ucap Triono selaku pemilik Galeri Batik “Wardah” mengawali. Meski begitu Triono beserta istrinya Nanik Suparni, berusaha untuk bisa menampilkan batik yang bisa diterima masyarakat."
https://infobatik.id/batik-gumelem-butuh-perhatian-dan-pemasaran/,"Batik Gumelem Butuh Perhatian dan Pemasaran","Industri Batik Banjarnegara yang terdapat di wilayah Desa Gumelem, Kecamatan Susukan perlu perhatian serius. Hal itu dimaksudkan agar usaha tradisional"
https://infobatik.id/batik-gumelem-banjarnegara-krisis-penerus/,"Batik Gumelem Banjarnegara Krisis Penerus","Keberadaan Batik khas Banjarnegara di Desa Gumelem sepertinya masih kurang dilirik oleh para generasi muda. Terbukti, sampai saat ini pengusaha batik"
https://infobatik.id/pola-khas-batik-gumelem/,"Pola Khas Batik Gumelem","Beberapa motif batik dapat memperlihatkan kemiripan antara dua Motif Batik ini.  Pola dan corak batik yang saat ini ada di daerah"
https://infobatik.id/muminah-pengrajin-batik-tulis-dari-gumelem/,"Mu’minah Pengrajin Batik Tulis dari Gumelem","Mu’minah merupakan salah satu warga Desa Gumelem Kulon dan termasuk salah satu ibu rumah tangga yang masih tetap eksis mempertahankan keberadaan batik"
https://infobatik.id/kembangkan-batik-gumelem/,"Kembangkan Batik Gumelem","Perkembangan dunia Batik Tulis “Gumelem” kini benar-benar telah menemukan trendnya, ini membuktikan bahwa masyarakat konsumen menerima"
https://infobatik.id/awal-mula-munculnya-batik-gumelem/,"Awal Mula Munculnya Batik Gumelem","Ada versi lain yang mengisahkan perjuangan Batik Gumelem ada kaitannya dengan sejarah Batik Banyumas dengan Sokaraja sebagai pusatnya di abad ke-15."
https://infobatik.id/seni-batik-banjarnegara/,"Seni Batik Banjarnegara","Motif Batik Gumelem merupakan seni batik yang telah berkembang di daerah Banjarnegara dalam waktu yang sangat lama. Sampai saat ini belum ada penelitian"
https://infobatik.id/batik-motif-blekok-srondol/,"Batik Motif Blekok Srondol","Batik Motif Blekok Srondol menggambarkan sepasang burung blekok yang sedang bercengkrama. Pola motif batik ini terinspirasi oleh keberadaan habitat burung burung Blekok liar yang terdapat di kawasan Srondol, Semarang."
https://infobatik.id/teknik-membuat-batik-banten/,"Teknik Membuat Batik Banten","Pertama, Kain polos direbus dengan tawas dan soda, lalu dijemur. Selanjutnya, motif-motif khas Banten dicap atau dituliskan di atas kain tersebut. Kemudian, kain itu diwarnai dan dijemur. Hati-hati, menjemurnya tidak boleh kena sinar matahari karena warnanya mudah luntur."
https://infobatik.id/batik-baduy/,"Batik Baduy","Suku Baduy juga mampu menghasilkan batik dengan motif-motif yang tidak kalah cantik dan unik dari motif-motif batik yang sudah ada. Batik tersebut adalah Batik Baduy."
https://infobatik.id/batik-cikadu-tanjung-lesung/,"Batik Cikadu Tanjung Lesung","Batik Cikadu Tanjung Lesung merupakan sebuah motif batik baru yang dihasilkan oleh sebuah sanggar yang pertama kali digagas oleh Bapak Toto Rusmaya. Bersama warga masyarakat setempat, akhirnya berhasil menghasilkan motif-motif baru yang indah dan unik pun bisa dilihat sekarang."
https://infobatik.id/batik-cikadu-menuju-batik-khas-banten/,"Batik Cikadu Menuju Batik Khas Banten","Adapun Batik Cikadu kini diupayakan menjadi batik khas Banten. “Batik dari Kampung Cikadu, Kecamatan Panimbang, Pandeglang kedepannya akan menjadi batik kebanggaan Banten,"
https://infobatik.id/kurang-populer-batik-banten-ternyata-terbaik-sedunia/,"Kurang Populer Batik Banten Ternyata Terbaik Sedunia","Ciri khas Batik Banten terlihat dari warna abu-abu yang ada di setiap motifnya. Warna tersebut menggambarkan karakteristik masyarakat Banten yang sederhana."
https://infobatik.id/cerita-batik-banten/,"Cerita Batik Banten","Batik Banten adalah salah satu hasil kesenian masyarakat Banten yang telah cukup terkenal sejak masa kerajaan Banten berkuasa."
https://infobatik.id/asal-motif-batik-banten/,"Asal Motif Batik Banten","Motif batik yang berasal dari Banten merupakan salah satu seni budaya batik yang membuat motif batik nusantara menjadi tambah beragam."
https://infobatik.id/motif-datulaya-khas-banten/,"Motif Datulaya Khas Banten","Motif dasar belah ketupat berbentuk bunga dan lingkaran dalam pigura sulur-sulur daun. Pada booh motif dasarnya berupa topeng manusia yang sudah disetelir."
https://infobatik.id/motif-pancaniti-khas-banten/,"Motif Pancaniti Khas Banten","Variasi motif bunga matahari dalam lingkaran berbentuk segi delapan, berornamen daun dan sulur-sulur daun,sedangkan motif dasar booh berbentuk ranting."
