https://www.twisata.com/,"Twisata | Situs Portal Tempat / Objek Wisata Indonesia dan Dunia","Situs Informasi yang mengulas objek / tempat wisata Indonesia dan Dunia secara lengkap."
https://www.twisata.com/7-objek-wisata-di-bandung-jawa-barat-terbaik-dan-menarik/,"7 Objek Wisata di Bandung Jawa Barat Terbaik Dan Menarik - | Twisata","Berikut ini objek wisata di Kota Bandung terbaik dan menarik untuk referensi tempat wisata untuk Anda."
https://www.twisata.com/sewa-mobil-di-malang-harga-murah-untuk-wisata-dan-bisnis/,"Sewa Mobil Di Malang Harga Murah Untuk Wisata Dan Bisnis - | Twisata","Sewa mobil di kota Malang dengan harga murah untuk keperluan wisata dan bisnis, untuk Anda yang akan mengunjungi kawasan kota Malang."
https://www.twisata.com/sewa-mobil-di-surabaya-harga-murah-untuk-bisnis-dan-wisata/,"Sewa Mobil Di Surabaya Harga Murah Untuk Bisnis Dan Wisata - | Twisata","Jasa sewa / rental mobil di Surabaya harga murah untuk keperluan bisnis dan wisata"
https://www.twisata.com/sewa-mobil-di-probolinggo-harga-murah-untuk-keluarga/,"Sewa Mobil Di Probolinggo Harga Murah Untuk Keluarga - | Twisata","Jasa sewa / rental mobil di Probolinggo dengan harga murah yang dapat digunakan untuk keluarga."
https://www.twisata.com/7-objek-wisata-di-bondowoso-jawa-timur-terbaik-dan-terpopuler/,"7 Objek Wisata di Bondowoso Jawa Timur Terbaik Dan Terpopuler - | Twisata","Daftar objek wisata di Bondowoso Jawa Timur terbaik dan terpopuler untuk dijadikan tempat tujuan wisata Anda di Kabupaten Bondowoso."
https://www.twisata.com/objek-wisata-terbaik-di-tanjung-selor-kalimantan-utara/,"Objek Wisata Terbaik Di Tanjung Selor Kalimantan Utara - | Twisata","Daftar objek wisata terbaik di Tanjung Selor kalimantan Utara sebagai referensi tempat wisata menarik untuk keluarga."
https://www.twisata.com/7-objek-wisata-di-manado-sulawesi-utara-terbaik-dan-terpopuler/,"7 Objek Wisata Di Manado Sulawesi Utara Terbaik Dan Terpopuler - | Twisata","Daftar objek wisata di Manado terbaik dan terpopuler, untuk Anda yang ingin mengetahui tempat wisata yang ada di Sulawesi Utara."
https://www.twisata.com/7-objek-wisata-di-kuta-di-bali-terbaik-dan-terpopuler/,"7 Objek Wisata di Kuta Bali Terbaik dan Terpopuler - | Twisata","Daftar objek wisata menarik di Kuta Bali terbaik dan terpopuler, mulai dari pantai sampai wisata budaya. tempat wisata yang cocok dikunjungi keluarga."
https://www.twisata.com/7-objek-wisata-di-kota-jayapura-papua-terbaik-dan-terpopuler/,"7 Objek Wisata Di Kota Jayapura Papua Terbaik Dan Terpopuler - | Twisata","Objek wisata di Kota Jayapura Papua terbaik dan terpopuler yang dapat Anda jadikan tempat atau destinasi liburan."
https://www.twisata.com/7-objek-wisata-di-medan-sumatera-utara-terbaik-dan-terpopuler/,"7 Objek Wisata Di Medan Sumatera Utara Terbaik Dan Terpopuler - | Twisata","Daftar objek wisata di Kota Medan Sulawesi Utara terbaik dan terpopuler, tempat wisata menarik yang dapat Anda kunjungi."
https://www.twisata.com/7-objek-wisata-di-lombok-nusa-tenggara-terbaik-dan-terpopuler/,"7 Objek Wisata Di Lombok Nusa Tenggara Terbaik Dan Terpopuler - | Twisata","Berikut ini adalah daftar objek wisata di Pulau Lombok Nusa Tenggara terbaik dan terpopuler yang dapat Anda jadikan tempat berlibur bersama keluarga."
https://www.twisata.com/7-objek-wisata-di-situbondo-jawa-timur-terbaik-dan-terpopuler/,"7 Objek Wisata Di Situbondo Jawa Timur Terbaik Dan Terpopuler - | Twisata","Daftar Objek Wisata di Situbondo Jawa Timur terbaik dan terpopuler yang dapat Anda gunakan tempat tujuan bersama keluarga di Kabupaten Situbondo."
https://www.twisata.com/paket-tour-wisata-dieng-harga-murah-pelayanan-memuaskan/,"Paket Tour Wisata Dieng Harga Murah Pelayanan Memuaskan - | Twisata","Paket tour wisata dieng dengan harga murah dan pelayanan yang cukup memuaskan untuk Anda traveler Indonesia"
https://www.twisata.com/rafting-songa-dan-paket-snorkeling-gili-ketapang-probolinggo/,"Rafting Songa Dan Paket Snorkeling Gili Ketapang Probolinggo - | Twisata","Harga Rafting Songa Adventure dan Paket Snorkeling Gili Ketapang Probolinggo murah untuk dijadikan pilihan Anda."
https://www.twisata.com/7-objek-wisata-di-kabupaten-probolinggo-jawa-timur-terbaik/,"7 Objek Wisata di Kabupaten Probolinggo Jawa Timur Terbaik - | Twisata","Objek wisata di Kabupaten Probolinggo Jawa Timur terbaik, sebagai referensi untuk Anda sebelum mengunjungi tempat wisata yang ada di Probolinggo"
https://www.twisata.com/7-objek-wisata-di-makassar-sulawesi-selatan-terbaik-dan-terpopuler/,"7 Objek Wisata di Makassar Sulawesi Selatan Terbaik Dan Terpopuler - | Twisata","Daftar objek wisata di Makassar Sulawesi Selatan, dengan ulasan tempat wisata terbaik dan terpopuler yang ada."
https://www.twisata.com/7-objek-wisata-di-lampung-sumatera-terbaik-dan-terpopuler/,"7 Objek Wisata Di Lampung Sumatera Terbaik Dan Terpopuler - | Twisata","Daftar objek wisata di Lampung Sumatera, beberapa tempat wisata di Bandar Lampung mempunyai pesona terbaik dan menarik."
https://www.twisata.com/7-objek-wisata-di-semarang-jawa-tengah-menarik-dan-terbaik/,"7 Objek Wisata Di Semarang Jawa Tengah Menarik Dan Terbaik - | Twisata","Daftar objek wisata di Semarang Jawa Tengah terbaik yang menarik untuk dikunjungi dan menjadi tempat wisata favorit para traveler."
https://www.twisata.com/7-objek-wisata-di-samarinda-kalimantan-timur-terbaik-dan-menarik/,"7 Objek Wisata di Samarinda Kalimantan Timur Terbaik dan Menarik - | Twisata","Daftar objek wisata di Samarinda Kalimantan Timur terbaik dan menarik yang dapat sebagai tempat liburan Anda bersama keluarga."
https://www.twisata.com/pura-ulun-danu-bratan-dan-objek-wisata-danau-beratan-bedugul-bali/,"Pura Ulun Danu Bratan Dan Objek Wisata Danau Beratan Bedugul Bali - | Twisata","Objek wisata Danau Beratan dan Pura Ulun Danu Bratan Bedugul Bali merupakan tempat wisata menarik untuk dikunjungi."
https://www.twisata.com/objek-wisata-pantai-pandawa-bali/,"Objek Wisata Pantai Pandawa Bali | Twisata","Objek wisata Pantai Pandawa merupakan tempat wisata menarik dan populer yang ada di Bali"
https://www.twisata.com/objek-wisata-pantai-dreamland-bali-surga-wisatawan-mancanegara/,"Objek Wisata Pantai Dreamland Bali Surga Wisatawan Mancanegara - | Twisata","Berikut ini Twisata akan mengulas mengenai Objek Wisata Pantai Dreamland Bali yang merupakan Surganya Wisatawan Mancanegara"
https://www.twisata.com/objek-wisata-pulau-dewata-bali-tempat-wisata-indonesia-yang-mendunia/,"Objek Wisata Pulau Dewata Bali Tempat Wisata Indonesia Yang Mendunia - | Twisata","Ulasan mengenai Objek Wisata Pulau Dewata Bali Tempat Wisata Indonesia.sekaligus kuliner dan oleh oleh serta tips berwisata ke Bali"
https://www.twisata.com/keindahan-objek-wisata-pantai-melawai-dan-kemala-balikpapan/,"Keindahan Objek Wisata Pantai Melawai Dan Kemala Balikpapan - | Twisata","Beberapa ulasan objek wisata Pantai Melawai dan Kemala yang ada di Balikpapan - Kalimantan Timur"
https://www.twisata.com/objek-wisata-pasar-terapung-tempat-andalan-di-banjarmasin/,"Objek Wisata Pasar Terapung Tempat Andalan di Banjarmasin - | Twisata","Objek wisata Pasar Terapung merupakan tampat yang cocok yang bisa anda kunjungi di Banjarmasin Kalimantan Selatan"
https://www.twisata.com/pulau-beras-basah-objek-wisata-pantai-pasir-putih-di-kota-bontang/,"Pulau Beras Basah Objek Wisata Pantai Pasir Putih di Kota Bontang - | Twisata","Twisata akan mengulas mengenai Pulau Beras Basah, yang merupakan objek wisata pasir putih yang ada di samarinda - kalimantan timur"
https://www.twisata.com/keindahan-dibalik-sejarah-danau-tiga-warna-gunung-kelimutu/,"Sejarah Dibalik Keindahan Danau Tiga Warna Gunung Kelimutu - | Twisata","Gunung Kelimutu menyimpan sejarah keindahan wisata danau tiga warna yang sangat mempesona bagi siapa saja yang mengunjunginya"
https://www.twisata.com/objek-wisata-taman-nasional-komodo-pulau-indah-tujuh-keajaiban-dunia/,"Objek Wisata Taman Nasional Komodo Pulau Indah Tujuh Keajaiban Dunia - | Twisata","Taman Nasional Komodo merupakan pulau yang berada di NTT, wisata Indonesia yang masuk dalam tujuh (7) keajaiban dunia."
https://www.twisata.com/taman-nasional-gunung-rinjani-objek-wisata-pendakian-tercantik-indonesia/,"Taman Nasional Gunung Rinjani Objek Wisata Pendakian Tercantik Indonesia - | Twisata","Taman Nasional Gunung Rinjani merupakan objek wisata pendakian dengan julukan gunung tercantik di Indonesia yang menyimpan sejarah legenda unik"
https://www.twisata.com/objek-wisata-taman-nasional-teluk-cenderawasih-papua/,"Objek Wisata Taman Nasional Teluk Cenderawasih Papua - | Twisata","Berikut ini adalah ulasan mengenai keindahan objek wisata Taman Nasional Teluk Cenderawasi Papua."
https://www.twisata.com/puncak-jaya-wijaya-papua-pegunungan-tertinggi-yang-ada-di-indonesia/,"Puncak Jayawijaya Papua Pegunungan Tertinggi Yang Ada Di Indonesia - | Twisata","Berikut ini merupakan ulasan mengenai Puncak Jayawijaya Papua Carstensz Pyramid yang merupakan pegunungan tertinggi yang ada di Indonesia"
https://www.twisata.com/kepulauan-raja-ampat-objek-wisata-menarik-di-papua/,"Kepulauan Raja Ampat Objek Wisata Menarik di Papua - | Twisata","Lokasi destinasi objek wisata Kepulauan Raja Ampat di Papua, dengan sejarah legenda, tips berkunjung, rute perjanalan transportasi serta souvenir dan kulinernya"
https://www.twisata.com/objek-wisata-pulau-lihaga-keindahan-alam-di-minahasa-utara/,"Objek Wisata Pulau Lihaga Keindahan Alam Di Minahasa - | Twisata","Objek wisata Pulau Lihaga yang menawarkan keindahan alam minahasa utara,"
https://www.twisata.com/objek-wisata-tana-toraja-tempat-wisata-terbaik-di-sulawesi-selatan-indonesia/,"Objek Wisata Tana Toraja Tempat Wisata Terbaik Di Sulawesi Selatan - | Twisata","Objek wisata Tana Toraja merupakan tempat wisata terbaik di Sulawesi Selatan Indonesia, dan yang paling terkenal adalah Tana Toraja utara serta sejarahnya"
https://www.twisata.com/objek-wisata-taman-nasional-bunaken-wisata-taman-laut-terpopuler/,"Objek Wisata Taman Nasional Bunaken Wisata Taman Laut Terpopuler - | Twisata","Objek wisata Taman Nasional Bunaken merupakan wisata taman laut terpopuler yang ada di Sulawesi Utara, Pulau Bunaken menarik untuk dikunjungi"
https://www.twisata.com/objek-wisata-air-terjun-sigura-gura-air-terjun-tertinggi-di-indonesia/,"Objek Wisata Air Terjun Sigura Gura Air Terjun Tertinggi Di Indonesia - | Twisata","Berikut ini adalah ulasan objek wisata air terjun Sigura Gura, air terjun tertinggi di Indonesia"
https://www.twisata.com/keindahan-di-balik-legenda-objek-wisata-danau-toba-dan-pulau-samosir/,"Keindahan Di Balik Legenda Objek Wisata Danau Toba Dan Pulau Samosir - | Twisata","Berikit ini adalah ulasan mengenai objek wisata Danau Toba dan Pulau Samosir serta legenda atau sejarah dari kedua destinasi wisata tersebut"
https://www.twisata.com/taman-nasional-gunung-leuser-objek-wisata-memukau-di-aceh/,"Taman Nasional Gunung Leuser Objek Wisata Memukau Di Aceh - | Twisata","Berikut adalah ulasan mengenai Taman Nasional Gunung Leuser ( TNBL ) yang merupakan objek wisata yang memukau di Aceh,"
https://www.twisata.com/wisata-gunung-bromo-tempat-indah-di-jawa-timur/,"Objek Wisata Gunung Bromo Tempat Indah Di Jawa Timur - | Twisata","Ulasan mengenai objek Wisata Gunung Bromo yang merupakan tempat wisata indah yang ada di Jawa Timur, berikut tips untuk berwisata ke Bromo"
https://www.twisata.com/7-objek-wisata-terbaik-di-kota-surabaya-yang-wajib-dikunjungi/,"7 Objek Wisata Terbaik di Kota Surabaya Yang Wajib Dikunjungi - | Twisata","Daftar objek wisata di Kota Surabaya yang wajib dikunjungi oleh pecinta tempat wisata di seluruh Indonesia."
https://www.twisata.com/objek-wisata-trans-studio-bandung-wahanan-permainan-seru-untuk-keluarga/,"Objek Wisata Trans Studio Bandung Wahana Permainan Seru Untuk Keluarga - | Twisata","Objek wisata Trans Studio Bandung merupakan tempat wisata yang cocok untuk keluarga dengan dilengkapi wahana permainan yang lengkap"
https://www.twisata.com/panorama-objek-wisata-gunung-tangkuban-perahu-di-jawa-barat/,"Panorama Objek Wisata Gunung Tangkuban Perahu di Jawa Barat - | Twisata","Panorama Objek Wisata Gunung Tangkuban Perahu merupakan tempat wisata yang terletak di Lembang - Jawa Barat"
https://www.twisata.com/daftar-hotel-penginapan-villa-homestay-di-kota-batu-dan-malang/,"Daftar Hotel, Penginapan, Villa, Homestay di Kota Batu Dan Malang - | Twisata","Berikut ini merupakan daftar hotel, penginapan, villa, homestay di kota Batu dan Malang yang bisa di pesan dengan harga murah dengan fasilitas yang lengkap."
https://www.twisata.com/daftar-hotel-dan-penginapan-di-kota-surabaya-harga-murah/,"Daftar Hotel Dan Penginapan Di Kota Surabaya Harga Murah - | Twisata","Daftar hotel dan penginapan di Surabaya dengan harga booking atau sewa yang cukup murah dengan fasilitas terbaik."
https://www.twisata.com/air-terjun-madakaripura-tempat-wisata-di-probolinggo-yang-terkenal/,"Air Terjun Madakaripura Tempat Wisata di Probolinggo Yang Terkenal - | Twisata","Objek wisata air terjun Madakaripura merupakan sebuah tempat wisata di Probolinggo yang menarik dan merupakan tempat wisata yang menyimpan sejarah."
https://www.twisata.com/objek-wisata-kawah-gunung-ijen-tempat-melihat-blue-fire-di-indonesia/,"Objek Wisata Kawah Gunung Ijen Tempat Melihat Blue Fire di Indonesia - | Twisata","Objek Wisata Kawah Gunung Ijen Tempat Melihat Blue Fire di Indonesia merupakan objek wisata yang memukau di kawasan Banyuwangi Jawa Timur"
https://www.twisata.com/harga-paket-wisata-dan-sewa-jeep-hardtop-murah-gunung-bromo/,"Harga Paket Wisata Dan Sewa Jeep Hardtop Murah Gunung Bromo - | Twisata","Harga paket wisata dan sewa jeep hartop murah Gunung Bromo yang dapat dijadikan pilihan dalam berwisata ke Bromo."
https://www.twisata.com/paket-liburan-ke-wisata-batu-malang-dan-kawah-ijen-banyuwangi/,"Paket Liburan Ke Wisata Batu Malang Dan Kawah Ijen Banyuwangi - | Twisata","Harga paket wisata Batu Malang dan Kawah Ijen Banyuwangi murah yang dapat Anda jadikan referensi untuk liburan Anda"
https://www.twisata.com/penginapan-villa-homestay-dan-hotel-di-gunung-bromo/,"Penginapan, Villa, Homestay Dan Hotel di Gunung Bromo - | Twisata","Daftar penginapan, homestay balqis, villa dan hotel di Gunung Bromo. dengan harga sewa yang murah dan dekat dengan lokasi cemoro lawang objek wisata Bromo"
https://www.twisata.com/objek-wisata-bersejarah-candi-borobudur-mahakarya-arsitektur-abad-ke-9/,"Objek Wisata Bersejarah Candi Borobudur Mahakarya Arsitektur Abad ke-9 - | Twisata","Candi Borobudur merupakan objek wisata bersejarah mahakarya arsitektur abad ke-9 yang terletak di Magelang - Jawa Tengah"
https://www.twisata.com/objek-wisata-taman-nasional-karimunjawa-eksotisme-kepulauan-di-jawa/,"Objek Wisata Taman Nasional Karimunjawa Eksotisme Kepulauan di Tanah Jawa - | Twisata","Berikut ini adalah Objek Wisata Taman Nasional Karimunjawa yang menggambarkan eksotisme kepulauan di Tanah Jawa"
https://www.twisata.com/7-objek-wisata-di-jember-jawa-timur-terbaik-dan-terkenal/,"7 Objek Wisata di Jember Jawa Timur Terbaik Dan Terkenal - | Twisata","Daftar objek wisata di Jember Jawa Timur terbaik dan terkenal untuk Anda yang ingin mengetahui tempat wisata terkenal dan terbaik di Jember."
https://www.twisata.com/7-tempat-wisata-terbaik-dan-terkenal-di-banyuwangi-jawa-timur/,"7 Tempat Wisata Terbaik Dan Terkenal di Banyuwangi Jawa Timur - | Twisata","Tempat wisata terbaik dan terkenal yang ada di Banyuwangi Jawa Timur, yang menjadi objek wisata terfavorit bagi wisatawan."
https://www.twisata.com/daftar-hotel-penginapan-villa-dan-homestay-di-bali/,"Daftar Hotel, Penginapan, Villa dan Homestay di Bali - | Twisata","Berikut ini adalah daftar Hotel, Penginapan, Villa dan Homestay dekat kawasan wisata di Pulau Bali dengan harga sewa atau booking yang murah untuk keluarga"
https://www.twisata.com/watu-godeg-objek-wisata-pantai-yang-memukau-di-lumajang/,"Watu Godeg Objek Wisata Pantai Yang Memukau di Lumajang - | Twisata","Wisata Watu Godeg / Godek ulasan mengenai destinasi wisata pantai indah yang ada di berada di kawasan Kabupaten Lumajang."
https://www.twisata.com/pantai-anyer-objek-wisata-terpopuler-di-serang-banten/,"Pantai Anyer Objek Wisata Terpopuler Di Serang - Banten - | Twisata","Ulasan mengenai objek wisata pantai anyer yang berada di kawasan Serang Banten, wisata ini cukup populer di kalangan wisatawan domestik maupun mancanegara"
https://www.twisata.com/objek-wisata-jatim-park-wahana-wisata-tempat-di-batu-malang/,"Objek Wisata Jatim Park Wahana Wisata di Kota Batu - | Twisata","Objek Wisata Jatim Park di Kota Batu terdiri dari dua lokasi wisata dengan nama Jatim Park 1 dan Jatim Park 2 yang berbeda konsep diatara keduanya."
https://www.twisata.com/candi-hindu-prambanan-sejarah-keindahan-masa-lampau/,"Candi Prambanan Sejarah Kejayaan Hindu Masa Lampau - | Twisata","Berikut ini ulasan mengenai Candi Prambanan yang ada di Yogyakarta merupakan peninggalan sejarah kejayaan Hindu dimasa lampau"
https://www.twisata.com/objek-wisata-pulau-dewata-bali-tempat-wisata-indonesia-yang-mendunia/objek-wisata-taman-nasional-bunaken-wisata-taman-laut-terpopuler,"Objek Wisata Taman Nasional Bunaken Wisata Taman Laut Terpopuler - | Twisata","Objek wisata Taman Nasional Bunaken merupakan wisata taman laut terpopuler yang ada di Sulawesi Utara, Pulau Bunaken menarik untuk dikunjungi"
https://www.twisata.com/keindahan-objek-wisata-goa-pindul-di-gunung-kidul/,"Keindahan Objek Wisata Goa Pindul di Gunung Kidul - | Twisata","Berikut ini adalah ulasan mengenai objek wisata Goa Pindul yang letaknya berlokasi di Wonosari, Gunung Kidul, Jogjakarta."
https://www.twisata.com/objek-wisata-monumen-nasional-monas-icon-wisata-ibu-kota-jakarta/,"Objek Wisata Monumen Nasional / Monas Icon Wisata Ibu Kota Jakarta - | Twisata","Objek Wisata Monumen Nasional / Monas merupakan Icon Wisata Ibu Kota Jakarta yang menyimpan sejarah panjang Kemerdekaan Indonesia yang diletakan di Museum"
https://www.twisata.com/objek-wisata-taman-mini-indonesia-indah-tmii/,"Objek Wisata Taman Mini Indonesia Indah ( TMII ) - | Twisata","Berikut ini ulasan mengenai Objek Wisata Taman Mini Indonesia Indah TMII di Jakarta"
https://www.twisata.com/daftar-hotel-penginapan-homestay-dan-villa-di-yogyakarta/,"Daftar Hotel, Penginapan, Homestay dan Villa di Yogyakarta - | Twisata","Daftar Hotel, Penginapan, Homestay dan Villa di sekitar kawasan tempat wisata di Jogjakarta yang memiliki harga sewa cukup murah untuk Anda Booking."
https://www.twisata.com/paket-wisata/penginapan-villa-homestay-dan-hotel-di-gunung-bromo/,"Penginapan, Villa, Homestay Dan Hotel di Gunung Bromo - | Twisata","Daftar penginapan, homestay balqis, villa dan hotel di Gunung Bromo. dengan harga sewa yang murah dan dekat dengan lokasi cemoro lawang objek wisata Bromo"
https://www.twisata.com/keindahan-objek-wisata-pantai-parangtritis-di-yogyakarta/,"Keindahan Objek Wisata Pantai Parangtritis di Yogyakarta - | Twisata","Berikut ini twisata akan mengulas keindahan objek wisata pantai Parangtritis yang berada di selatan Kota Jogjakarta dan juga mitos legendanya."
https://www.twisata.com/7-objek-wisata-di-lumajang-jawa-timur-terbaik-dan-terpopuler/,"7 Objek Wisata Di Lumajang Jawa Timur Terbaik Dan Terpopuler - | Twisata","Daftar objek wisata di Lumajang Jawa Timur yang merupakan tempat wisata terbaik dan terpopuler yang dapat Anda kunjungi."
