http://batik-s128.com/, Toko Batik Online 2020 - Batik Solo Modern,"Model baju batik solo dari toko batik online terbaru sedia batik modern bahan kain batik tulis dari dress model baju batik atasan wanita seperti blouse batik, dress batik, gamis batik untuk batik kerja kantor juga kemeja batik pria model batik mega mendung, batik kawung, batik parang, jarik batik klasik, kombinasi kain polos, rok batik, batik sutra pejabat"
http://batik-s128.com/category/kain-batik/, Kain Batik Solo Modern Motif Terbaru Sarimbit dan Eceran Satuan - Toko Batik Online 2020,"Jual kain batik asli solo bahan batik sarimbit dapat dibeli ecer satuan. Sedia batik tulis, batik cap dan batik print corak modern motif klasik terbaru. Bahan kain siap dijahit menjadi baju batik pria dan blus dress wanita seragam dan pribadi. Bahan halus lembut nyaman dipakai dan tidak luntur harga murah terjangkau"
http://batik-s128.com/category/kain-batik/batik-tulis/, Batik Tulis Solo Istimewa Bahan Baju Batik Pria Wanita Berkelas - Toko Batik Online 2020,Jual bahan batik tulis siap dijahit menjadi baju batik berkelas untuk pria dan wanita. Motif modern juga corak klasik tersedia yang 100% dibuat dengan tangan alias handmade. Ciri batik tulis adalah motif ditutup denga lilin atau malam dengan cara dicanting. Batik tulis asli solo menjadikan kemeja batik anda istimewa
http://batik-s128.com/category/kain-batik/kain-batik-sutera/, Kain Batik Sutra Modern Asli Eksklusif Mewah Elegan - Toko Batik Online 2020,"Jual kain batik sutra asli motif modern untuk baju pria dan wanita. Bahan batik sutra halus ATBM, Tuwis, Crepe dll harga murah bersahabat terjangkau, Cocok digunakan pejabat dan pengusaha tampil elegan, mewah dan eksklusif. Batik sutra solo bagus untuk baju pria dan wanita kerja kantor, kondangan, dan acara resmi"
http://batik-s128.com/category/kain-batik/batik-pola-kemeja/, Batik Pola Kemeja Archives - Toko Batik Online 2020,"Jual batik pola kemeja pria, tersedia batik tulis, batik sutra dan kombinasi tulis. Pilihlah batik pola kemeja pria karena disudah dipetakan bagian yang akan dipotong seperti bagian lengan, krah, saku/kantong, badan depan dan belakang. Sehingga motif batik yang digambar tidak ada terpotong terutama dibagian depan"
http://batik-s128.com/category/kain-batik/batik-klasik/, Kain Jarik Bahan Batik Klasik Solo Untuk Pernikahan Adat Jawa - Toko Batik Online 2020,"Jual kain jarik Solo untuk pernikahan adat Jawa. Bahan jarik juga dapat dijahit untuk pakaian pria dan wanita. Bahan batik klasik tersedia jenis batik tulis, kombinasi tulis dan cetak/print."
http://batik-s128.com/category/batik-pria/, Model Baju Batik Pria Terbaru Eksklusif Lengan Pendek dan Panjang - Toko Batik Online 2020,"Jual baju batik pria model terbaru eksklusif rata-rata hanya tersedia 1 potong dan 1 ukuran saja. Mulai dari batik tulis, batik cap dan juga batik print. Model baju batik pria premium dengan bahan batik pilihan halus dan nyaman dipakai serta dijahit rapi, model jahitan tailor. Pilihan motif klasik dan modern tersedia"
http://batik-s128.com/category/batik-pria/lengan-pendek/, Model Baju Batik Pria Lengan Pendek Unik Khas Solo - Toko Batik Online 2020,Jual kemeja batik pria sukses. Model baju batik pria lengan pendek dengan daleman furing maupun non furing unik seperti batik wayang sampai motif batik tulis modern tersedia dengan jahitan bagus dan bahan halus. Cocok dipakai sehari-hari maupun kerja kantor dan juga santai bersama keluarga. Batik Solo memang keren
http://batik-s128.com/category/batik-pria/lengan-panjang/," Model Baju Batik Pria Lengan Panjang Keren, Modern dan Eksklusif - Toko Batik Online 2020","Jual model baju batik pria lengan panjang yang kekinian sesuai dengan perkembangan zaman, dengan motif yang unik dengan bahan yang halus dan dijahit dengan rapi dari berbagai jenis batik handmade (batik tulis dan batik cap), juga ada batik print dengan harga murah terjangkau"
http://batik-s128.com/category/batik-pria/kemeja-pria/kemeja-batik-tulis/, Kemeja Batik Tulis Pria Lengan Panjang dan Lengan Pendek - Toko Batik Online 2020,"Jual batik tulis pria mewah elegan dan eksklusif karena benar-benar dihasilkan dengan proses batik tulis asli yaitu handmade dengan memakai lilin atau malam, kemudian dijahit dengan hati-hati dan rapi sehingga menghasilkan kemeja batik tulis pria premium yang nyaman dan enak dipakai untuk kondangan dan acara resmi lain"
http://batik-s128.com/category/batik-pria/kemeja-pria/kemeja-batik-sutra/, Kemeja Batik Sutra Archives - Toko Batik Online 2020,Kemeja batik sutra pria mewah berkwalitas premium tampil elegan dengan corak motif tren terbaru kekinian jenis batik tulis bahan sutra atbm twise dll
http://batik-s128.com/category/batik-pria/kemeja-pria/kemeja-tenun/, Kemeja Tenun Pria Biasa Dipakai Pejabat Untuk Acara Resmi Yang Elegan - Toko Batik Online 2020,"Kemeja tenun pria atau kemeja batik tenun pria sebagai baju pejabat sering dipakai pejabat dan petinggi negara saat menghadiri acara resmi seperti peresmian proyek, menyambut tamu negara. Kemeja tenun banyak dihasilkan oleh pengrajin tenun troso Jepara dengan kain tenun baron dengan alat tenun bukan mesin (ATBM)"
http://batik-s128.com/category/batik-pria/kerah-shanghai/, Model Baju Batik Kerah Shanghai Pria Batik Koko Muslim Oriental - Toko Batik Online 2020,Jual baju batik kerah shanghai pria atau batik koko kerah berdiri yang disukai semua etnis karena modelnya yang sudah diterima masyarakat Indonesia. Model baju tionghua digunakan juga oleh muslim. Model baju batik ini berbahan katun halus dan dijahit rapi oleh penjahit profesional
http://batik-s128.com/category/batik-pria/batik-wayang/, Batik Wayang Archives - Toko Batik Online 2020,"Jual batik wayang seperti Yudhistira/Puntadewa, Bima/Werkudara, Arjuna, Nakula-Sadewa), Punawakawan (Semar, Gareng, Petruk, Bagong), Gatotkaca, Kresna, dll"
http://batik-s128.com/category/jaket-batik/, Jaket Batik Pria dan Wanita Terbaru Model Populer - Toko Batik Online 2020,"Tidak banyak yang menjual jaket batik yang berkualitas, kami senantiasa berusaha menghadirkan model jaket batik pria dan wanita elegan kualitas premium. Jaket batik bomber menjadi salah satu model jaket batik populer, selain jaket batik model jas. Kenyaman dan rasa percaya diri akan terbangun dengan jaket batik modern"
http://batik-s128.com/category/batik-wanita/," Model Baju Batik Wanita: Atasan, Blouse,Dress, Tunik dan Rok Terbaru - Toko Batik Online 2020","Jual atasan batik wanita (blouse, dress, tunik) dan bawahan rok tren terbaru. Beli disini model baju batik wanita kantor elegan, rok batik span dan lilit yang cantik. Untuk wanita muslimah juga tersedia gamis batik dan juga long dress yang menutup aurat. Jadikan penampilan wanita Indonesia lebih anggun"
http://batik-s128.com/category/batik-wanita/wanita-blus/, Blouse Batik Atasan Wanita Modern Model Terbaru - Toko Batik Online 2020,"Beli atasan batik wanita disini, blouse batik koleksi lengkap model baju batik wanita kerja kantor kombinasi, ukuran besar untuk wanita gemuk juga tersedia, model kutubaru sampai model lengan panjang dan pendek, terbuat dari bahan katun halus dan dijahit profesional. Fashion busana batik perempuan motif modern klasik"
http://batik-s128.com/category/batik-wanita/wanita-dress/, Dress Batik Wanita Model Kombinasi Modern Elegan - Toko Batik Online 2020,"Jual dress batik wanita terbaru berbagai model elegan dan unik. Cutting rapi tersedia dress batik panjang dan pendek selera perempuan cantik dan anggun. Terbuat dari bahan katun, paris, dan dolby yang adem dan nyaman dipakai saat pesta pernikahan, acara resmi dan santai, juga untuk kerja kantor. Ya, benar Batik Solo"
http://batik-s128.com/category/batik-wanita/wanita-rok/," Rok Batik Modern Model Lilit, Span, Mini, Midi dan Maxi - Toko Batik Online 2020","Jual bawahan batik atau rok batik terbaru tesedia model rok lilit panjang pendek, rok span ukuran mini, midi dan maxi. Rok batik modern kerja kantor, menghadiri kondangan, dan juga untuk acara santai diluar rumah tampil elegan dan feminim. Bahan katun dengan furing tricot juga ada yang tidak pakai lapisan model terbaru"
http://batik-s128.com/category/bolero/, Outer Batik Wanita Model Bolero dan Blazer Terbaru - Toko Batik Online 2020,"Jual outer batik model terbaru seperti bolero batik model bolak-balik dan juga blazer batik untuk kerja kantor dan outer batik lengan panjang dan pendek kekinian. Outer batik cocok dipakai oleh remaja putri, wanita karier dan ibu-ibu cantik yang selalu aware akan penampilannya"
http://batik-s128.com/category/celana-batik/, Celana Batik Wanita Modern Model Terbaru Bahan Bagus - Toko Batik Online 2020,Jual celana batik wanita model kulot dan model lain berbagai ukuran. Juga tersedia celana batik pria model terbaru cocok dipakai sehari-hari lebih santai dan nyaman. Celana kulot batik model panjang juga bisa dikenakan saat kerja kantor yang membuat Anda lebih mudah bergerak dan enerjik. Celana batik solo memang beda
http://batik-s128.com/blog/dress-batik-wanita-dengan-hills-yang-cocok-untuk-menghadiri-berbagai-acara/, Dress Batik Wanita dengan Hills yang Cocok untuk Menghadiri Berbagai Acara - Toko Batik Online 2020,Dress batik wanita berwarna-warni menjadikan penampilan Anda semakin cantik dan elegan. Kehadiran Anda akan semakin memikat
http://batik-s128.com/blog/model-atasan-batik-kerja-elegan/, Model Atasan Batik Kerja Elegan - Toko Batik Online 2020,Model Atasan Batik Kerja wanita terbaru tampil modern dengan macam-macam aksesoris yang melengkapi tetapi tetap tampil elegan dan mempesona
http://batik-s128.com/blog/model-baju-batik-wanita-modis-dan-cantik/, Model Baju Batik Wanita Modis dan Cantik - Toko Batik Online 2020,Model baju batik wanita sebagai sarana tampil modis dan cantik dapat dipilih model mana yang cocok disesuaikan dengan karakter serta situasi dan kondisi lingkungan saat itu
http://batik-s128.com/blog/model-baju-batik-pria-yang-populer/, Model Baju Batik Pria yang Populer - Toko Batik Online 2020,model baju batik pria modern baik lengan pendek maupun lengan panjang dan kombinasi kain polos semuanya bagus untuk menunjang penampilan anda agar lebih menarik
http://batik-s128.com/blog/kemeja-batik-kombinasi-trendy-tips-memilih/, Kemeja Batik Kombinasi Trendy Tips Memilih - Toko Batik Online 2020,"Kemeja Batik Kombinasi pria modern model trendy masa kini, tip memilih sesuai selera, warna dan yang terpenting sesuai budget"
http://batik-s128.com/page/2/, Toko Batik Online 2020 - Batik Solo Modern,"Model baju batik solo dari toko batik online terbaru sedia batik modern bahan kain batik tulis dari dress model baju batik atasan wanita seperti blouse batik, dress batik, gamis batik untuk batik kerja kantor juga kemeja batik pria model batik mega mendung, batik kawung, batik parang, jarik batik klasik, kombinasi kain polos, rok batik, batik sutra pejabat"
http://batik-s128.com/page/3/, Toko Batik Online 2020 - Batik Solo Modern,"Model baju batik solo dari toko batik online terbaru sedia batik modern bahan kain batik tulis dari dress model baju batik atasan wanita seperti blouse batik, dress batik, gamis batik untuk batik kerja kantor juga kemeja batik pria model batik mega mendung, batik kawung, batik parang, jarik batik klasik, kombinasi kain polos, rok batik, batik sutra pejabat"
http://batik-s128.com/page/4/, Toko Batik Online 2020 - Batik Solo Modern,"Model baju batik solo dari toko batik online terbaru sedia batik modern bahan kain batik tulis dari dress model baju batik atasan wanita seperti blouse batik, dress batik, gamis batik untuk batik kerja kantor juga kemeja batik pria model batik mega mendung, batik kawung, batik parang, jarik batik klasik, kombinasi kain polos, rok batik, batik sutra pejabat"
http://batik-s128.com/page/2274/, Toko Batik Online 2020 - Batik Solo Modern,"Model baju batik solo dari toko batik online terbaru sedia batik modern bahan kain batik tulis dari dress model baju batik atasan wanita seperti blouse batik, dress batik, gamis batik untuk batik kerja kantor juga kemeja batik pria model batik mega mendung, batik kawung, batik parang, jarik batik klasik, kombinasi kain polos, rok batik, batik sutra pejabat"
http://batik-s128.com/busana-batik-pria-lengan-panjang-terbaru/, Busana Batik Pria Lengan Panjang Terbaru - Toko Batik Online 2020,"Jual Busana Batik Pria Lengan Panjang Terbaru model up to date untuk kerja dan menghadiri acara resmi seperti acara pernikahan, lamaran, rapat kantor"
http://batik-s128.com/dompet-batik-model-terbaru-warna-bagus-berkelas-mewah-dan-elegan/," Dompet Batik Model Terbaru, Warna Bagus, Berkelas, Mewah, Dan Elegan - Toko Batik Online 2020","Jual dompet batik bagus berkualitas harga murah saja, untuk menunjang penampilan kaum hawa dan menambah rasa percaya diri ketika menghadiri pesta"
http://batik-s128.com/baju-batik-wanita-modern-lebaran-2012/, Jual Baju Batik Lebaran Wanita Modern 2020 - Toko Batik Online 2020,"Jual baju batik lebaran untuk wanita modern, tampil dengan batik keren trend terkini siap menyambut hari raya idul fitri penuh makna"
http://batik-s128.com/kain-batik-motif-klasik-a-k-a-pakem-keraton-dijualdipesan-disini/, Kain Batik Motif Klasik / Lawasan a.k.a Pakem Keraton Dijual/Pesan Disini - Toko Batik Online 2020,"Jual kain batik motif klasik untuk acara pernikahan, seserahan, midodareni, ijab-qobul yang akan dipakai pengantin pria dan wanita, ibu/bapak dan mertua, saudara dan among tamu"
http://batik-s128.com/koleksi-baju-batik-modern-pria-dan-wanita-2012/, Koleksi Baju Batik Modern Pria Dan Wanita 2020/2021 - Toko Batik Online 2020,"Jual baju batik modern asli solo, siap dipakai untuk menghari acara penting kantor, acara keluarga baik formal maupun informal. Pilihanan Anda pasti luar biasa"
http://batik-s128.com/trend-kemeja-tenun-terbaru-2014-busana-pejabat-dan-pengusaha/," Trend Kemeja Tenun Terbaru 2020, Busana Pejabat Dan Pengusaha - Toko Batik Online 2020",Jual kemeja tenun terbaru yang cocok dipakai pejabat publik ditingkat pusat dan daerah. Sangat pantas untuk acara formal menghadiri pesta dan rapat kantor serta kunjungan kerja
http://batik-s128.com/jual-mukena-lukis-mukena-batik-solo-terbaru-lebaran-2014/," Jual Mukena Lukis, Mukena Batik Solo Terbaru Lebaran 2020 - Toko Batik Online 2020","Jual mukena batik solo, jenis mukena lukis dan lainnya, harga murah terjangkau, siap menyambut lebaran tahun ini dengan mukena terbaru"
http://batik-s128.com/category/kain-batik/page/2/, Kain Batik Solo Modern Motif Terbaru Sarimbit dan Eceran Satuan - Toko Batik Online 2020,"Jual kain batik asli solo bahan batik sarimbit dapat dibeli ecer satuan. Sedia batik tulis, batik cap dan batik print corak modern motif klasik terbaru. Bahan kain siap dijahit menjadi baju batik pria dan blus dress wanita seragam dan pribadi. Bahan halus lembut nyaman dipakai dan tidak luntur harga murah terjangkau"
http://batik-s128.com/category/kain-batik/page/3/, Kain Batik Solo Modern Motif Terbaru Sarimbit dan Eceran Satuan - Toko Batik Online 2020,"Jual kain batik asli solo bahan batik sarimbit dapat dibeli ecer satuan. Sedia batik tulis, batik cap dan batik print corak modern motif klasik terbaru. Bahan kain siap dijahit menjadi baju batik pria dan blus dress wanita seragam dan pribadi. Bahan halus lembut nyaman dipakai dan tidak luntur harga murah terjangkau"
http://batik-s128.com/category/kain-batik/page/4/, Kain Batik Solo Modern Motif Terbaru Sarimbit dan Eceran Satuan - Toko Batik Online 2020,"Jual kain batik asli solo bahan batik sarimbit dapat dibeli ecer satuan. Sedia batik tulis, batik cap dan batik print corak modern motif klasik terbaru. Bahan kain siap dijahit menjadi baju batik pria dan blus dress wanita seragam dan pribadi. Bahan halus lembut nyaman dipakai dan tidak luntur harga murah terjangkau"
http://batik-s128.com/category/kain-batik/page/27/, Kain Batik Solo Modern Motif Terbaru Sarimbit dan Eceran Satuan - Toko Batik Online 2020,"Jual kain batik asli solo bahan batik sarimbit dapat dibeli ecer satuan. Sedia batik tulis, batik cap dan batik print corak modern motif klasik terbaru. Bahan kain siap dijahit menjadi baju batik pria dan blus dress wanita seragam dan pribadi. Bahan halus lembut nyaman dipakai dan tidak luntur harga murah terjangkau"
http://batik-s128.com/category/kain-batik/batik-tulis/page/2/, Batik Tulis Solo Istimewa Bahan Baju Batik Pria Wanita Berkelas - Toko Batik Online 2020,Jual bahan batik tulis siap dijahit menjadi baju batik berkelas untuk pria dan wanita. Motif modern juga corak klasik tersedia yang 100% dibuat dengan tangan alias handmade. Ciri batik tulis adalah motif ditutup denga lilin atau malam dengan cara dicanting. Batik tulis asli solo menjadikan kemeja batik anda istimewa
http://batik-s128.com/category/kain-batik/batik-tulis/page/3/, Batik Tulis Solo Istimewa Bahan Baju Batik Pria Wanita Berkelas - Toko Batik Online 2020,Jual bahan batik tulis siap dijahit menjadi baju batik berkelas untuk pria dan wanita. Motif modern juga corak klasik tersedia yang 100% dibuat dengan tangan alias handmade. Ciri batik tulis adalah motif ditutup denga lilin atau malam dengan cara dicanting. Batik tulis asli solo menjadikan kemeja batik anda istimewa
http://batik-s128.com/category/kain-batik/batik-tulis/page/4/, Batik Tulis Solo Istimewa Bahan Baju Batik Pria Wanita Berkelas - Toko Batik Online 2020,Jual bahan batik tulis siap dijahit menjadi baju batik berkelas untuk pria dan wanita. Motif modern juga corak klasik tersedia yang 100% dibuat dengan tangan alias handmade. Ciri batik tulis adalah motif ditutup denga lilin atau malam dengan cara dicanting. Batik tulis asli solo menjadikan kemeja batik anda istimewa
http://batik-s128.com/category/kain-batik/batik-tulis/page/6/, Batik Tulis Solo Istimewa Bahan Baju Batik Pria Wanita Berkelas - Toko Batik Online 2020,Jual bahan batik tulis siap dijahit menjadi baju batik berkelas untuk pria dan wanita. Motif modern juga corak klasik tersedia yang 100% dibuat dengan tangan alias handmade. Ciri batik tulis adalah motif ditutup denga lilin atau malam dengan cara dicanting. Batik tulis asli solo menjadikan kemeja batik anda istimewa
http://batik-s128.com/category/kain-batik/kain-batik-sutera/page/2/, Kain Batik Sutra Modern Asli Eksklusif Mewah Elegan - Toko Batik Online 2020,"Jual kain batik sutra asli motif modern untuk baju pria dan wanita. Bahan batik sutra halus ATBM, Tuwis, Crepe dll harga murah bersahabat terjangkau, Cocok digunakan pejabat dan pengusaha tampil elegan, mewah dan eksklusif. Batik sutra solo bagus untuk baju pria dan wanita kerja kantor, kondangan, dan acara resmi"
http://batik-s128.com/category/kain-batik/batik-klasik/page/2/, Kain Jarik Bahan Batik Klasik Solo Untuk Pernikahan Adat Jawa - Toko Batik Online 2020,"Jual kain jarik Solo untuk pernikahan adat Jawa. Bahan jarik juga dapat dijahit untuk pakaian pria dan wanita. Bahan batik klasik tersedia jenis batik tulis, kombinasi tulis dan cetak/print."
http://batik-s128.com/category/kain-batik/batik-klasik/page/3/, Kain Jarik Bahan Batik Klasik Solo Untuk Pernikahan Adat Jawa - Toko Batik Online 2020,"Jual kain jarik Solo untuk pernikahan adat Jawa. Bahan jarik juga dapat dijahit untuk pakaian pria dan wanita. Bahan batik klasik tersedia jenis batik tulis, kombinasi tulis dan cetak/print."
http://batik-s128.com/category/kain-batik/batik-klasik/page/4/, Kain Jarik Bahan Batik Klasik Solo Untuk Pernikahan Adat Jawa - Toko Batik Online 2020,"Jual kain jarik Solo untuk pernikahan adat Jawa. Bahan jarik juga dapat dijahit untuk pakaian pria dan wanita. Bahan batik klasik tersedia jenis batik tulis, kombinasi tulis dan cetak/print."
http://batik-s128.com/category/kain-batik/batik-klasik/page/7/, Kain Jarik Bahan Batik Klasik Solo Untuk Pernikahan Adat Jawa - Toko Batik Online 2020,"Jual kain jarik Solo untuk pernikahan adat Jawa. Bahan jarik juga dapat dijahit untuk pakaian pria dan wanita. Bahan batik klasik tersedia jenis batik tulis, kombinasi tulis dan cetak/print."
http://batik-s128.com/category/batik-pria/page/2/, Model Baju Batik Pria Terbaru Eksklusif Lengan Pendek dan Panjang - Toko Batik Online 2020,"Jual baju batik pria model terbaru eksklusif rata-rata hanya tersedia 1 potong dan 1 ukuran saja. Mulai dari batik tulis, batik cap dan juga batik print. Model baju batik pria premium dengan bahan batik pilihan halus dan nyaman dipakai serta dijahit rapi, model jahitan tailor. Pilihan motif klasik dan modern tersedia"
http://batik-s128.com/category/batik-pria/page/3/, Model Baju Batik Pria Terbaru Eksklusif Lengan Pendek dan Panjang - Toko Batik Online 2020,"Jual baju batik pria model terbaru eksklusif rata-rata hanya tersedia 1 potong dan 1 ukuran saja. Mulai dari batik tulis, batik cap dan juga batik print. Model baju batik pria premium dengan bahan batik pilihan halus dan nyaman dipakai serta dijahit rapi, model jahitan tailor. Pilihan motif klasik dan modern tersedia"
http://batik-s128.com/category/batik-pria/page/4/, Model Baju Batik Pria Terbaru Eksklusif Lengan Pendek dan Panjang - Toko Batik Online 2020,"Jual baju batik pria model terbaru eksklusif rata-rata hanya tersedia 1 potong dan 1 ukuran saja. Mulai dari batik tulis, batik cap dan juga batik print. Model baju batik pria premium dengan bahan batik pilihan halus dan nyaman dipakai serta dijahit rapi, model jahitan tailor. Pilihan motif klasik dan modern tersedia"
http://batik-s128.com/category/batik-pria/page/85/, Model Baju Batik Pria Terbaru Eksklusif Lengan Pendek dan Panjang - Toko Batik Online 2020,"Jual baju batik pria model terbaru eksklusif rata-rata hanya tersedia 1 potong dan 1 ukuran saja. Mulai dari batik tulis, batik cap dan juga batik print. Model baju batik pria premium dengan bahan batik pilihan halus dan nyaman dipakai serta dijahit rapi, model jahitan tailor. Pilihan motif klasik dan modern tersedia"
http://batik-s128.com/category/batik-pria/lengan-pendek/page/2/, Model Baju Batik Pria Lengan Pendek Unik Khas Solo - Toko Batik Online 2020,Jual kemeja batik pria sukses. Model baju batik pria lengan pendek dengan daleman furing maupun non furing unik seperti batik wayang sampai motif batik tulis modern tersedia dengan jahitan bagus dan bahan halus. Cocok dipakai sehari-hari maupun kerja kantor dan juga santai bersama keluarga. Batik Solo memang keren
http://batik-s128.com/category/batik-pria/lengan-pendek/page/3/, Model Baju Batik Pria Lengan Pendek Unik Khas Solo - Toko Batik Online 2020,Jual kemeja batik pria sukses. Model baju batik pria lengan pendek dengan daleman furing maupun non furing unik seperti batik wayang sampai motif batik tulis modern tersedia dengan jahitan bagus dan bahan halus. Cocok dipakai sehari-hari maupun kerja kantor dan juga santai bersama keluarga. Batik Solo memang keren
http://batik-s128.com/category/batik-pria/lengan-pendek/page/4/, Model Baju Batik Pria Lengan Pendek Unik Khas Solo - Toko Batik Online 2020,Jual kemeja batik pria sukses. Model baju batik pria lengan pendek dengan daleman furing maupun non furing unik seperti batik wayang sampai motif batik tulis modern tersedia dengan jahitan bagus dan bahan halus. Cocok dipakai sehari-hari maupun kerja kantor dan juga santai bersama keluarga. Batik Solo memang keren
http://batik-s128.com/category/batik-pria/lengan-pendek/page/49/, Model Baju Batik Pria Lengan Pendek Unik Khas Solo - Toko Batik Online 2020,Jual kemeja batik pria sukses. Model baju batik pria lengan pendek dengan daleman furing maupun non furing unik seperti batik wayang sampai motif batik tulis modern tersedia dengan jahitan bagus dan bahan halus. Cocok dipakai sehari-hari maupun kerja kantor dan juga santai bersama keluarga. Batik Solo memang keren
http://batik-s128.com/category/batik-pria/lengan-panjang/page/2/," Model Baju Batik Pria Lengan Panjang Keren, Modern dan Eksklusif - Toko Batik Online 2020","Jual model baju batik pria lengan panjang yang kekinian sesuai dengan perkembangan zaman, dengan motif yang unik dengan bahan yang halus dan dijahit dengan rapi dari berbagai jenis batik handmade (batik tulis dan batik cap), juga ada batik print dengan harga murah terjangkau"
http://batik-s128.com/category/batik-pria/lengan-panjang/page/3/," Model Baju Batik Pria Lengan Panjang Keren, Modern dan Eksklusif - Toko Batik Online 2020","Jual model baju batik pria lengan panjang yang kekinian sesuai dengan perkembangan zaman, dengan motif yang unik dengan bahan yang halus dan dijahit dengan rapi dari berbagai jenis batik handmade (batik tulis dan batik cap), juga ada batik print dengan harga murah terjangkau"
http://batik-s128.com/category/batik-pria/lengan-panjang/page/4/," Model Baju Batik Pria Lengan Panjang Keren, Modern dan Eksklusif - Toko Batik Online 2020","Jual model baju batik pria lengan panjang yang kekinian sesuai dengan perkembangan zaman, dengan motif yang unik dengan bahan yang halus dan dijahit dengan rapi dari berbagai jenis batik handmade (batik tulis dan batik cap), juga ada batik print dengan harga murah terjangkau"
http://batik-s128.com/category/batik-pria/lengan-panjang/page/35/," Model Baju Batik Pria Lengan Panjang Keren, Modern dan Eksklusif - Toko Batik Online 2020","Jual model baju batik pria lengan panjang yang kekinian sesuai dengan perkembangan zaman, dengan motif yang unik dengan bahan yang halus dan dijahit dengan rapi dari berbagai jenis batik handmade (batik tulis dan batik cap), juga ada batik print dengan harga murah terjangkau"
http://batik-s128.com/category/batik-pria/kemeja-pria/kemeja-batik-tulis/page/2/, Kemeja Batik Tulis Pria Lengan Panjang dan Lengan Pendek - Toko Batik Online 2020,"Jual batik tulis pria mewah elegan dan eksklusif karena benar-benar dihasilkan dengan proses batik tulis asli yaitu handmade dengan memakai lilin atau malam, kemudian dijahit dengan hati-hati dan rapi sehingga menghasilkan kemeja batik tulis pria premium yang nyaman dan enak dipakai untuk kondangan dan acara resmi lain"
http://batik-s128.com/category/batik-pria/kemeja-pria/kemeja-batik-tulis/page/3/, Kemeja Batik Tulis Pria Lengan Panjang dan Lengan Pendek - Toko Batik Online 2020,"Jual batik tulis pria mewah elegan dan eksklusif karena benar-benar dihasilkan dengan proses batik tulis asli yaitu handmade dengan memakai lilin atau malam, kemudian dijahit dengan hati-hati dan rapi sehingga menghasilkan kemeja batik tulis pria premium yang nyaman dan enak dipakai untuk kondangan dan acara resmi lain"
http://batik-s128.com/category/batik-pria/kemeja-pria/kemeja-batik-tulis/page/4/, Kemeja Batik Tulis Pria Lengan Panjang dan Lengan Pendek - Toko Batik Online 2020,"Jual batik tulis pria mewah elegan dan eksklusif karena benar-benar dihasilkan dengan proses batik tulis asli yaitu handmade dengan memakai lilin atau malam, kemudian dijahit dengan hati-hati dan rapi sehingga menghasilkan kemeja batik tulis pria premium yang nyaman dan enak dipakai untuk kondangan dan acara resmi lain"
http://batik-s128.com/category/batik-pria/kemeja-pria/kemeja-batik-tulis/page/31/, Kemeja Batik Tulis Pria Lengan Panjang dan Lengan Pendek - Toko Batik Online 2020,"Jual batik tulis pria mewah elegan dan eksklusif karena benar-benar dihasilkan dengan proses batik tulis asli yaitu handmade dengan memakai lilin atau malam, kemudian dijahit dengan hati-hati dan rapi sehingga menghasilkan kemeja batik tulis pria premium yang nyaman dan enak dipakai untuk kondangan dan acara resmi lain"
http://batik-s128.com/category/batik-pria/kerah-shanghai/page/2/, Model Baju Batik Kerah Shanghai Pria Batik Koko Muslim Oriental - Toko Batik Online 2020,Jual baju batik kerah shanghai pria atau batik koko kerah berdiri yang disukai semua etnis karena modelnya yang sudah diterima masyarakat Indonesia. Model baju tionghua digunakan juga oleh muslim. Model baju batik ini berbahan katun halus dan dijahit rapi oleh penjahit profesional
http://batik-s128.com/category/batik-pria/kerah-shanghai/page/3/, Model Baju Batik Kerah Shanghai Pria Batik Koko Muslim Oriental - Toko Batik Online 2020,Jual baju batik kerah shanghai pria atau batik koko kerah berdiri yang disukai semua etnis karena modelnya yang sudah diterima masyarakat Indonesia. Model baju tionghua digunakan juga oleh muslim. Model baju batik ini berbahan katun halus dan dijahit rapi oleh penjahit profesional
http://batik-s128.com/category/batik-pria/batik-wayang/page/2/, Batik Wayang Archives - Page 2 of 2 - Toko Batik Online 2020,"Jual batik wayang seperti Yudhistira/Puntadewa, Bima/Werkudara, Arjuna, Nakula-Sadewa), Punawakawan (Semar, Gareng, Petruk, Bagong), Gatotkaca, Kresna, dll"
http://batik-s128.com/category/jaket-batik/page/2/, Jaket Batik Pria dan Wanita Terbaru Model Populer - Toko Batik Online 2020,"Tidak banyak yang menjual jaket batik yang berkualitas, kami senantiasa berusaha menghadirkan model jaket batik pria dan wanita elegan kualitas premium. Jaket batik bomber menjadi salah satu model jaket batik populer, selain jaket batik model jas. Kenyaman dan rasa percaya diri akan terbangun dengan jaket batik modern"
http://batik-s128.com/category/batik-wanita/page/2/," Model Baju Batik Wanita: Atasan, Blouse,Dress, Tunik dan Rok Terbaru - Toko Batik Online 2020","Jual atasan batik wanita (blouse, dress, tunik) dan bawahan rok tren terbaru. Beli disini model baju batik wanita kantor elegan, rok batik span dan lilit yang cantik. Untuk wanita muslimah juga tersedia gamis batik dan juga long dress yang menutup aurat. Jadikan penampilan wanita Indonesia lebih anggun"
http://batik-s128.com/category/batik-wanita/page/3/," Model Baju Batik Wanita: Atasan, Blouse,Dress, Tunik dan Rok Terbaru - Toko Batik Online 2020","Jual atasan batik wanita (blouse, dress, tunik) dan bawahan rok tren terbaru. Beli disini model baju batik wanita kantor elegan, rok batik span dan lilit yang cantik. Untuk wanita muslimah juga tersedia gamis batik dan juga long dress yang menutup aurat. Jadikan penampilan wanita Indonesia lebih anggun"
http://batik-s128.com/category/batik-wanita/page/4/," Model Baju Batik Wanita: Atasan, Blouse,Dress, Tunik dan Rok Terbaru - Toko Batik Online 2020","Jual atasan batik wanita (blouse, dress, tunik) dan bawahan rok tren terbaru. Beli disini model baju batik wanita kantor elegan, rok batik span dan lilit yang cantik. Untuk wanita muslimah juga tersedia gamis batik dan juga long dress yang menutup aurat. Jadikan penampilan wanita Indonesia lebih anggun"
http://batik-s128.com/category/batik-wanita/page/101/," Model Baju Batik Wanita: Atasan, Blouse,Dress, Tunik dan Rok Terbaru - Toko Batik Online 2020","Jual atasan batik wanita (blouse, dress, tunik) dan bawahan rok tren terbaru. Beli disini model baju batik wanita kantor elegan, rok batik span dan lilit yang cantik. Untuk wanita muslimah juga tersedia gamis batik dan juga long dress yang menutup aurat. Jadikan penampilan wanita Indonesia lebih anggun"
http://batik-s128.com/category/batik-wanita/wanita-blus/page/2/, Blouse Batik Atasan Wanita Modern Model Terbaru - Toko Batik Online 2020,"Beli atasan batik wanita disini, blouse batik koleksi lengkap model baju batik wanita kerja kantor kombinasi, ukuran besar untuk wanita gemuk juga tersedia, model kutubaru sampai model lengan panjang dan pendek, terbuat dari bahan katun halus dan dijahit profesional. Fashion busana batik perempuan motif modern klasik"
http://batik-s128.com/category/batik-wanita/wanita-blus/page/3/, Blouse Batik Atasan Wanita Modern Model Terbaru - Toko Batik Online 2020,"Beli atasan batik wanita disini, blouse batik koleksi lengkap model baju batik wanita kerja kantor kombinasi, ukuran besar untuk wanita gemuk juga tersedia, model kutubaru sampai model lengan panjang dan pendek, terbuat dari bahan katun halus dan dijahit profesional. Fashion busana batik perempuan motif modern klasik"
http://batik-s128.com/category/batik-wanita/wanita-blus/page/4/, Blouse Batik Atasan Wanita Modern Model Terbaru - Toko Batik Online 2020,"Beli atasan batik wanita disini, blouse batik koleksi lengkap model baju batik wanita kerja kantor kombinasi, ukuran besar untuk wanita gemuk juga tersedia, model kutubaru sampai model lengan panjang dan pendek, terbuat dari bahan katun halus dan dijahit profesional. Fashion busana batik perempuan motif modern klasik"
http://batik-s128.com/category/batik-wanita/wanita-blus/page/56/, Blouse Batik Atasan Wanita Modern Model Terbaru - Toko Batik Online 2020,"Beli atasan batik wanita disini, blouse batik koleksi lengkap model baju batik wanita kerja kantor kombinasi, ukuran besar untuk wanita gemuk juga tersedia, model kutubaru sampai model lengan panjang dan pendek, terbuat dari bahan katun halus dan dijahit profesional. Fashion busana batik perempuan motif modern klasik"
http://batik-s128.com/category/batik-wanita/wanita-dress/page/2/, Dress Batik Wanita Model Kombinasi Modern Elegan - Toko Batik Online 2020,"Jual dress batik wanita terbaru berbagai model elegan dan unik. Cutting rapi tersedia dress batik panjang dan pendek selera perempuan cantik dan anggun. Terbuat dari bahan katun, paris, dan dolby yang adem dan nyaman dipakai saat pesta pernikahan, acara resmi dan santai, juga untuk kerja kantor. Ya, benar Batik Solo"
http://batik-s128.com/category/batik-wanita/wanita-dress/page/3/, Dress Batik Wanita Model Kombinasi Modern Elegan - Toko Batik Online 2020,"Jual dress batik wanita terbaru berbagai model elegan dan unik. Cutting rapi tersedia dress batik panjang dan pendek selera perempuan cantik dan anggun. Terbuat dari bahan katun, paris, dan dolby yang adem dan nyaman dipakai saat pesta pernikahan, acara resmi dan santai, juga untuk kerja kantor. Ya, benar Batik Solo"
http://batik-s128.com/category/batik-wanita/wanita-dress/page/4/, Dress Batik Wanita Model Kombinasi Modern Elegan - Toko Batik Online 2020,"Jual dress batik wanita terbaru berbagai model elegan dan unik. Cutting rapi tersedia dress batik panjang dan pendek selera perempuan cantik dan anggun. Terbuat dari bahan katun, paris, dan dolby yang adem dan nyaman dipakai saat pesta pernikahan, acara resmi dan santai, juga untuk kerja kantor. Ya, benar Batik Solo"
http://batik-s128.com/category/batik-wanita/wanita-dress/page/33/, Dress Batik Wanita Model Kombinasi Modern Elegan - Toko Batik Online 2020,"Jual dress batik wanita terbaru berbagai model elegan dan unik. Cutting rapi tersedia dress batik panjang dan pendek selera perempuan cantik dan anggun. Terbuat dari bahan katun, paris, dan dolby yang adem dan nyaman dipakai saat pesta pernikahan, acara resmi dan santai, juga untuk kerja kantor. Ya, benar Batik Solo"
http://batik-s128.com/category/batik-wanita/wanita-rok/page/2/," Rok Batik Modern Model Lilit, Span, Mini, Midi dan Maxi - Toko Batik Online 2020","Jual bawahan batik atau rok batik terbaru tesedia model rok lilit panjang pendek, rok span ukuran mini, midi dan maxi. Rok batik modern kerja kantor, menghadiri kondangan, dan juga untuk acara santai diluar rumah tampil elegan dan feminim. Bahan katun dengan furing tricot juga ada yang tidak pakai lapisan model terbaru"
http://batik-s128.com/category/batik-wanita/wanita-rok/page/3/," Rok Batik Modern Model Lilit, Span, Mini, Midi dan Maxi - Toko Batik Online 2020","Jual bawahan batik atau rok batik terbaru tesedia model rok lilit panjang pendek, rok span ukuran mini, midi dan maxi. Rok batik modern kerja kantor, menghadiri kondangan, dan juga untuk acara santai diluar rumah tampil elegan dan feminim. Bahan katun dengan furing tricot juga ada yang tidak pakai lapisan model terbaru"
http://batik-s128.com/category/bolero/page/2/, Outer Batik Wanita Model Bolero dan Blazer Terbaru - Toko Batik Online 2020,"Jual outer batik model terbaru seperti bolero batik model bolak-balik dan juga blazer batik untuk kerja kantor dan outer batik lengan panjang dan pendek kekinian. Outer batik cocok dipakai oleh remaja putri, wanita karier dan ibu-ibu cantik yang selalu aware akan penampilannya"
http://batik-s128.com/category/bolero/page/3/, Outer Batik Wanita Model Bolero dan Blazer Terbaru - Toko Batik Online 2020,"Jual outer batik model terbaru seperti bolero batik model bolak-balik dan juga blazer batik untuk kerja kantor dan outer batik lengan panjang dan pendek kekinian. Outer batik cocok dipakai oleh remaja putri, wanita karier dan ibu-ibu cantik yang selalu aware akan penampilannya"
http://batik-s128.com/category/baju-batik/, Baju Batik Pria dan Wanita Modern Model Terbaru Tren Masa Kini - Toko Batik Online 2020,"Jual baju batik pria dan wanita model terbaru. Tersedia berbagai pilihan dengan model batik tren masa kini motif klasik tradisional dan modern design elegan menarik. Juga tersedia batik pria lengan pendek dan panjang, untuk wanita ada blouse batik dan dress batik cantik yang siap untuk kerja kantor, dan kondangan"
