https://visitingjogja.com/id/,Situs Resmi Dinas Pariwisata Daerah Istimewa Yogyakarta,Selamat datang di Portal Pariwisata Daerah Istimewa Yogyakarta Versi Bahasa Indonesia. Situs visitingjogja.com dikelola oleh Dinas Pariwisata DIY.
https://visitingjogja.com/event-agenda-pariwisata-jogja/,Informasi Agenda Event Wisata Daerah Istimewa Yogyakarta,"Informasi mengenai agenda event wisata di Daerah Istimewa Yogyakarta. Terdiri dari Seni pertunjukkan, Musik, Budaya, dan lain-lain"
https://visitingjogja.com/map/,"Peta Wisata Jogja, Info tentang Kuliner, Tempat Wisata, Penginapan","Peta Wisata Jogja Berisi Info Wisata Jogja mulai dari kuliner, wisata alam, wisata pantai, wisata museum, wisata budaya dan sejarah sampai akomodasi termasuk hotel, losmen, homestay dan tempat penginapan yang ada di Yogyakarta."
https://visitingjogja.com/download/,Download File Dokumen Archive Dinas Pariwisata DIY,"Dinas Pariwisata DIY halaman download - Menyediakan file serta dokumen terkait Kepariwisataan DIY yang dapat didownload, berisikan e-brosur, e-book statistik, dokumen kajian pariwisata, laporan kinerja instansi Dinas Pariwisata DIY dan Kebijakan atau Peraturan-peraturan pariwisata."
http://visitingjogja.com/ppid/,PPID Dinas Pariwisata Daerah Istimewa Yogyakarta,"Dinas Pariwisata DIY berupaya untuk melaksanakan amanat Undang-undang nomor 14 tahun 2008 tentang Keterbukaan Informasi Publik (UU KIP), dengan melaksanakan hak dan kewajiban dalam memberikan informasi kepada publik. Upaya tersebut dilakukan dengan membentuk PPID"
https://visitingjogja.com/informasi-wisata-jogja/wisata-pantai/,Wisata Pantai Archives Dinas Pariwisata Daerah Istimewa Yogyakarta,"Yogyakarta merupakan salah satu tempat yang memiliki keidahan pantainya, berikut kumpulan informasi tentang destinasi wisata pantai jogja, wisata pantai yang ada di Daerah Istimewa Yogyakarta"
https://visitingjogja.com/informasi-wisata-jogja/wisata-budaya-sejarah/,Wisata Budaya dan Sejarah Archives Dinas Pariwisata DIY,"Kumpulan informasi destinasi wisata budaya dan sejarah jogja, wisata budaya dan sejarah yang ada di Daerah Istimewa Yogyakarta"
https://visitingjogja.com/informasi-wisata-jogja/wisata-alam/,Wisata Alam Archives Dinas Pariwisata Daerah Dinas Pariwisata,"Yogyakarta memiliki begitu banyak wisata alam dengan berbagai keunikannya, berikut ini kumpulan Informasi destinasi wisata alam jogja, wisata alam yang ada di Daerah Istimewa Yogyakarta."
https://visitingjogja.com/informasi-wisata-jogja/,Informasi Wisata Jogja oleh Dinas Pariwisata Daerah Istimewa Yogyakarta,"Dinas Pariwisata DIY menyediakan Informasi wisata Jogja. Dinas Pariwisata DIY menyediakan informasi mengenai Destinasi Wisata di Yogyakarta, yang berisikan mengenai 5 kategori wisata"
https://visitingjogja.com/informasi-wisata-jogja/wisata-museum/,Wisata Museum Jogja Dinas Pariwisata Daerah Istimewa Yogyakarta,"Kumpulan informasi destinasi wisata museum jogja, wisata museum yang ada di Daerah Istimewa Yogyakarta."
https://visitingjogja.com/kuliner-wisata-jogja/,Wisata Kuliner Jogja oleh Dinas Pariwisata Daerah Istimewa Yogyakarta,"Dinas Pariwisata DIY menyediakan informasi seputar wisata kuliner Jogja, dari kuliner tradisional sampai kuliner manca yang ada di Yogyakarta."
https://visitingjogja.com/informasi-tempat-menginap-jogja/,Informasi Tempat Menginap Jogja oleh Dinas Pariwisata DIY,"Dinas Pariwisata DIY menyediakan informasi tempat menginap jogja mulai dari perhotelan, homestay maupun losmen dengan berbagai gaya ataupun tema sebagai rekomendasi penginapan ketika berkegiatan ataupun berwisata di Jogja"
https://visitingjogja.com/,Situs Resmi Dinas Pariwisata Daerah Istimewa Yogyakarta,"Portal Resmi Dinas Pariwisata Pemerintah Daerah DIY, berisikan informasi kepariwisataan. Telp: 0274-587486, Email: dispar@visitingjogja.com"
https://visitingjogja.com/26150/gunung-sewu-runtastic-new-date-21-juni-2020/,Gunung Sewu Runtastic New Date 21 Juni 2020 - Dinas Pariwisata Daerah Istimewa Yogyakarta,"Re-schedule :Sedianya dilaksanakan pada Hari Minggu, 5 April 2020 DITUNDA dan direncanakan akan dilaksanakan pada Hari Minggu 21 Juni 2020 di Ngingrong"
https://visitingjogja.com/26145/tour-de-sleman-2-ditunda/,Tour De Sleman #2 Ditunda - Dinas Pariwisata Daerah Istimewa Yogyakarta,"Event Tour de Sleman #2 ditunda sampai batas waktu yang belum bisa ditentukan, hingga situasi dan kondisi membaik demi keselamatan dan kesehatan kita semua."
https://visitingjogja.com/25480/penundaan-event-taman-budaya-yogyakarta/,Penundaan Event Taman Budaya Yogyakarta - Dinas Pariwisata Daerah Istimewa Yogyakarta,"Kami sampaikan bahwa seluruh Event di TBY Musik Malam dan Gelar Seni, harus ditunda terkait keselamatan dan kesehatan semuanya"
https://visitingjogja.com/25388/specta-seni-budaya-prawirotaman-14-15-maret-2020/,Specta Seni Budaya PRAWIROTAMAN (14-15 Maret 2020) - Dinas Pariwisata Daerah Istimewa Yogyakarta,Festival pertunjukan tradisional dan modern di kampung bule Prawirotaman hari Sabtu-Minggu 14-15 Maret 2020 di Hotel Pandanaran Prawirotaman.
https://visitingjogja.com/25153/agenda-wisata-bulan-maret-2020/,Agenda Wisata Bulan Maret 2020 - Dinas Pariwisata Daerah Istimewa Yogyakarta,"Agenda atau jadwal wisata di sepanjang bulan maret 2020 telah disusun oleh Seksi Pengelolaan Informasi Pariwisata, Bidang Pemasaran, Dinas Pariwisata DIY."
https://visitingjogja.com/24667/hotel-grha-somaya-yogyakarta/,Hotel Grha Somaya Yogyakarta - Dinas Pariwisata Daerah Istimewa Yogyakarta,"Hotel Grha Somaya Yogyakarta, fasilitas Hot Spot Area ( Wifi ), Kolam Renang ‚ÄúTamansari‚Äù,¬†¬† Meeting Room ‚ÄúNakula Sadewa‚Äù, Business Centre"
https://visitingjogja.com/24660/tasik-jogja-hotel/,Tasik Jogja Hotel - Dinas Pariwisata Daerah Istimewa Yogyakarta,"Tasik Jogja Hotel,"
https://visitingjogja.com/24650/hotel-tiger-yogyakarta/,Hotel Tiger Yogyakarta - Dinas Pariwisata Daerah Istimewa Yogyakarta,"Hotel Tiger Yogyakarta, menyediakan kamar-kamar dengan AC dan kamar mandi pribadi, Sarapan Asia disajikan setiap hari, dekat dengan Adi Sutjipto"
https://visitingjogja.com/24642/hotel-malioboro-inn-yogyakarta/,Hotel Malioboro Inn Yogyakarta - Dinas Pariwisata Daerah Istimewa Yogyakarta,"Hotel Malioboro Inn Yogyakarta,"
https://visitingjogja.com/24560/hotel-horison-yogyakarta/,Hotel Horison Yogyakarta - Dinas Pariwisata Daerah Istimewa Yogyakarta,"Hotel Horison Yogyakarta,kolam renang outdoor, fasilitas rapat, dan pusat bisnis, fasilitas penitipan bagasi, surat kabar, dan penggunaan brankas."
https://visitingjogja.com/24526/calendar-of-event-kota-yogyakarta/,Dinas Pariwisata Daerah Istimewa Yogyakarta - Dinas Pariwisata Daerah Istimewa Yogyakarta,"calender of event Kota Yogyakarta,periode Maret- Desember 2020 , informasi terkait atraksi wisata, seni dan budaya yang dilaksanakan di kota Yogyakarta"
https://visitingjogja.com/22902/laporan-akhir-analisis-belanja-wisatawan-2019/,Laporan Akhir Analisis Belanja Wisatawan 2019 - Dinas Pariwisata Daerah Istimewa Yogyakarta,"Hasil Studi : Laporan Akhir Analisis Belanja Wisatawan DIY 2019,belanja, akomodasi, wisata, oleh-oleh, pengeluaran, makanan, kerajinan, survei 2019"
https://visitingjogja.com/struktur-organisasi/,Struktur Organisasi - Dinas Pariwisata Daerah Istimewa Yogyakarta,"Struktur Organisasi Dinas Pariwisata DIY berdasarkan jabatan yang sesuai dengan tupoksi, fungsi sebagaimana diatur dalam Peraturan Gubernur No.58 Th.2018."
https://visitingjogja.com/ppid/,PPID Dinas Pariwisata Daerah Istimewa Yogyakarta,"Dinas Pariwisata DIY berupaya untuk melaksanakan amanat Undang-undang nomor 14 tahun 2008 tentang Keterbukaan Informasi Publik (UU KIP), dengan melaksanakan hak dan kewajiban dalam memberikan informasi kepada publik. Upaya tersebut dilakukan dengan membentuk PPID"
https://visitingjogja.com/23401/kalender-event-dan-hajad-dalem-2020-karaton-ngayogyakarta-hadiningratan-februari-maret/,Kalender Event dan Hajad Dalem 2020 Karaton Ngayogyakarta Hadiningratan (Februari-Maret) - Dinas Pariwisata Daerah Istimewa Yogyakarta,"Event dan Hajad Dalem Karaton Ngayogyakarta Hadiningratan bulan Februari-Maret 2020, Pameran, jumenengan, musikan mandalasana"
https://visitingjogja.com/24906/gunungkidul-beautiful-coe-gunungkidul-bulan-maret/,Gunungkidul Beautiful: COE Gunungkidul Bulan Maret - Dinas Pariwisata Daerah Istimewa Yogyakarta,"Daftar Event Kabupaten Gunungkidul DIY, sepanjang bulan Maret 2020, Gunungkidul Tourism festival,Pentas dagelan Mataram, GK Rock Fishing Tournament"
https://visitingjogja.com/25160/schedule-of-shadow-puppets-performance-maret-2020-museum-sonobudoyo-yogyakarta/,Jadwal Pertunjukkan Wayang Museum Sonobudoyo Yogyakarta - Maret 2020 - Dinas Pariwisata Daerah Istimewa Yogyakarta,"Jadwal pertunjukan Wayang, setiap hari di bulan Maret 2020, jam 20.00-22.00 WIB di Pendapa timur museum Sonobudoyo Yogyakarta, tiket 20K"
https://visitingjogja.com/23404/dramatari-the-legend-of-roro-jonggrang-setiap-jumat/,Dramatari The Legend of Roro Jonggrang (Setiap JUMAT) - Dinas Pariwisata Daerah Istimewa Yogyakarta,"Dramatari The Legend of Roro Jonggrang, bandungbondowoso,sewu candi, setiap jumat, 19.30 WIB, gedung Trimurti, candi Prambanan"
https://visitingjogja.com/25023/ramayana-ballet-purawisata-maret-2020/,Ramayana Ballet Purawisata (Maret 2020) - Dinas Pariwisata Daerah Istimewa Yogyakarta,Gratis nonton Ramayana ballet purawisata untuk pelajar/Mahasiswa se-DIY üìÜ Selama bulanMaret 2020üìç Amphitheater Purawisata
https://visitingjogja.com/23887/jadwal-pentas-gedung-kesenian-sleman/,JADWAL PENTAS GEDUNG KESENIAN SLEMAN - Dinas Pariwisata Daerah Istimewa Yogyakarta,"Jadwal dan pelaksanaan pentas Gedung Kesenian Kabupaten Sleman, Januari - Maret, rangkaian acara seni budaya, 19.30 - 22.00 WIB"
https://visitingjogja.com/24994/agenda-bentara-budaya-yogyakarta-bulan-maret-2020/,Agenda Bentara Budaya Yogyakarta Bulan Maret 2020 - Dinas Pariwisata Daerah Istimewa Yogyakarta,"Pameran &#039;dari Rumah: Menginang Toleransi&#039;. Bincang buku : Tempat Terbaik di Dunia, Diskusi pemikiran,jazz mben senen, Pameran ilustrasi grafis roman klasik."
https://visitingjogja.com/23197/gran-fondo-jogja-2020/,GRAN FONDO JOGJA 2020 - OPEN REGISTRATION (14 Juni 2020) - Dinas Pariwisata Daerah Istimewa Yogyakarta,Gran Fondo Jogja 2020 menyelenggarakan 2 event sepeda secara bersamaan Tour 120 Km dan Folding Bike TOur 60 Km. Ayo ikuti event Gran Fondo Jogja 2020.
https://visitingjogja.com/24819/pemutaran-film-dokumenter-keraton-yogyakarta-1-31-maret-2020/,Pemutaran Film Dokumenter Keraton Yogyakarta ( 1-31 Maret 2020) - Dinas Pariwisata Daerah Istimewa Yogyakarta,Dalam rangka Tingalan Jumenengan Dalem Sri Sultan Hamengku Buwono X akan memutar film-film dokumenter produksi tim Tepas Tandha Yekti Keraton Yogyakarta
https://visitingjogja.com/event-agenda-pariwisata-jogja/page/2/,Informasi Agenda Event Wisata Daerah Istimewa Yogyakarta,"Informasi mengenai agenda event wisata di Daerah Istimewa Yogyakarta. Terdiri dari Seni pertunjukkan, Musik, Budaya, dan lain-lain"
https://visitingjogja.com/event-agenda-pariwisata-jogja/page/3/,Informasi Agenda Event Wisata Daerah Istimewa Yogyakarta,"Informasi mengenai agenda event wisata di Daerah Istimewa Yogyakarta. Terdiri dari Seni pertunjukkan, Musik, Budaya, dan lain-lain"
https://visitingjogja.com/event-agenda-pariwisata-jogja/page/93/,Informasi Agenda Event Wisata Daerah Istimewa Yogyakarta,"Informasi mengenai agenda event wisata di Daerah Istimewa Yogyakarta. Terdiri dari Seni pertunjukkan, Musik, Budaya, dan lain-lain"
https://visitingjogja.com/16744/yogyakarta-calender-of-event-2019/,Yogyakarta Calender of Event 2019 - Dinas Pariwisata Daerah Istimewa Yogyakarta,"Berikut ini adalah file Kalender Event Wisata untuk sepanjang tahun 2019, yang telah disusun oleh Dinas Pariwisata DIY.Sumber: Bidang Pemasaran, DISPAR DIY"
https://visitingjogja.com/7213/peta-wisata-gunung-kidul/,"Peta Wisata Gunungkidul, - Dinas Pariwisata Daerah Istimewa Yogyakarta",Peta wisata Gunungkidul | Sumber : Dinas Pariwisata Kabupaten Gunungkidul | Update per Juni 2018
https://visitingjogja.com/17526/tabloid-pinarak-edisi-1/,Pinarak Mampir Jogja Istimewa Edisi 1 2019 - Dinas Pariwisata Daerah Istimewa Yogyakarta,Tabloid pariwisata yang tidak hanya informatif namun juga edukatif serta menghibur sebagai jembatan antara Dispar DIY dengan teman-teman.
https://visitingjogja.com/7205/jalur-trans-jogja/,Rute dan Jalur Trans jogja Terbaru. Informasi mengenai Rute & Shelter,"Moda transportasi berbasis bus yang diluncurkan pertama kali tahun 2008, hingga saat ini melayani hingga 17 Koridor yang menghubungkan 115 shelter dan 150 shelter portable seluruh bagian DI Yogyakarta."
https://visitingjogja.com/download/page/2/,Download File Dokumen Archive Dinas Pariwisata DIY,"Dinas Pariwisata DIY halaman download - Menyediakan file serta dokumen terkait Kepariwisataan DIY yang dapat didownload, berisikan e-brosur, e-book statistik, dokumen kajian pariwisata, laporan kinerja instansi Dinas Pariwisata DIY dan Kebijakan atau Peraturan-peraturan pariwisata."
https://visitingjogja.com/download/page/3/,Download File Dokumen Archive Dinas Pariwisata DIY,"Dinas Pariwisata DIY halaman download - Menyediakan file serta dokumen terkait Kepariwisataan DIY yang dapat didownload, berisikan e-brosur, e-book statistik, dokumen kajian pariwisata, laporan kinerja instansi Dinas Pariwisata DIY dan Kebijakan atau Peraturan-peraturan pariwisata."
https://visitingjogja.com/download/page/5/,Download File Dokumen Archive Dinas Pariwisata DIY,"Dinas Pariwisata DIY halaman download - Menyediakan file serta dokumen terkait Kepariwisataan DIY yang dapat didownload, berisikan e-brosur, e-book statistik, dokumen kajian pariwisata, laporan kinerja instansi Dinas Pariwisata DIY dan Kebijakan atau Peraturan-peraturan pariwisata."
https://visitingjogja.com/25395/bimtek-usaha-jasa-perjalanan-wisata/,Bimtek Usaha Jasa Perjalanan Wisata - Dinas Pariwisata Daerah Istimewa Yogyakarta,Pelaku usaha jasa perjalanan wisata di DIY dapat melaksanakan dan menjalankan usaha jasa pariwisata tersebut sesuai dengan standarisasi .
https://visitingjogja.com/25378/potensi-medical-tourism-di-diy/,Potensi Medical Tourism di DIY - Dinas Pariwisata Daerah Istimewa Yogyakarta,"Wisata jenis ini dibagi dalam beberapa klaster antara lain wisata medis, kebugaran dan jamu, wisata olahraga dan wisata ilmiah kesehatan."
https://visitingjogja.com/25245/jumat-sehat-dinas-pariwisata-diy/,Jumat Sehat Dinas Pariwisata DIY - Dinas Pariwisata Daerah Istimewa Yogyakarta,"Bertempat di halaman belakang Kantor Dinas Pariwisata DIY setiap hari Jumat sebelum mengawali aktivitas, karyawan mengikuti senam bersama."
https://visitingjogja.com/25235/dinas-pariwisata-diy-menerima-kujungan-study-stia-sebelas-april-sumedang/,Dinas Pariwisata DIY Menerima Kujungan Study STIA Sebelas April Sumedang - Dinas Pariwisata Daerah Istimewa Yogyakarta,"Untuk mengetahui Strategi Peningkatan Daya Tarik Pariwisata di DIY dilaksanakan pada hari Selasa, 10 Maret 2020 di De Nany Resto Jl. Tamansiswo Yogyakarta."
http://visitingjogja.com/struktur-organisasi/,Struktur Organisasi - Dinas Pariwisata Daerah Istimewa Yogyakarta,"Struktur Organisasi Dinas Pariwisata DIY berdasarkan jabatan yang sesuai dengan tupoksi, fungsi sebagaimana diatur dalam Peraturan Gubernur No.58 Th.2018."
https://visitingjogja.com/17826/lakip-dinas-pariwisata-2018-lkjip/,Lakip Dinas Pariwisata 2018 (LKjIP) - Dinas Pariwisata Daerah Istimewa Yogyakarta,Laporan Kinerja Instansi Pemerintah SKPD Dinas Pariwisata DIY disusun berdasarkan Kebijakan Umum Anggaran (KUA-APBD) Tahun Anggaran 2018.
https://visitingjogja.com/13169/lakip-dinas-pariwisata-2017-lkjip/,Lakip Dinas Pariwisata 2017 (LKjIP) - Dinas Pariwisata Daerah Istimewa Yogyakarta,"Laporan Kinerja Instansi Pemerintah SKPD Dinas Pariwisata DIY disusun berdasarkan Kebijakan Umum Anggaran (KUA-APBD) Tahun Anggaran 2017, serta Penetapan Kinerja Tahun 2017 dan merupakan bentuk akuntabilitas dari pelaksanaan tugas dan fungsi yang dipercayakan kepada setiap instansi pemerintah atas penggunaan anggaran."
https://visitingjogja.com/16874/laporan-akhir-analisa-pembelanjaan-wisatawan-diy-tahun-2018/,Laporan Akhir Analisa Pembelanjaan Wisatawan DIY Tahun 2018 - Dinas Pariwisata Daerah Istimewa Yogyakarta,Kajian ini diperlukan untuk meningkatkan kualitas belanja wisatawan yang datang ke Daerah Istimewa Yogyakarta. Upaya yang dapat dilakukan untuk analisa
https://visitingjogja.com/13609/laporan-akhir-strategi-pemasaran-pariwisata/,Laporan Akhir Strategi Pemasaran Pariwisata - Dinas Pariwisata Daerah Istimewa Yogyakarta,laporan akhir strategi pemasaran pariwisata. Target kepariwisataan nasional Th 2019 kunjungan 20 Jt wisman dan 275 jt perjalanan wisatawan nusantara.
https://visitingjogja.com/15691/statistik-pariwisata-diy-2017/,Statistik Pariwisata DIY 2017 - Dinas Pariwisata Daerah Istimewa Yogyakarta,"Buku Statistik Kepariwisataan DIY Tahun 2017, memuat data kepariwisataan DIY seperti jumlah kunjungan wisatawan, wisatawan yang menggunakan jasa akomodasi,"
https://visitingjogja.com/10193/statistik-pariwisata-2016/,Statistik Pariwisata Daerah Istimewa Yogyakarta 2016 - Dinas Pariwisata Daerah Istimewa Yogyakarta,"Buku Statistik Pariwisata Daerah Istimewa Yogyakarta 2016 memuat data kepariwisataan DIY seperti jumlah kunjungan wisatawan, wisatawan yang menggunakan jasa akomodasi, asal wisatawan, dll."
https://visitingjogja.com/7692/peraturan-gubernur-daerah-istimewa-yogyakarta-nomor-58-tahun-2018/,Peraturan Gubernur DIY Nomor 58 Tahun 2018 - Dinas Pariwisata Daerah Istimewa Yogyakarta,Peraturan Gubernur DIY Nomor 58 Tahun 2018 tentang rincian Tugas dan Fungsi Dinas Pariwisata Daerah Istimewa Yogyakarta.
https://visitingjogja.com/informasi-wisata-jogja/wisata-buatan/,Wisata Buatan Archives - Dinas Pariwisata Daerah Istimewa Yogyakarta,Informasi mengenai destinasi wisata buatan yang ada di Daerah Istimewa Yogyakarta
https://visitingjogja.com/12666/pesona-pengklik-pantai-samas/,Pesona Pengklik Pantai Samas - Dinas Pariwisata Daerah Istimewa Yogyakarta,"Pesona Pengklik berada di sebelah timur Pantai Samas dan menjadi primadona baru Pantai Samas. Memanfaatkan keindahan laguna atau pertemuan dua sungai, pengelola mendirikan beberapa fasilitas tambahan seperti perahu, kuliner terapung, tempat memancing, gardu pandang, wahana bermain, tambak udang, dan beberapa fasilitas."
https://visitingjogja.com/12663/pantai-goa-cemara/,Pantai Goa Cemara - Dinas Pariwisata Daerah Istimewa Yogyakarta,Pantai Goa Cemara memang memiliki area hutan cemara yang sangat luas. Bahkan saking banyaknya pohon cemara disini sehingga membentuk seperti lorong cemara. Terdapat juga mercusuar setinggi kurang lebih 40 meter. Pengunjung bisa menaiki mercusuar ini namun dibatasi hanya dua orang per sesinya.
https://visitingjogja.com/12660/pantai-baru-bantul/,Pantai Baru Bantul - Dinas Pariwisata Daerah Istimewa Yogyakarta,Pantai Baru berdekatan dengan Pantai Kuwaru dan merupakan bagian timur dari Pantai Pandansimo dengan akses parkir yang lebih mudah untuk bus-bus dan mobil berukuran besar
https://visitingjogja.com/informasi-wisata-jogja/wisata-pantai/page/2/,Wisata Pantai Archives Dinas Pariwisata Daerah Istimewa Yogyakarta,"Yogyakarta merupakan salah satu tempat yang memiliki keidahan pantainya, berikut kumpulan informasi tentang destinasi wisata pantai jogja, wisata pantai yang ada di Daerah Istimewa Yogyakarta"
https://visitingjogja.com/informasi-wisata-jogja/wisata-pantai/page/3/,Wisata Pantai Archives Dinas Pariwisata Daerah Istimewa Yogyakarta,"Yogyakarta merupakan salah satu tempat yang memiliki keidahan pantainya, berikut kumpulan informasi tentang destinasi wisata pantai jogja, wisata pantai yang ada di Daerah Istimewa Yogyakarta"
https://visitingjogja.com/informasi-wisata-jogja/wisata-pantai/page/4/,Wisata Pantai Archives Dinas Pariwisata Daerah Istimewa Yogyakarta,"Yogyakarta merupakan salah satu tempat yang memiliki keidahan pantainya, berikut kumpulan informasi tentang destinasi wisata pantai jogja, wisata pantai yang ada di Daerah Istimewa Yogyakarta"
https://visitingjogja.com/12817/kampung-pecinan-ketandan/,Kampung Pecinan Ketandan - Dinas Pariwisata Daerah Istimewa Yogyakarta,"Sejarah berdirinya Kampung Ketandan tidak lepas dari keberadaan Etnis Tionghoa sebagai salah satu penggerak perekonomian di Jogja. Etnis Tionghoa di Kota Yogyakarta sendiri mulai diakui sejak masa pemerintahan Sultan Hamengkubowono VII, yaitu sekitar abad 19"
https://visitingjogja.com/12811/sendratari-ramayana-prambanan/,Sendratari Ramayana Prambanan - Dinas Pariwisata Daerah Istimewa Yogyakarta,"Di Candi Prambanan, pertunjukan tari ini dikenal dengan Sendratari Ramayana atau Ramayana Ballet. Sensasi yang didapatkan saat menonton pertunjukan sendratari Ramayana di Prambanan dan di tempat lainnya tentu berbeda. Ramayana Ballet Prambanan dilakukan dengan menjadikan Candi Prambanan sebagai latar pertunjukan."
https://visitingjogja.com/12787/candi-ijo/,Candi Ijo Disebut juga sebagai Candi Tertinggi di Yogyakarta,"Candi Ijo merupakan candi tertinggi yang ada di Yogyakarta. Nama Candi Ijo sendiri diambil dari lokasi candi berada, yaitu Bukit Ijo yang terletak di Desa Sambirejo, Prambanan, Sleman, Yogyakarta. Bukit Ijo sendiri berada di ketinggian 410 mdpl"
https://visitingjogja.com/12706/masjid-mataram-kotagede/,Masjid Gedhe Mataram Kotagede - Dinas Pariwisata Daerah Istimewa Yogyakarta,Menjelajah Kotagede belum lengkap jika belum mengunjungi Masjid Gedhe Mataram Kotagede. Masjid ini merupakan masjid tertua di Yogyakarta yang dibangun oleh Sultan Agung pada tahun 1640 M.
https://visitingjogja.com/informasi-wisata-jogja/wisata-budaya-sejarah/page/2/,Wisata Budaya dan Sejarah Archives Dinas Pariwisata DIY,"Kumpulan informasi destinasi wisata budaya dan sejarah jogja, wisata budaya dan sejarah yang ada di Daerah Istimewa Yogyakarta"
https://visitingjogja.com/informasi-wisata-jogja/wisata-budaya-sejarah/page/3/,Wisata Budaya dan Sejarah Archives Dinas Pariwisata DIY,"Kumpulan informasi destinasi wisata budaya dan sejarah jogja, wisata budaya dan sejarah yang ada di Daerah Istimewa Yogyakarta"
https://visitingjogja.com/informasi-wisata-jogja/wisata-alam/page/2/,Wisata Alam Archives Dinas Pariwisata Daerah Dinas Pariwisata,"Yogyakarta memiliki begitu banyak wisata alam dengan berbagai keunikannya, berikut ini kumpulan Informasi destinasi wisata alam jogja, wisata alam yang ada di Daerah Istimewa Yogyakarta."
https://visitingjogja.com/informasi-wisata-jogja/wisata-alam/page/3/,Wisata Alam Archives Dinas Pariwisata Daerah Dinas Pariwisata,"Yogyakarta memiliki begitu banyak wisata alam dengan berbagai keunikannya, berikut ini kumpulan Informasi destinasi wisata alam jogja, wisata alam yang ada di Daerah Istimewa Yogyakarta."
https://visitingjogja.com/informasi-wisata-jogja/wisata-alam/page/7/,Wisata Alam Archives Dinas Pariwisata Daerah Dinas Pariwisata,"Yogyakarta memiliki begitu banyak wisata alam dengan berbagai keunikannya, berikut ini kumpulan Informasi destinasi wisata alam jogja, wisata alam yang ada di Daerah Istimewa Yogyakarta."
https://visitingjogja.com/informasi-wisata-jogja/page/2/,Informasi Wisata Jogja oleh Dinas Pariwisata Daerah Istimewa Yogyakarta,"Dinas Pariwisata DIY menyediakan Informasi wisata Jogja. Dinas Pariwisata DIY menyediakan informasi mengenai Destinasi Wisata di Yogyakarta, yang berisikan mengenai 5 kategori wisata"
https://visitingjogja.com/informasi-wisata-jogja/page/3/,Informasi Wisata Jogja oleh Dinas Pariwisata Daerah Istimewa Yogyakarta,"Dinas Pariwisata DIY menyediakan Informasi wisata Jogja. Dinas Pariwisata DIY menyediakan informasi mengenai Destinasi Wisata di Yogyakarta, yang berisikan mengenai 5 kategori wisata"
https://visitingjogja.com/informasi-wisata-jogja/page/22/,Informasi Wisata Jogja oleh Dinas Pariwisata Daerah Istimewa Yogyakarta,"Dinas Pariwisata DIY menyediakan Informasi wisata Jogja. Dinas Pariwisata DIY menyediakan informasi mengenai Destinasi Wisata di Yogyakarta, yang berisikan mengenai 5 kategori wisata"
https://visitingjogja.com/12784/goa-jepang-kaliurang/,Goa Jepang Kaliurang - Dinas Pariwisata Daerah Istimewa Yogyakarta,Goa Jepang yang berada di kawasan wisata Kaliurang ini merupakan salah satu goa buatan peninggalan pada masa penjajahan Jepang. Goa yang dibangun pada tahun 1942-1945 ini merupakan tempat perlindungan tentara Jepang dari para tentara sekutu pada masa itu.
https://visitingjogja.com/12766/museum-ullen-sentalu/,"Museum Ullen Sentalu, Museum Terbaik di Indonesia",Museum Ullen Sentalu merupakan museum swasta yang pembangunannya diprakarsai oleh Keluarga Haryono dibawah payung Yayasan Ulating Blencong. Ullen Sentalu sendiri merupakan akronim dari kata Ulating Blencong Sejatine Tataraning Lumaku yang artinya Pelita Kehidupan Umat Manusia.
https://visitingjogja.com/12497/goa-jepang-pundong/,"Goa Jepang Pundong, Banyak Dilirik oleh Wisatawan","Lokasi Goa Jepang Pundong berjarak kurang lebih 25 km dari Kota Yogyakarta. Dari pusat kota ambil arah Jalan Parangtritis terus ke selatan sampai melewati jembatan Sungai Opak. Kira-kira 100 meter sesudah jembatan ada papan petunjuk Goa Jepang, lalu ambil kiri."
https://visitingjogja.com/8354/monumen-jogja-kembali-mengenang-sejarah-di-jogja/,"Monumen Jogja Kembali, Mengenang Sejarah Di Jogja","Monumen Jogja Kembali terletak di Dusun Jongkang, Kelurahan Sariharjo, Kecamatan Ngaglik, Sleman, Yogyakarta. Monumen ini didirikan untuk menghargai jasa para pejuang yang berhasil memaksa mundur tentara Belanda dan menyelamatkan eksistensi Republik Indonesia"
https://visitingjogja.com/8255/monumen-pahlawan-pancasila/,Monumen Pahlawan Pancasila - Dinas Pariwisata Daerah Istimewa Yogyakarta,"Museum Monumen Pahlawan Pancasila berada di Jalan Pandega Sakti, Kentungan, Depok, Sleman, terletak di dalam lingkungan Komplek TNI AD Batalyon 403. Museum ini dapat ditempuh melalui Jalan kaliurang, atau jalan tembusan dari Terminal Condongcatur keara"
https://visitingjogja.com/8252/museum-memorial-jenderal-besar-soeharto-melihat-lebih-dekat-perjuangan-soeharto/,"Museum Memorial Jenderal Besar Soeharto, Melihat lebih Dekat","Museum memorial Jenderal Besar Soeharto diresmikan bertepatan dengan hari lahir beliau 08 Juni di Dusun Kemusuk, Desa Argomulyo, Kecamatan Sedayu, Bantul, DIY. Di atas lahan seluas 3.620 meter persegi, museum ini didirikan untuk mengenang jasa dan pengabdian beliau"
https://visitingjogja.com/8246/museum-dirgantara-mandala-pusat-sejarah-tni-au/,"Museum Dirgantara Mandala, Pusat Sejarah TNI AU - Dinas Pariwisata Daerah Istimewa Yogyakarta","Museum Perjuangan TNI AU adalah cikal bakal dari Museum Dirgantara Mandala yang pertama kalinya diresmikan oleh Panglima Angkatan Udara Laksamana Roesmin Noerjadin, pada tanggal 4 April 1969 di Markas Komando Udara V Tanah Abang Bukit Jakarta. Perpindahan museum dari Jakarta menuju Yogyakarta"
https://visitingjogja.com/8242/museum-biologi-ugm-ekspedisi-flora-dan-fauna-di-tengah-kota/,"Museum Biologi UGM, Ekspedisi Flora dan Fauna di Tengah Kota","Di usianya yang ke-44, Museum Biologi UGM mengalami pasang surut di perjalananannya menjadi salah satu wahana ilmu pengetahuan di wilayah DIY dan sekitarnya. Dedikasi serta loyalitas terhadap ilmu pengetahuan membuat museum ini terus berdiri, selain itu berkat kerja keras dan semangat untuk bermanfaat bagi masyarakat"
https://visitingjogja.com/8236/museum-bahari-yogyakarta-pengingat-bangsa-indonesia-sebagai-negara-maritim/,"Museum Bahari Yogyakarta, Pengingat Bangsa Indonesia sebagai Negara Maritim - Dinas Pariwisata Daerah Istimewa Yogyakarta","Berkunjung di Museum Bahari Yogyakarta, pengujung dapat menikmati seluk beluk tentang dunia maritim. Pengunjung dapat mengetahui secara details isi anjungan kapal perang, serta film dokumenter sejarah TNI AL. Selain itu, kita dapat melihat koleksi kelautan dan pertahanan laut berup"
https://visitingjogja.com/8233/museum-anak-kolong-tangga-mendokumentasikan-permainan-anak-seluruh-dunia/,"Museum Anak Kolong Tangga, Mendokumentasikan Permainan Anak Seluruh Dunia - Dinas Pariwisata Daerah Istimewa Yogyakarta","Mengandeng dengan beberapa tokoh seni di Jogja, Rudi Corens berhasil mewujudkan impiannya mendirikan sebuah museum khusus anak-anak yang dinamai Museum Anak Kolong Tangga. Penamaan ini tidak terlepas dari lokasi museum yang tepat di bawah tangga pintu masuk Concert Hall."
https://visitingjogja.com/8230/museum-affandi/,Museum Affandi - Dinas Pariwisata Daerah Istimewa Yogyakarta,"Museum Affandi, selain menyimpan koleksi karya lukisnya, museum ini juga menampilkan aktifitas beliau di luar dunia seni lukis."
https://visitingjogja.com/8227/museum-geoteknologi-upn-edukasi-eksplorasi-dan-kontruksi/,"Museum Geoteknologi UPN, Edukasi, Eksplorasi dan Kontruksi","Museum Geoteknologi Mineral berada di kompleks Kampus II Universitas Pembangunan Nasional Veteran Yogyakarta, yang bertujuan melestarikan peniggalan-peninggalan berharga bagi kehidupan manusia dan menggunakannya sebagai media dan sarana untuk mencintai, mempelajari, serta mengembangkan ilmu pengetahuan."
https://visitingjogja.com/8224/museum-rs-mata-dr-yap/,Museum RS Mata Dr. Yap Memberikan Alternatif Wisata Ilmu Pengetahuan,"Museum RS Mata Dr. Yap merupakan museum yang terlatak di dalam komplek Rumah sakit Mata Dr. Yap di Jalan Cik Ditiro 5 Yogyakarta, dan bernaung dibawah Yayasan Dr. Yap."
https://visitingjogja.com/8221/museum-sonobudoyo-i-menikmati-sejarah-ilmu-pengetahuan/,"Museum Sonobudoyo I, Menikmati Sejarah Ilmu Pengetahuan",Museum Sonobudoyo I menjadi salah satu tempat kunjungan wisata yang diminati wisatawan baik domestik maupun mancanegara. Tingkat kunjungan yang tinggi ini tidak terlepas dari lokasi museum ini yang tidak jauh dari Kraton Yogyakarta serta Benteng Vredeburg.
https://visitingjogja.com/informasi-wisata-jogja/wisata-museum/page/2/,Wisata Museum Jogja Dinas Pariwisata Daerah Istimewa Yogyakarta,"Kumpulan informasi destinasi wisata museum jogja, wisata museum yang ada di Daerah Istimewa Yogyakarta."
https://visitingjogja.com/informasi-wisata-jogja/wisata-museum/page/3/,Wisata Museum Jogja Dinas Pariwisata Daerah Istimewa Yogyakarta,"Kumpulan informasi destinasi wisata museum jogja, wisata museum yang ada di Daerah Istimewa Yogyakarta."
https://visitingjogja.com/kuliner-wisata-jogja/page/2/,Wisata Kuliner Jogja oleh Dinas Pariwisata Daerah Istimewa Yogyakarta,"Dinas Pariwisata DIY menyediakan informasi seputar wisata kuliner Jogja, dari kuliner tradisional sampai kuliner manca yang ada di Yogyakarta."
https://visitingjogja.com/kuliner-wisata-jogja/page/3/,Wisata Kuliner Jogja oleh Dinas Pariwisata Daerah Istimewa Yogyakarta,"Dinas Pariwisata DIY menyediakan informasi seputar wisata kuliner Jogja, dari kuliner tradisional sampai kuliner manca yang ada di Yogyakarta."
https://visitingjogja.com/kuliner-wisata-jogja/page/13/,Wisata Kuliner Jogja oleh Dinas Pariwisata Daerah Istimewa Yogyakarta,"Dinas Pariwisata DIY menyediakan informasi seputar wisata kuliner Jogja, dari kuliner tradisional sampai kuliner manca yang ada di Yogyakarta."
https://visitingjogja.com/24635/hotel-arilla-eclat-yogyakarta/,Hotel Arilla Eclat Yogyakarta - Dinas Pariwisata Daerah Istimewa Yogyakarta,"Hotel Arilla Eclat Yogyakarta, Hotel ini menawarkan Wi-Fi gratis dan tempat parkir pribadi gratis,menyediakan sarapan khas Asia atau prasmanan"
https://visitingjogja.com/24627/rosalia-indah-hotel-yogyakarta/,Rosalia Indah Hotel Yogyakarta,"Rosalia Indah Hotel Yogyakarta, Tersedia 38 kamar + 1 meeting room dengan design yang modern minimalis, Akses cepat internet, Garden Restaurant"
https://visitingjogja.com/24596/fave-hotel-kusumanegara-yogyakarta/,Fave Hotel Kusumanegara Yogyakarta pusat kota Yogyakarta,"Fave Hotel Kusumanegara Yogyakarta, terletak di Jalan Kusumanegara dengan kapasitas 101 kamar, fasilitas Lime Restaurant and Bar"
https://visitingjogja.com/24491/greenhost-boutique-hotel/,Greenhost Boutique Hotel - Dinas Pariwisata Daerah Istimewa Yogyakarta,"Greenhost Boutique Hotel, hotelnya AADC, kapasitas 96 kamar, fasilitas: kolam renang, Kitchen Gallery Restaurant ,Rooftop Bar and Lounge"
https://visitingjogja.com/24587/hotel-pyrenees-jogja/,Hotel Pyrenees Jogja - Dinas Pariwisata Daerah Istimewa Yogyakarta,"Hotel Pyrenees Jogja, kapasitas 28 kamar, Andorra Caf√© &amp; Restoran akan menyajikan hidangan Indonesia dan Eropa , D‚ÄôAnetto Sky Lounge"
https://visitingjogja.com/24453/gadjah-mada-university-club/,Gadjah Mada University Club - Dinas Pariwisata Daerah Istimewa Yogyakarta,"Gadjah Mada University Club, berkapasitas 71 kamar, dekat kampus UGM, Grahasaba, museum UGM, Masjid kampus, penginapan wisuda, seminar,"
https://visitingjogja.com/24580/hotel-cordela-kartika-dewi-yogyakarta/,Hotel Cordela Kartika Dewi Yogyakarta - Dinas Pariwisata Daerah Istimewa Yogyakarta,"Hotel Cordela Kartika Dewi dekat dengan atraksi wisata yang populer seperti Keraton Yogyakarta, Mal Malioboro, dan Pasar Bringharjo."
https://visitingjogja.com/24571/hotel-paku-mas-yogyakarta/,Hotel Paku Mas Yogyakarta - Dinas Pariwisata Daerah Istimewa Yogyakarta,"Paku Mas Hotel terletak di Yogyakarta, berjarak 3,2 km dari Tugu Yogyakarta, restoran, parkir pribadi gratis, kolam renang outdoor"
https://visitingjogja.com/24438/hotel-de-laxston-yogyakarta/,Hotel De Laxston Yogyakarta - Dinas Pariwisata Daerah Istimewa Yogyakarta,"Hotel De Laxston Yogyakarta, kapasitas 71 kamar,menampung 200 tamu, fasilitas : kolam renang, Restoran ‚ÄúDe Royale‚Äù hidangan Indonesia, Asia, dan Barat"
https://visitingjogja.com/24428/atrium-premiere-hotel/,Atrium Premiere Hotel - Dinas Pariwisata Daerah Istimewa Yogyakarta,"Atrium Premiere Hotel, hotel dengan kapasitas 105 kamar, pusat bisnis, brankas, dan fasilitas rapat. Wi-Fi gratis disediakan di area publik."
https://visitingjogja.com/24373/student-park-hotel-apartment/,Student Park Hotel & Apartment - Dinas Pariwisata Daerah Istimewa Yogyakarta,"Student Park Hotel &amp; Apartment, kawasan stategis, kedai kopi, kolam renang , atau menjaga kebugaran tubuh mereka di gym di atap lantai 9"
https://visitingjogja.com/informasi-tempat-menginap-jogja/page/2/,Informasi Tempat Menginap Jogja oleh Dinas Pariwisata DIY,"Dinas Pariwisata DIY menyediakan informasi tempat menginap jogja mulai dari perhotelan, homestay maupun losmen dengan berbagai gaya ataupun tema sebagai rekomendasi penginapan ketika berkegiatan ataupun berwisata di Jogja"
https://visitingjogja.com/informasi-tempat-menginap-jogja/page/3/,Informasi Tempat Menginap Jogja oleh Dinas Pariwisata DIY,"Dinas Pariwisata DIY menyediakan informasi tempat menginap jogja mulai dari perhotelan, homestay maupun losmen dengan berbagai gaya ataupun tema sebagai rekomendasi penginapan ketika berkegiatan ataupun berwisata di Jogja"
https://visitingjogja.com/informasi-tempat-menginap-jogja/page/11/,Informasi Tempat Menginap Jogja oleh Dinas Pariwisata DIY,"Dinas Pariwisata DIY menyediakan informasi tempat menginap jogja mulai dari perhotelan, homestay maupun losmen dengan berbagai gaya ataupun tema sebagai rekomendasi penginapan ketika berkegiatan ataupun berwisata di Jogja"
https://visitingjogja.com/23925/platinum-adisucipto-hotel/,Platinum Adisucipto Hotel - Dinas Pariwisata Daerah Istimewa Yogyakarta,"Platinum Adisucipto Hotel &amp; Conference Center, hotel bintang 4 dengan jumlah 151 kamar modern dan 1 Platinum suite, Palladium Coffee Shop, Infinity Sky Bar"
https://visitingjogja.com/22907/pasar-budaya-jogja-workshop-seni-lipat-kertas-31-januari-2020/,Pasar Budaya Jogja :Workshop Seni Lipat Kertas (31 Januari 2020) - Dinas Pariwisata Daerah Istimewa Yogyakarta,"Pasar Budaya Jogja, Seni Lipat Kertas, Jumat 31 Januari 2020, Workshop, Gratis, doorprice, Pendopo Kudho Kabudayan DIY #visitingjogja2020"
http://www.visitingjogja.com/,Situs Resmi Dinas Pariwisata Daerah Istimewa Yogyakarta,"Portal Resmi Dinas Pariwisata Pemerintah Daerah DIY, berisikan informasi kepariwisataan. Telp: 0274-587486, Email: dispar@visitingjogja.com"
https://visitingjogja.com/24394/pameran-hadibusana-keraton-yogyakarta-abalakuswa-8-maret-4-april-2020/,Pameran Hadibusana Keraton Yogyakarta: ABALAKUSWA (8 Maret - 4 April 2020) - Dinas Pariwisata Daerah Istimewa Yogyakarta,"Pameran Budaya Jawa: Busana dan Peradaban di Keraton Yogyakarta bertajuk ABALAKUSWA, 8 Maret-4 April 2020 di Bangsal Pagelaran Keraton Ngayogyakarta"
https://visitingjogja.com/25194/ceramic-and-visual-art-exhibition-bonds-10-22-maret-2020/,Ceramic and Visual Art Exhibition : BONDS (10-22 Maret 2020) - Dinas Pariwisata Daerah Istimewa Yogyakarta,"Pembukaan oleh Mikke Susanto, Selasa 10 Maret 2020 pukul 16.00 WIB di Kebun Buku, pameran berlangsung 10 - 22 Maret 2020, GRATIS !!!"
https://visitingjogja.com/25358/bioskop-jumat-pemutaran-film-13-maret-2020/,Bioskop Jumat Pemutaran Film (13 Maret 2020) - Dinas Pariwisata Daerah Istimewa Yogyakarta,"Dinas Kebudayaan DIY kembali mempersembahkan Bioskop jumat pemutaran film catat ya tanggalnya:Jumat, 13 Maret 202015.00 - selesaiüìç Ruang Audiovisual Dinas Kebudayaan DIY"
https://visitingjogja.com/24683/jiffina-2020-14-17-maret-2020/,JIFFINA 2020 (14-17 Maret 2020) - Dinas Pariwisata Daerah Istimewa Yogyakarta,"Jogja Internasional Furniture &amp; Craft Fair Indonesia 2020 (JIFFINA) ke 5 , Sabtu - Selasa 14-17 Maret 2020 di Jogja Expo Center Jl. Janti Yogyakarta"
https://visitingjogja.com/25249/kirab-budaya-gunungan-kuliner-nawu-sendang-seliran-2020-14-15-maret-2020/,Kirab Budaya Gunungan Kuliner Nawu Sendang Seliran 2020 (14-15 Maret 2020) - Dinas Pariwisata Daerah Istimewa Yogyakarta,"Event budaya di Kelurahan Jagalan Banguntapan, hari Sabtu - Minggu 14-15 maret 2020, kirab Gunungan Kuliner, Nawu Sendang Seliran, Keroncong Dangdut."
https://visitingjogja.com/25369/amazing-race-museum-vredeburg-14-maret-2020/,Amazing Race Museum Vredeburg (14 Maret 2020) - Dinas Pariwisata Daerah Istimewa Yogyakarta,"Sensasi menjelajah Museum Benteng Vredeburg di malam hari, fasilitas Kaos, Konsumsi, Games, Doorprize dan Pertunjukan Seni Musik Tradisional, GRATIS!!"
https://visitingjogja.com/24606/le-nostre-voci-konser-recital-vocal-14-maret-2020/,Le Nostre Voci Konser Recital Vocal persembahan VH PSM ISI YK,"Le Nostre Voci Konser Recital Vocal persembahan Vocalista Harmonic PSM ISI Yogyakarta, Sabtu 14 Maret 2020 pukul 19.00 WIB di CH ISI YK"
https://visitingjogja.com/25272/pameran-seni-rupa-1009-perupa-perempuan-14-20-maret-2020/,Pameran Seni Rupa 100+9 Perupa Perempuan (14-20 Maret 2020) - Dinas Pariwisata Daerah Istimewa Yogyakarta,"Lintas Batas Komunitas &quot;Terkadang Kita Lupa&quot;, Pembukaan 14 Maret 2020 pukul 19.30 WIB, pameran berlagsung 14-20 Maret 2020 di Pendapa Art Space."
https://visitingjogja.com/25084/charity-event-festival-we-care-we-play-15-maret-2020/,"CHARITY EVENT: FESTIVAL [WE CARE, WE PLAY] (15 Maret 2020) - Dinas Pariwisata Daerah Istimewa Yogyakarta","Liburan murah meriah di akhir pekan, gabung yuuk di Minggu 15 Maret 2020 pukul 08.00 WIb di BUPER Babarsari, ada GAMES OUTDOOR,FOOD AROUND THE WORLD."
https://visitingjogja.com/25373/photography-exhibition-marah-16-29-maret-2020/,"Photography Exhibition ""MARAH"" (16-29 Maret 2020) - Dinas Pariwisata Daerah Istimewa Yogyakarta","&quot;MARAH&quot; Karya Deny Arivin A.L, Pembukaan Senin, 16 Maret 2020 pukul19.00 WIB - selesai, Kurator:Hari prajitno, M SnLisabona RahmanDibuka oleh:Ugo Untoro"
https://visitingjogja.com/25225/symphonic-jazz-50s-16-maret-2020/,SYMPHONIC JAZZ 50√¢¬Ä¬ôs (16 Maret 2020) - Dinas Pariwisata Daerah Istimewa Yogyakarta,"Persembahan Studsy Band ISI Yogyakarta, Pengaba Dodi Rahmadi, Senin, 16 Maret 2020 di Concert Hall Taman Budaya Yogyakarta Open gate 18.30. pesan tiketnya !"
https://visitingjogja.com/25302/narashima-dan-putri-milenia-18-maret-2020/,Narashima dan Putri Milenia (18 Maret 2020) - Dinas Pariwisata Daerah Istimewa Yogyakarta,"Halo rencang visiting jogja ,TEATER MASA MAN 1 YOGYAKARTA mempersembahkan :‚Ä¢üëëùó°ùóîùó•ùóîùó¶ùóõùóúùó†ùóî &amp; ùó£ùó®ùóßùó•ùóú ùó†ùóúùóüùóòùó°ùóúùóîüëë‚Ä¢üìçGedung Kesenian Concert Hall Taman Budaya YogyakartaüóìRabu,18 Maret 2020üï£19.30- selesai‚Ä¢"
https://visitingjogja.com/24989/festival-budaya-internasional-2020-19-maret-2020/,Festival Budaya Internasional 2020 (19 Maret 2020) - Dinas Pariwisata Daerah Istimewa Yogyakarta,"Festival Budaya Internasional,untuk menambah pengetahuan dan adat istiadat negara lain, Kamis 19 Maret 2020 pukul 13.00 - 21.00 WIB di aud. UNY"
https://visitingjogja.com/25351/musik-malam-tby-gliyak-gliyak-20-maret-2020/,Musik Malam TBY Gliyak Gliyak (20 Maret 2020) - Dinas Pariwisata Daerah Istimewa Yogyakarta,"Halo rencang visiting jogja, untuk kalian pecinta musik atau yang sedang mencari hiburan ada acara seru nih , musik malam TBY kembali hadir 20 Maret 2020‚è∞Pk. 19.00 - Selesai"
https://visitingjogja.com/25307/pawai-budaya-ogoh-ogoh-21-maret-2020/,Pawai Budaya Ogoh Ogoh (21 Maret 2020) - Dinas Pariwisata Daerah Istimewa Yogyakarta,"Saksikan Pawai Budaya ogoh ogoh :Pada hari Sabtu, 21 Maret 2020Rute Gd. DPRD - Malioboro - Titik NolStart pkl 15.00 Wib dari Gd. DPRD"
https://visitingjogja.com/24511/golek-garwo-1-maret-5-april-3-mei-2020-nikah-bareng-the-series-21-maret-20-april-2020/,% - Dinas Pariwisata Daerah Istimewa Yogyakarta %,"Golek Garwo tanggal 1 Maret , 5 April, 3 Mei 2020 &amp; Nikah Bareng The Series tanggal 21 Maret, 20 April 2020, Pendaftaran ditutup H - 10 di dinas sosial DIY"
https://visitingjogja.com/25016/jogjajanan-2020-21-22-maret-2020/,Jogjajanan 2020 (21-22 Maret 2020) - Dinas Pariwisata Daerah Istimewa Yogyakarta,"Keluarga Mahasiswa Sosial Ekonomi Pertanian UGM Proudly Present JOGJAJANAN 2020 , Where Taste Meets Memories pada : üìÜ 21-22 Maret 2020 üìç PKKH UGM"
https://visitingjogja.com/event-agenda-pariwisata-jogja/page/4/,Informasi Agenda Event Wisata Daerah Istimewa Yogyakarta,"Informasi mengenai agenda event wisata di Daerah Istimewa Yogyakarta. Terdiri dari Seni pertunjukkan, Musik, Budaya, dan lain-lain"
https://visitingjogja.com/9341/jadwal-event-di-bulan-ramadhan-1438h/,Jadwal Event di Bulan Ramadhan 1438H - Dinas Pariwisata Daerah Istimewa Yogyakarta,Dinas Pariwisata DIY telah menerbitkan jadwal event selama Idul Fitri 1438H. Pelaksanaan event dimulai sejak tanggal 10 Juni hingga tanggal 2 Juli 2017.
https://visitingjogja.com/event-agenda-pariwisata-jogja/page/92/,Informasi Agenda Event Wisata Daerah Istimewa Yogyakarta,"Informasi mengenai agenda event wisata di Daerah Istimewa Yogyakarta. Terdiri dari Seni pertunjukkan, Musik, Budaya, dan lain-lain"
https://visitingjogja.com/event-agenda-pariwisata-jogja/page/91/,Informasi Agenda Event Wisata Daerah Istimewa Yogyakarta,"Informasi mengenai agenda event wisata di Daerah Istimewa Yogyakarta. Terdiri dari Seni pertunjukkan, Musik, Budaya, dan lain-lain"
https://visitingjogja.com/13683/tour-de-jogja-melewati-5-kabupaten-diy/,Tour de Jogja Melintasi 5 Kabupaten/Kota DIY - Dinas Pariwisata Daerah Istimewa Yogyakarta,"Minggu, 24 Maret kemarin, Dinas Pariwisata DIY menggelar Tour de Jogja yang diikuti oleh peserta dari berbagai daerah. Kegiatan yang menempuh jarak sekitar 140 KM dan melewati 5 kabupaten di DIY tersebut dilepas oleh Wakil Gubernur DIY Paku Alam X didampingi Kepala Dinas Pariwisata DIY dan Direktur Pemasaran PT TWC."
https://www.visitingjogja.com/,Situs Resmi Dinas Pariwisata Daerah Istimewa Yogyakarta,"Portal Resmi Dinas Pariwisata Pemerintah Daerah DIY, berisikan informasi kepariwisataan. Telp: 0274-587486, Email: dispar@visitingjogja.com"
https://visitingjogja.com/7659/statistik-pariwisata-2015/,Statistik Pariwisata Daerah Istimewa Yogyakarta 2015 - Dinas Pariwisata Daerah Istimewa Yogyakarta,"Buku Statistik Pariwisata Daerah Istimewa Yogyakarta 2015 memuat data kepariwisataan DIY seperti jumlah kunjungan wisatawan, wisatawan yang menggunakan jasa akomodasi, asal wisatawan, dll."
https://visitingjogja.com/7657/statistik-pariwisata-2014/,Statistik Pariwisata Daerah Istimewa Yogyakarta 2014 - Dinas Pariwisata Daerah Istimewa Yogyakarta,"Buku Statistik Pariwisata Daerah Istimewa Yogyakarta 2014, memuat data kepariwisataan DIY seperti jumlah kunjungan wisatawan, wisatawan yang menggunakan jasa akomodasi, asal wisatawan, dll."
https://visitingjogja.com/7655/statistik-pariwisata-2013/,Statistik Pariwisata Daerah Istimewa Yogyakarta 2013 - Dinas Pariwisata Daerah Istimewa Yogyakarta,"Buku Statistik Pariwisata Daerah Istimewa Yogyakarta 2013, memuat data kepariwisataan DIY seperti jumlah kunjungan wisatawan, wisatawan yang menggunakan jasa akomodasi, asal wisatawan, dll."
https://visitingjogja.com/7653/statistik-pariwisata-2012/,Statistik Pariwisata Daerah Istimewa Yogyakarta 2012 - Dinas Pariwisata Daerah Istimewa Yogyakarta,"Buku Statistik Pariwisata Daerah Istimewa Yogyakarta 2012, memuat data kepariwisataan DIY seperti jumlah kunjungan wisatawan, wisatawan yang menggunakan jasa akomodasi, asal wisatawan, dll."
https://visitingjogja.com/7651/statistik-pariwisata-2011/,Statistik Pariwisata Daerah Istimewa Yogyakarta 2011 - Dinas Pariwisata Daerah Istimewa Yogyakarta,"Buku Statistik Pariwisata Daerah Istimewa Yogyakarta 2011, memuat data kepariwisataan DIY seperti jumlah kunjungan wisatawan, wisatawan yang menggunakan jasa akomodasi, asal wisatawan, dll."
https://visitingjogja.com/7649/statistik-pariwisata-2010/,Statistik Pariwisata Daerah Istimewa Yogyakarta 2010 - Dinas Pariwisata Daerah Istimewa Yogyakarta,"Buku Statistik Pariwisata Daerah Istimewa Yogyakarta 2010, memuat data kepariwisataan DIY seperti jumlah kunjungan wisatawan, wisatawan yang menggunakan jasa akomodasi, asal wisatawan, dll."
https://visitingjogja.com/7647/statistik-pariwisata-2009/,Statistik Pariwisata Daerah Istimewa Yogyakarta 2009 - Dinas Pariwisata Daerah Istimewa Yogyakarta,"Buku Statistik Pariwisata Daerah Istimewa Yogyakarta 2009, memuat data kepariwisataan DIY seperti jumlah kunjungan wisatawan, wisatawan yang menggunakan jasa akomodasi, asal wisatawan, dll."
https://visitingjogja.com/7645/statistik-pariwisata-2008/,Statistik Pariwisata Daerah Istimewa Yogyakarta 2008 - Dinas Pariwisata Daerah Istimewa Yogyakarta,"Buku Statistik Pariwisata Daerah Istimewa Yogyakarta 2008, memuat data kepariwisataan DIY seperti jumlah kunjungan wisatawan, wisatawan yang menggunakan jasa akomodasi, asal wisatawan, dll."
https://visitingjogja.com/7629/statistik-pariwisata-2007/,Statistik Pariwisata Daerah Istimewa Yogyakarta 2007 - Dinas Pariwisata Daerah Istimewa Yogyakarta,"Buku Statistik Pariwisata Daerah Istimewa Yogyakarta 2007, memuat data kepariwisataan DIY seperti jumlah kunjungan wisatawan, wisatawan yang menggunakan jasa akomodasi, asal wisatawan, dll."
https://visitingjogja.com/7690/peraturan-daerah-istimewa-daerah-istimewa-yogyakarta-nomor-3-tahun-2015/,Peraturan Daerah Provinsi DIY Nomor 3 Tahun 2015 - Dinas Pariwisata Daerah Istimewa Yogyakarta,Peraturan Daerah Provinsi DIY Nomor 3 Tahun 2015 berisikan tentang Kelembagaan Pemerintah Daerah Istimewa Yogyakarta.
https://visitingjogja.com/7685/renstra-dinas-pariwisiata-2012-2017/,Rencana Strategi (Renstra) Dinas Pariwisata DIY 2012-2017 - Dinas Pariwisata Daerah Istimewa Yogyakarta,Rencana Strategi (Renstra) Dinas Pariwisata DIY 2012-2017 sebagai pedoman/ dokumen perencanaan untuk periode lima tahun.
https://visitingjogja.com/7682/perda-nomor-1-tahun-2019/,Perda Nomor 1 Tahun 2019 tentang Perubahan Rencana Induk Pembangunan Kepariwisataan DIY 2012-2025 DIY - Dinas Pariwisata Daerah Istimewa Yogyakarta,Peraturan Daerah Nomor 1 Tahun 2019 tentang Perubahan RIPPDA (Rencana Induk Pembangunan Pariwisata Daerah) DIY Tahun 2012-2025.
https://visitingjogja.com/10199/lakip-dinas-pariwisata-2016-lkjip/,Lakip Dinas Pariwisata 2016 (LKjIP) - Dinas Pariwisata Daerah Istimewa Yogyakarta,"Laporan Kinerja Instansi Pemerintah SKPD Dinas Pariwisata DIY disusun berdasarkan Kebijakan Umum Anggaran (KUA-APBD) Tahun Anggaran 2016, serta Penetapan Kinerja Tahun 2016 dan merupakan bentuk akuntabilitas dari pelaksanaan tugas dan fungsi yang dipercayakan kepada setiap instansi pemerintah atas penggunaan anggaran."
https://visitingjogja.com/download/page/4/,Download File Dokumen Archive Dinas Pariwisata DIY,"Dinas Pariwisata DIY halaman download - Menyediakan file serta dokumen terkait Kepariwisataan DIY yang dapat didownload, berisikan e-brosur, e-book statistik, dokumen kajian pariwisata, laporan kinerja instansi Dinas Pariwisata DIY dan Kebijakan atau Peraturan-peraturan pariwisata."
https://visitingjogja.com/10648/executive-summary-rencana-induk-dan-detail-kspn-prambanan-kalasan-dskt/,Executive Summary Rencana Induk dan Detail KSPN Prambanan-Kalasan DSKT - Dinas Pariwisata Daerah Istimewa Yogyakarta,KSPN Prambanan Kalasan dan Sekitarnya telah ditetapkan oleh Pemerintah DIY sebagai Kawasan Wisata Purbakala Dan Budaya (Perda DIY No 1 Tahun 2012
https://visitingjogja.com/10963/laporan-akhir-analisa-pembelanjaan-wisatawan-diy-tahun-2017/,Laporan Akhir Analisa Pembelanjaan Wisatawan DIY Tahun 2017 - Dinas Pariwisata Daerah Istimewa Yogyakarta,laporan akhir analisa pembelanjaan wisatawan diy tahun 2017 diperlukan untuk meningkatkan kualitas belanja wisatawan yang datang ke DIY
https://visitingjogja.com/10661/executive-summary-analisa-pembelanjaan-wisatawan-diy-tahun-2016/,Executive Summary Analisa Pembelanjaan Wisatawan DIY Tahun 2016 - Dinas Pariwisata Daerah Istimewa Yogyakarta,Analisa pembelanjaan wisatawan diy tahun 2016 diperlukan untuk meningkatkan kualitas belanja wisatawan yang datang ke Daerah Istimewa Yogyakarta.
https://visitingjogja.com/7677/executive-summary-analisis-daya-saing-produk-wisata-ecotourism/,Executive Summary Analisis Daya Saing Produk Wisata Ecotourism - Dinas Pariwisata Daerah Istimewa Yogyakarta,PENYUSUNAN ANALISIS DAYA SAING PRODUK WISATA ECOTOURISM ini dimaksudkan sebagai langkah untuk mendukung pencapaian visi pembangunan kepariwisataan DIY
https://visitingjogja.com/10658/neraca-satelit-pariwisata-daerah-diy-2015/,Neraca Satelit Pariwisata Daerah DIY 2015 - Dinas Pariwisata Daerah Istimewa Yogyakarta,"Nesparda DIY Tahun 2015 memuat data kuantitatif bidang pariwisata dalam suatu sistem, konsep dan metode kuantitatif yang menyediakan perangkat analisis"
https://visitingjogja.com/7672/laporan-akhir-penyusunan-data-spasial-potensi-per-kecamatan-se-diy/,Laporan Akhir Penyusunan Data Spasial Potensi Per Kecamatan se DIY - Dinas Pariwisata Daerah Istimewa Yogyakarta,Laporan Akhir Penyusunan Data Spasial Potensi Per Kecamatan se Daerah Istimewa Yogyakarta.
https://visitingjogja.com/7675/laporan-akhir-kajian-pengembangan-desa-wisata-di-diy/,Laporan Akhir Kajian Pengembangan Desa Wisata di DIY - Dinas Pariwisata Daerah Istimewa Yogyakarta,Laporan Akhir Kajian Pengembangan Desa Wisata di Daerah Istimewa Yogyakarta.
https://visitingjogja.com/25288/kampung-wisata-dewa-bronto/,Kampung Wisata Dewa Bronto - Dinas Pariwisata Daerah Istimewa Yogyakarta,"Berbasis social ecotourism yang berada di kawasan bantaran DAS Code, disupport dengan atraksi kerajinan dan seni tradisional di Brontokusuman, Mergangsan."
https://visitingjogja.com/25171/dinas-pariwisata-kampanyekan-diy-aman-dikunjungi/,Dinas Pariwisata Kampanyekan DIY Aman Dikunjungi - Dinas Pariwisata Daerah Istimewa Yogyakarta,Dinas Pariwisata (Dispar) DIY tengah gencar mengkampanyekan DIY aman dikunjungi bagi wisatawan dengan melakukan pengecekan pintu masuk utama wisatawan dan beberapa destinasi wisata ungguluan di DIY.
https://visitingjogja.com/7665/lakip-dinas-pariwisata-2013/,Lakip Dinas Pariwisata 2013 - Dinas Pariwisata Daerah Istimewa Yogyakarta,Lakip dinas pariwisata 2013. Laporan Kinerja Instansi Pemerintah SKPD Dinas Pariwisata DIY disusun berdasarkan KUA-APBD Tahun Anggaran 2013
https://visitingjogja.com/13617/laporan-akhir-analisis-belanja-wisatawan/,Laporan Akhir Analisis Belanja Wisatawan Tahun 2017 - Dinas Pariwisata Daerah Istimewa Yogyakarta,laporan akhir analisis belanja wisatawan dimaksudkan untuk mengidentifikasi pengeluaran dan permintaan dari wisatawan nusantara dan mancanegara terhadap
https://visitingjogja.com/12669/sate-klathak-pak-pong-2/,Sate Klathak Pak Pong - Dinas Pariwisata Daerah Istimewa Yogyakarta,"Sate kambing adalah menu yang mudah di dapat dimana saja, dan termasuk menu sejuta umat. Bagi yang ingin menikmati menu sate dengan cara yang berbeda baik rasa dan pengolahannya langsung saja ke warung Sate Klathak Pak Pong. Cita rasa yang berbeda dikarenakan sate klathak Pak Pong ini menggunakan bumbu"
https://visitingjogja.com/12457/pantai-seruni/,"Pantai Seruni, Pantai di Daerah Tepus yang Masih Sepi","Pantai seruni berada di Kecamatan Tepus, Kabupaten Gunungkidul dan merupakan pantai kedua setelah Pantai Pok Tunggal yang dikembangkan oleh masyarakat Tepus. Sesuai namanya yang berarti Emas, Pantai Seruni merupakan salah satu tempat dimana masyarakat Tepus mencari rezeki."
https://visitingjogja.com/12454/pantai-watu-lumbung/,Pantai Watu Lumbung - Dinas Pariwisata Daerah Istimewa Yogyakarta,"Pantai Watu Lumbung berlokasi di Desa Balong Kecamatan Girisubo Kabupaten Gunung Kidul. Tepatnya berada di sebelah barat Pantai Wediombo atau sebelah timur Gunung Batur. Berbeda dengan pantai kebanyakan, Pantai Watu Lumbung bisa dikategorikan sebagai pantai karang."
https://visitingjogja.com/12451/pantai-jungwok/,"Pantai Jungwok, Rekomendasi Lokasi Tempat Berkemah","Lokasi Pantai Jungwok Gunungkidul berada di sebelah timur kawasan Pantai Wediombo sejauh kurang lebih satu kilometer jadi kita bisa ambil rute menuju Pantai Wediombo. Dari Kota Yogyakarta, Pantai Jungwok berjarak sekitar 80 kilometer dengan waktu tempuh 2,5 jam perjalanan"
https://visitingjogja.com/12448/pantai-slili/,"Pantai Slili, Pilihan Pantai yang Masih Belum Ramai","Pantai Slili terletak di Desa Sidoharjo, Kecamatan Tepus, Gunung Kidul. Akses menuju Pantai Slili sudah tergolong bagus dan sangat nyaman dilalui kendaraan. Dari Kota Yogyakarta ambil arah menuju Wonosari kemudian berlanjut menuju Pantai Baron sampai menemukan loket pembayaran untuk masuk ke Pantai Baron. Dari temp"
https://visitingjogja.com/12445/pantai-watugupit/,"Pantai Watugupit, Pantai yang Sepi dan Tidak Jauh dari Kota Yogyakarta","Lokasi Pantai Watugupit berada di Desa Girijati, Kecamatan Purwosari, Kabupaten Gunung Kidul. Untuk menuju kesini, dari jalan utama Parangtritis terus ke arah Gunungkidul. Akan ada beberapa tanjakan curam sehingga pengemudi diharapkan untuk sangat berhati-hati."
https://visitingjogja.com/12416/pantai-parang-endog/,Pantai Parang Endog dan Pemandangan yang disuguhkannya.,"Karakteristik Pantai Parang Endog dengan Pantai Parangtritis agak sedikit berbeda. Di Pantai Parang Endog, kita akan banyak menemui batu-batu karang berukuran besar berbentuk telur. Dari sini juga lah nama Parang Endog berasal. Selain bebatuan karang berukuran besar, kita juga akan disuguhi perbukitan hijau"
https://visitingjogja.com/12413/pantai-drini/,Pantai Drini yang Dikenal Sebagai Pantai dengan Dua Wajah.,"Pantai Drini secara administrative berada di Kecamatan Tanjungsari, Kabupaten Gunung Kidul, Yogyakarta, tepatnya di sebelah timur Pantai Sepanjang dan Pantai Baron. Pantai Drini ini juga masih berada satu jalur dengan beberapa pantai lainnya seperti Pantai Sundak, Pantai Krakal, dan Pantai Kukup."
https://visitingjogja.com/8338/pantai-krakal-keindahan-akan-proses-alam/,"Pantai Krakal, Keindahan Akan Proses Alam - Dinas Pariwisata Daerah Istimewa Yogyakarta","Pantai krakal terbentang di ujung dari rangkaian pantai di sisi tenggara Gunungkidul, diantaranya Baron dan Kukup. Tepatnya di desa Ngestirejo, kecamatan Tanjungsari. Letaknya sekitar 38 km dari kota Jogja, dapat ditempuh antara dua sampai tiga jam. Dari Wonosari, ibukota Gunungkidul, hanya berjarak 21 km."
https://visitingjogja.com/8335/pantai-sadranan-snorkeling-seru-di-pinggir-pantai/,"Pantai Sadranan, Snorkeling Seru di Pinggir Pantai - Dinas Pariwisata Daerah Istimewa Yogyakarta","Pantai sadranan terletak di kecamatan Tepus atau bersebelahan dengan pantai Sundak. Istimewanya, di pantai ini pengunjung tidak hanya di suguhkan dengan panorama alam pantai yang masih bersih dan sejuk. Di sini juga terdapat wahana baru bagi mereka yang tertantang dengan petualangan khas dari pantai ini."
https://visitingjogja.com/8332/pantai-pok-tunggal/,Pantai Pok Tunggal dengan Ciri Pohon Besarnya yang Kokoh,"Salah satu pantai yang indah dan menjadi wisata baru yaitu Pantai Pok Tunggal, Tepus Gunungkidul. Pemberian nama Pok Tunggal adalah pemberian warga setempat dikarenakan di area pantai ini terdapat sebuah pohon besar yang kini masih kokoh berdiri. Pohon inilah yang menjadi ciri khas dan menjadi keunikan tersendiri."
https://visitingjogja.com/8329/pantai-watu-kodok-indahnya-pasir-putih-bersanding-batuan-pantai/,Pantai Watu Kodok dengan Pasir Putihnya dan Bebatuan Pantai,Pasir Putih yang terhampar luas dengan bebatuan karang menjaga di sisi kanan kiri Pantai watu Kodok menjadi ciri khas dari pantai ini. Akses menuju Pantai Kodok bisa dilalui melalui jalur Kota Yogyakarta menuju pusat kota Wonosari kemudian mengikuti jalan yang menuju Pantai Indrayanti.
https://visitingjogja.com/8326/pantai-sepanjang-keindahan-pasir-putih-yang-menggoda/,"KPantai Sepanjang, Menyuguhkan Keindahan saat Surut",Pantai Sepanjang sesuai dengan namanya memiliki garis pantai yang terpanjang di antara pantai-pantai di daerah Gunungkidul. Hamparan luas pasir putih yang memanjang dari sisi barat ke timur yang di batasi dengan perbukitan batu karang yang kokoh tegak berdiri. Pantai yang segaris dengan Sundak - Kukup - Baron
https://visitingjogja.com/8323/pantai-sadeng-keindahan-alam-muara-sungai-bengawan-solo-kuno/,"Pantai Sadeng, Keindahan Alam Muara Sungai Bengawan Solo Kuno - Dinas Pariwisata Daerah Istimewa Yogyakarta","Secara administratif Pantai Sadeng terletak di Desa Songbanyu, Kecamatan Girisuno, Gunung Kidul, DIY. Jarak tempuh sekitar 70 km dari kota Yogyakarta memakan waktu kurang lebih 2 jam perjalanan. Perjalanan menuju Pantai Sadeng kita akan banyak sekali melihat pemandangan yang masih alami, bukit kapur yang"
https://visitingjogja.com/8320/pantai-indrayanti-pantai-gunungkidul-rasa-bali/,"Pantai Indrayanti, Pantai Gunungkidul Rasa Bali - Dinas Pariwisata Daerah Istimewa Yogyakarta","Menuju Pantai Indrayanti anda membutuhkan waktu kurang lebih 2 jam perjalanan dari Kota Yogyakarta. Dari Wonosari ada 2 jalan menuju pantai Indrayanti, pertama melalui jalur Selatan yang melewati Pantai Baron, Kukup, Krakal, Sundak dan ke timur sampai Pantai Indrayanti."
https://visitingjogja.com/8317/pantai-wedi-ombo-surga-tersembunyi-di-balik-bukit-terjal/,"Pantai Wedi Ombo, Surga Tersembunyi di Balik Bukit Terjal","Pantai Wedi ombo secara administratif masuk wilayah Desa Jepitu, Kecamatan Girisubo, Kabupaten Gunung Kidul. Pantai ini termasuk pantai yang ada di ujung timur wilayah Daerah istimewa Yogyakarta. Akses menuju pantai ini sangatlah mudah dijangkau setelah sebelumnya datang ke Pantai Siung."
https://visitingjogja.com/8314/pantai-siung-surga-para-pemanjat-tebing/,"Pantai Siung, Surga Para Pemanjat Tebing - Dinas Pariwisata Daerah Istimewa Yogyakarta","Kawasan pantai yang indah dengan melalui medan yang naik turun disertai dengan tikungan tajam disertai perbukitan kapur yang menemani dalam perjalanan. Pantai Siung secara administratif masuk dalam wilayah Kecamatan Tepus, Kabupaten Gunung Kidul termasuk wilayah terpencil. Radius 70 km dari Kota Yogyakarta."
https://visitingjogja.com/8311/pantai-glagah-saksi-dahsyatnya-ombak-pantai-selatan/,Pantai Glagah dan Dahsyatnya Ombak Pantai Selatan,"Kawasan Pantai Glagah terdapat laguna yang membagi dua lokasi, pertama lokasi yang masih ditumbuhi oleh beberapa tumbuhan pantai serta rerumputan, kedua lokasi gundukan pasir yang langsung berbatasan dengan lautan. Anda bisa menyeberang ke lokasi gundukan pasir melewati jalan peng"
https://visitingjogja.com/8308/pantai-depok-nikmati-seafood-di-pinggir-pantai/,"Pantai Depok, Nikmati Seafood di Pinggir Pantai - Dinas Pariwisata Daerah Istimewa Yogyakarta",Keindahan kawasan Pantai Depok tidak hanya terletak pada sajian hidangan sea food saja. Di kawasan tersebut kita bisa melihat hamparan gumuk pasir yang terbentang luas sampai ke kawasan Parangkusumo dan Parangtritis. Gumuk pasir yang ada di pantai ini adalah satu-satunya di kawasan Asia Tenggara dan merupakan suatu
https://visitingjogja.com/8305/pantai-congot-nuansa-khas-pantai-nelayan/,"Pantai Congot, Nuansa Khas Pantai Nelayan - Dinas Pariwisata Daerah Istimewa Yogyakarta","Kawasan Pantai Congot berlokasi tidak jauh dari kawasan Pantai Glagah. Kedua pantai itu berjarak sangat dekat dan dihubungkan oleh jalan beraspal halus yang bahkan cukup mudah ditempuh menggunakan sepeda. Terletak di Desa Jangkaran, Kecamatan Temon, Kabupaten Kulon Progo"
https://visitingjogja.com/8302/pantai-baron-pertemuan-dramatis-daratan-dan-lautan/,"Pantai Baron, Pertemuan Dramatis Daratan dan Lautan","Pantai Baron terletak di Desa Kemadang, Kecamatan Tanjungsari, sekitar 20 km arah selatan kota Wonosari (40 km dari kota Yogyakarta). Pantai yang menjadi saksi pertemuan antara air laut dan air tawar, yang merupakan hasil dari sungai yang bermuara di satu sudut pantai baro"
https://visitingjogja.com/8299/pantai-ngrenehan-pasir-putih-batu-karang-dan-seafood/,"Pantai Ngrenehan, Pasir Putih Batu Karang dan Seafood!","Pantai ngrenehan, terletak di Desa Kanigoro, Kecamatan Saptosari, Kabupaten Gunungkidul, DIY. Berjarak sekitar 30km dari Wonosari atau sekitar 60km dari pusat kota Jogja."
https://visitingjogja.com/8296/pantai-sundak-pantai-oase-gunungkidul/,"Pantai Sundak, Pantai Oase Gunungkidul - Dinas Pariwisata Daerah Istimewa Yogyakarta","Pantai Sundak masuk dalam kabupaten Gunungkidul, tepatnya di Desa Sidoharjo, Kecamatan Tepus, Dusun Pule Gundes. Sundak berdempetan dengan pantai lain seperti Kukup, Krakal, Drini, dan Baron. Pantai yang satu ini memiliki keunikan dibanding pantai-pantai lain di Yogyakarta."
https://visitingjogja.com/6994/berwisata-di-pantai-sadeng-pelabuhan-di-kawasan-paling-timur-yogyakarta-2/,"Pantai Sadeng, Pelabuhan di Kawasan Paling Timur Yogyakarta","Pantai Sadeng berada di sebuah teluk, menjadikan kawasan pantai ini terlindung dari ganasnya ombak Samudra Hindia sehingga pas jika dijadikan pelabuhan. Berada di Desa Songbanyu, Kecamatan Girisubo, Kabupaten Gunungkidul, saat ini Sadeng adalah satu-satunya pelabuhan perikanan yang ada di Gunungkidul."
https://visitingjogja.com/6987/menikmati-keindahan-alam-pantai-ngobaran-sekaligus-berwisata-sejarah-dan-budaya/,Menikmati Pantai Ngobaran Sekaligus Berwisata Sejarah dan Budaya,"Di pantai yang berada di Desa Kanigoro, Kecamatan Saptosari, Kabupaten Gunungkidul, Daerah Istimewa Yogyakarta, wisata budaya dan sejarah juga bisa pengunjung dapatkan."
https://visitingjogja.com/17537/tradisi-pergantian-prajurit-puro-pakualaman-mengundang-daya-tarik-wisatawan/,Tradisi Pergantian Prajurit Puro Pakualaman Mengundang Daya Tarik Wisatawan - Dinas Pariwisata Daerah Istimewa Yogyakarta,Di Puro Pakualaman sendiri ada dua prajurit yang berjaga yakni Prajurit Bregada Lombok Abang dan Prajurit Plangkir
https://visitingjogja.com/17832/jelajah-alam-kawasan-menoreh/,Jelajah Alam Kawasan Menoreh - Dinas Pariwisata Daerah Istimewa Yogyakarta,Dinas Pariwisata DIY kembali menyelenggarakan event guna mempromosikan pariwisata disalah satu kabupaten di sebelah Barat DIY yaitu kab Kulon Progo dengan menggelar event Jelajah Kawasan Menoreh.
https://visitingjogja.com/16758/peluncuran-calendar-of-event-jogja-2019/,Peluncuran Calendar of Event Jogja 2019 - Dinas Pariwisata Daerah Istimewa Yogyakarta,Peresmian Calendar of Events (COE) Yogyakarta telah digelar secara meriah pada 4 Februari 2019 dan berlangsung di Hotel Dafam Yogyakarta. Acara tersebut di
https://visitingjogja.com/15974/kerjasama-eatof-memberikan-bantuan-bagi-korban-bencana-di-lombok-melalu-pemda-diy/,Kerjasama EATOF Memberikan Bantuan Bagi Korban Bencana di Lombok Melalu Pemda DIY,"Salah satu program kegiatan EATOF adalah dukungan terhadap provinsi yang mengalami bencana, dan pada kesempatan tahun 2018 ini membantu dukungan berupa bantuan? korban bencana di Lombok melalui Pemda DIY,"
https://visitingjogja.com/12703/bakmi-lethek/,Bakmi Lethek - Dinas Pariwisata Daerah Istimewa Yogyakarta,"Rekomendasi warung mie lethek diantaranya Mie Lethek Mbah Mendes yang beralamat di Sorobayan, Gadingsari, Sanden, Bantul serta cabangnya di Jl Ring Road Utara, Maguwoharjo, Sleman. Mie Lethek Kang Sum di Bekas Pasar Imogiri, Bantul dan Bakmi Lethek Sor Pring di Tegal Layang, Caturharjo, Pandak, Bantul."
https://visitingjogja.com/12709/watu-lawang-mangunan/,Watu Lawang Mangunan kawasan yang rimbun akan pepohonan,"Untuk menuju lokasi ini pengunjung cukup mengikuti rute menuju kebun buah mangunan. Bedanya sebelum sampai di persimpangan Mangunan, ada petigaan kecil menuju kawasan penduduk. Pilih arah kanan dan ikuti jalan tersebut sampai bertemu petunjuk arah watu lawang"
https://visitingjogja.com/12576/makam-raja-imogiri/,"Makam Raja Imogiri, Makam Raja - Raja Mataram","Makam raja-raja Mataram atau yang lebih dikenal dengan Makam Raja Imogiri mulai dibangun pada tahun 1632 - 1640 oleh Sultan Agung Adi Prabu Hanyokrokusumo. Komplek makam yang terletak di desa Ginirejo, Imogiri, Bantul, Yogyakarta ini memang diperuntukan bagi raja dan keluarga Kerajaan Mataram beserta keturunannya."
https://visitingjogja.com/12561/pabrik-gula-madukismo/,"Pabrik Gula Madukismo, Pabrik gula dan alcohol/spiritus di Yogyakarta","Akses menuju Pabrik Gula Madukismo dari Pojok Beteng Kulon lurus ke arah selatan menuju ke Jalan Bantul. Sampai di perempatan Jl. Bantul - Ring Road Selatan ambil arah kanan (barat) sekitar 1 km ke perempatan traffic light pertama, lalu ambil kiri (selatan) sekitar 200m"
https://visitingjogja.com/9162/candi-banyunibo/,"Candi Banyunibo, Belum Banyak Diketahui oleh Orang","Namanya Candi Banyunibo, lokasinya tidak jauh dari Candi Ijo dan Ratu Boko. Jadi jangan lupa mampir ke Banyunibo ya kalau pas main di daerah sana."
https://visitingjogja.com/8351/tugu-jogja-simbol-kota-yogyakarta/,"Tugu Jogja, Simbol Kota Yogyakarta - Dinas Pariwisata Daerah Istimewa Yogyakarta","Tugu Jogja dibangun pada tahun 1755 oleh Hamengkubuwono I, pendiri Kraton Yogyakarta, mempunyai nilai simbolis dan merupakan garis yang bersifat magis yang menghubungkan laut selatan, Kraton Jogja, dan Gunung Merapi. Konon Sultan pada saat melakukan meditasi menjadikan tugu ini sebagai patokan arah"
https://visitingjogja.com/8348/candi-prambanan-eksotisnya-candi-hindu-di-yogyakarta/,"Candi Prambanan, Eksotisnya Candi Hindu di Yogyakarta",Prambanan adalah salah satu kompleks candi terbesar di Asia Tenggara yang kaya dengan arca dan relief. Kompleks candi ini terletak di Desa Prambanan dan secara administratif masuk dalam dua kabupaten dan dua provinsi sekaligus.
https://visitingjogja.com/8345/intropeksi-diri-melalui-tradisi-topo-bisu-di-yogyakarta/,Intropeksi Diri Melalui Tradisi Topo Bisu di Yogyakarta,"Topo Bisu Lampah Mubeng Benteng Keraton Ngayogyakarta Hadiningrat, merupakan tradisi tahunan yang dilakukan dengan mengelilingi area di sekitar Keraton Yogyakarta tanpa berbicara sepatah katapun."
https://visitingjogja.com/8342/masangin-mitos-dari-si-beringin-krmbar-alun-alun-kidul/,"Masangin, Mitos dari Si Beringin Kembar Alun-alun Kidul","Salah satu daya tarik yang membuat orang datang ke alkid adalah adanya mitos beringin kembar. Yaitu mitos siapa saja yang berhasil berjalan di antara dua beringin dengan mata tertutup, maka konon keingin dan hajatnya akan terkabul. Ritual mitos ini disebut Masangin."
https://visitingjogja.com/8273/candi-ratu-boko/,Candi Ratu Boko Bukti Toleransi Bragama pada Masanya,"Candi Ratu Boko terletak di kecamatan Bokoharjo, kabupaten Sleman. Luasnya yang mencapai 16 ha. membuat wilayah Ratu Boko masuk dalam dua desa, Dawung dan Sambirejo. Lokasinya kurang-lebih 17 km di sebelah timur kota Jogja dan dapat diakses lewat jalan raya Yogyakarta-Solo."
https://visitingjogja.com/8270/candi-morangan-ngaglik-sleman/,Candi Morangan Ngaglik Sleman - Dinas Pariwisata Daerah Istimewa Yogyakarta,"Candi Morangan, salah satu candi Hindhu Kuno yang berlokasi di dusun Morangan, Sindumartani, Ngaglik, Sleman DIY. Candi ini merupakan candi hindhu yang tersebar di Kabupaten Sleman."
https://visitingjogja.com/8267/candi-sewu/,Candi Sewu - Dinas Pariwisata Daerah Istimewa Yogyakarta,Candi Sewu adalah candi Buddha yang dibangun pada abad ke-8 yang berjarak hanya delapan ratus meter di sebelah utara Candi Prambanan. Candi Sewu merupakan kompleks candi Buddha terbesar kedua setelah Candi Borobudur di Jawa Tengah. Candi Sewu berusia lebih tua daripada Candi Prambanan.
https://visitingjogja.com/8264/candi-sojiwan-kecamatan-prambanan/,Candi Sojiwan Kecamatan Prambanan - Dinas Pariwisata Daerah Istimewa Yogyakarta,Candi Sojiwan berada di sebuah area terbuka yang panjang halamannya lebih dari 100 m. Ciri khas candi ini adalah adanya sekitar 20 relief di kaki candi yang berhubungan dengan cerita-cerita Pancatantra atau Jataka dari India.
https://visitingjogja.com/8261/panggung-krapyak-yogyakarta-tempat-berburu-menjangan-kerabat-kraton/,"Panggung Krapyak Yogyakarta, Tempat Berburu Menjangan Kerabat Kraton - Dinas Pariwisata Daerah Istimewa Yogyakarta","Panggung Krapyak adalah sebuah bangunan bersejarah berbentuk ruangan menyerupai kubus. Bagian dinding kini tampak berwarna hitam, menunjukkan usianya yang hampir menyamai usia Kota Yogyakarta, seperempat milenium. Bangunan tampak masih kokoh, walau beberapa bagian mengalami kerusakan akibat gempa 27 Mei 2006 lalu."
https://visitingjogja.com/8258/wisata-kampung-bregada-kraton-menapak-sejarah-penamaan-kampung/,"Wisata Kampung Bregada Kraton, Menapak Sejarah Penamaan Kampung - Dinas Pariwisata Daerah Istimewa Yogyakarta","Nama-nama Wisata kampung Bregada Kraton: kampung bugisan, Kampung Dahengan, Kampung Jogokaryan,Kampung Ketanggungan, Kecamatan Mantrijeron, Kampung Nyutran, Kampung Patangpuluhan, Kampung Prawirotaman, Kampung Surokarsan, Kecamatan Wirobrajan"
https://visitingjogja.com/8249/grebeg-sekaten-makna-simbolis-dan-filosofis-dalam-kehidupan/,"Grebeg Sekaten, Makna Simbolis dan Filosofis dalam Kehidupan","Kata grebeg berasal dari kata gumrebeg yang memiliki filosofi sifat riuh, ribut dan ramai. Tidak ketinggalan pula kata gunungan memiliki filosofi dan simbol dari kemakmuran yang kemudian dibagikan kepada rakyat. Gunungan di sini adalah representasi dari hasil bumi (sayur dan buah) serta jajanan (rengginang)."
https://visitingjogja.com/7251/grebeg-sekaten/,Grebeg Sekaten - Dinas Pariwisata Daerah Istimewa Yogyakarta,"Pada Grebeg Sekaten, gunungan yang dijadikan simbol kemakmuran ini mewakili keberadaan manusia yang terdiri dari laki-laki dan perempuan. Gunungan yang digunakan bernama Gunungan Jaler (pria), Gunungan Estri (perempuan), serta Gepak dan Pawuhan."
https://visitingjogja.com/12799/bukit-teletubbies-prambanan/,Bukit Teletubbies Prambanan - Dinas Pariwisata Daerah Istimewa Yogyakarta,"Bukit Teletubbies prambanan merupakan bukit dimana wisatawan bisa melihat pemandangan rumah dome Desa Teletubbies dari atas bukit yang terletak di Desa Wisata Rumah Domes, tepatnya di Dusun Nglepen, Desa Sumberharjo, Prambanan, Kabupaten Sleman,Yogyakarta."
https://visitingjogja.com/12796/bukit-klangon-merapi/,"Bukit Klangon Merapi terletak di Kabupaten Sleman, Yogyakarta","Menuju Bukit Klangon Merapi, wisatawan bisa memulai dari Jalan Kaliurang lurus ke utara sampai bertemu pertigaan untuk menuju merapi Golf atau The Lost World Castle kemudian ambil kanan lurus ke timur. Sampai ada pertigaan, ambil kiri dan ikuti petunjuk arah menuju Bukit Klangon"
https://visitingjogja.com/12793/lava-bantal-berbah/,"Lava Bantal, kawasan geoheritage yang terletak di Berbah, Sleman.","Lava Bantal yang berada di Berbah, Sleman merupakan salah satu kawasan geoheritage yang ada di Yogyakarta. Pemilihan nama Lava Bantal tidak lain karena bentuk bebatuan mirip bantal."
https://visitingjogja.com/12790/spot-riyadi/,"Spot Riyadi, salah satu spot favorit yang terletak di prambanan, Sleman","Spot Riyadi terletak di dusun Sumberwatu, desa Sambirejo, kecamatan Prambanan, kabupaten Sleman, DI Yogyakarta. Dinamakan Spot Riyadi karena tempat ini berada di depan halaman rumah Pak Riyadi yang berada di perbukitan Sambirejo, Prambanan"
https://visitingjogja.com/12715/puncak-suroloyo-2/,"Puncak Suroloyo, Titik tertinggi di Perbukitan Menoreh.","Puncak Suroloyo memiliki ketinggian kurang lebih 1.091 Mdpl. Dari puncak ini wisatawan bisa melihat pemandangan empat gunung sekaligus, yaitu Merapi, Merbabu, Sindoro, dan Sumbing."
https://visitingjogja.com/12712/kebun-teh-nglinggo/,Kebun Teh Nglinggo Terletak di Kabupaten Kulon Progo,"Untuk mendapatkan suasana udara segar serta dingin cukup mengunjungi Kebun Teh Nglinggo yang berlokasi di Desa Ngargosari dan Desa Pagerharjo Kecamatan Samigaluh Kulon Progo, Yogyakarta."
https://visitingjogja.com/12700/kampung-edukasi-watu-lumbung/,Kampung Edukasi Watu Lumbung - Dinas Pariwisata Daerah Istimewa Yogyakarta,"Watu Lumbung berlokasi di Bukit Parangtritis, Kretek, Bantul, Yogyakarta, merupakan lokasi menawarkan keindahan pemandangan khas pinggiran Yogyakarta sekaligus wisata edukasi yang tak terlupakan"
https://visitingjogja.com/12579/goa-cerme/,"Gua Cerme, Wisata Religi Sekaligus Wisata Adrenalin","Goa Cerme terletak di perbatasan dusun Srunggo, desa Selopamioro, kecamatan Imogiri, kabupaten Bantul dengan dusun Ploso, desa Giritirto, kecamatan Panggang, kabupaten Gunungkidul, DI Yogyakarta"
https://visitingjogja.com/12573/seribu-batu-songgo-langit/,Seribu Batu Songgo Langit di Kawasan Hutan Pinus Mangunan,"Spot unik yang ada di Seribu Batu Songgo Langit antara lain Rumah Hobbit seperti yang ada di Taman Kelinci Pujon Malang, Rumah Kayu, Jembatan Kayu yang menghubungkan antara pepohonan, gardu pandang, dan rumah pohon, dan beberapa spot unik lainnya."
https://visitingjogja.com/12570/bukit-panguk-kediwung/,Bukit Panguk Kediwung yang Menjadi Trend di Medsos,"Bukit Panguk Kediwung sendiri hanya berjarak sekitar 2 km dari Kebun Buah Mangunan, tepatnya di Dusun Kediwung, Desa Mangunan, Kecamatan Dlingo, Kabupaten Bantul, Yogyakarta."
https://visitingjogja.com/12567/kebun-buah-mangunan-3/,Kebun Buah Mangunan pelopor wisata alam kekinian,Dari terminal Giwangan terus ke selatan melewati jalan Imogiri Timur sampai bertemu pertigaan lalu ambil kiri. Ikutin jalan sampai menemukan papan petunjuk menuju Kebun Buah Mangunan.
https://visitingjogja.com/12558/bendung-tegal/,"Bendung Tegal di Sungai Opak, Desa Wisata Kebonagung, Bantul","Awal dibangunnya Bendung Tegal adalah sebagai saluran irigasi sawah dan mengurangi banjir dari luapan Kali Opak yang seringkali terjadi. Bendung Tegal sendiri merupakan bendungan yang dibangun di Desa Wisata Kebonagung, Imogiri, Bantul."
https://visitingjogja.com/informasi-wisata-jogja/wisata-alam/page/4/,Wisata Alam Archives Dinas Pariwisata Daerah Dinas Pariwisata,"Yogyakarta memiliki begitu banyak wisata alam dengan berbagai keunikannya, berikut ini kumpulan Informasi destinasi wisata alam jogja, wisata alam yang ada di Daerah Istimewa Yogyakarta."
https://visitingjogja.com/7157/hutan-wanagama-gunungkidul/,Hutan Wanagama Gunungkidul - Dinas Pariwisata Daerah Istimewa Yogyakarta,i tahun 1964 Wanagama hanyalah hutan dengan luas 10 ha dan tidak memiliki banyak keanekaragaman hayati. Usaha yang tidak mengenal kata menyerah akhirnya membuahkan hasil. Sekarang ini luas hutan Wanagama menjadi 600 ha
https://visitingjogja.com/7146/grojogan-lepo-dlingo-bantul/,Grojogan Lepo Dlingo bantul - Dinas Pariwisata Daerah Istimewa Yogyakarta,"Pengelola hanya menyediakan kotak donasi pelestarian alam. Pengunjung dapat menyisihkan uang sakunya untuk membantu melestarikan habitat alam di kawasan Grojogan Lepo, tanpa ditentukan besarannya"
https://visitingjogja.com/7135/curug-jurang-gedhe/,Curug Jurang Gede untuk Yang Gemar Berpetualang,"Curug Jurang Gedhe berlokasi di Dusun Gembyong, Ngoro-ngoro, Patuk, Gunungkidul atau berjarak 12 km dari Kecamatan Pathuk atau dapat ditempuh selama satu jam perjalanan dari Kota Yogyakarta. Potensi keindahan objek ini menawarkan wisata penjelajahan dengan menaiki bukit yang curam."
https://visitingjogja.com/7127/curug-banyunibo/,Curug Banyunibo - Dinas Pariwisata Daerah Istimewa Yogyakarta,"Curug Banyunibo, secara administratif berada di Dusun Kabrokan Kulon, Desa Sendangsari, Kecamatan Pajangan, Kabupaten Bantul. Rute menuju lokasi Curug Banyunibo sangatlah mudah, cukup susuri ring road selatan menuju daerah pabrik gula Madukismo, dilanjutkan menuju Desa Krebet. Kemudian"
https://visitingjogja.com/7116/embung-tambakboyo/,Embung Tambakboyo yang Memancarkan Keindahan,"Embung Tambakboyo yang berada di sisi utara wilayah Yogyakarta, tepatnya di wilayah kabupaten Sleman yang terletak di tiga desa yaitu Condongcatur, Maguwoharjo dan Wedomartani."
https://visitingjogja.com/7080/puncak-suroloyo/,Puncak Suroloyo,"Bukit Suroloyo yang berdiri di selatan Candi Borobudur memiliki ketinggian kurang lebih 2000 m dpl, di bukit tertinggi puncak Suroloyo keempat gunung besar di Jawa Tengah (Merapi, Merbabu, Sumbing dan Sindoro) bisa kita lihat dengan jelas, tidak ketinggalan pula kita bisa meneropong Candi Borobudur dari tempat ini."
https://visitingjogja.com/6997/mengenal-gua-gelatik-lorong-sewu-gua-tujuh-susun-di-gunungkidul/,"Mengenal Gua Gelatik Lorong Sewu, Gua Tujuh Susun di Gunungkidul - Dinas Pariwisata Daerah Istimewa Yogyakarta","Sebuah gua yang ditemukan warga Grogol II Desa Bejiharjo Kecamatan Karangmojo, Gunungkidul pada 2014 silam, belum bisa beroperasi secara maksimal untuk pariwisata. Gua yang tak jauh dari Gua Pindul tersebut adalah Gua Gelatik Lorong Sewu."
https://visitingjogja.com/informasi-wisata-jogja/wisata-alam/page/6/,Wisata Alam Archives Dinas Pariwisata Daerah Dinas Pariwisata,"Yogyakarta memiliki begitu banyak wisata alam dengan berbagai keunikannya, berikut ini kumpulan Informasi destinasi wisata alam jogja, wisata alam yang ada di Daerah Istimewa Yogyakarta."
https://visitingjogja.com/informasi-wisata-jogja/wisata-alam/page/5/,Wisata Alam Archives Dinas Pariwisata Daerah Dinas Pariwisata,"Yogyakarta memiliki begitu banyak wisata alam dengan berbagai keunikannya, berikut ini kumpulan Informasi destinasi wisata alam jogja, wisata alam yang ada di Daerah Istimewa Yogyakarta."
https://visitingjogja.com/informasi-wisata-jogja/page/4/,Informasi Wisata Jogja oleh Dinas Pariwisata Daerah Istimewa Yogyakarta,"Dinas Pariwisata DIY menyediakan Informasi wisata Jogja. Dinas Pariwisata DIY menyediakan informasi mengenai Destinasi Wisata di Yogyakarta, yang berisikan mengenai 5 kategori wisata"
https://visitingjogja.com/281/air-terjun-sri-gethuk/,Air Terjun Sri Gethuk - Dinas Pariwisata Daerah Istimewa Yogyakarta,Air terjun sri gethuk merupakan salah satu destinasi wisata air yang berada di kabupaten Gunungkidul. Air terjun ini selalu ramai dan menjadi favorit.
https://visitingjogja.com/270/kebun-buah-mangunan/,Kebun Buah Mangunan - Dinas Pariwisata Daerah Istimewa Yogyakarta,"Ingin menikmati wisata kabut di Jogja? Yap! Datang saja ke kebun buah mangunan bantul. Apabila beruntung, dipagi hari akan menemukan lautan kabut di puncak."
https://visitingjogja.com/259/gunung-api-purba-nglanggeran/,Gunung Api Purba Nglanggeran - Dinas Pariwisata Daerah Istimewa Yogyakarta,Gunung Api Purba Nglanggeran merupakan salah satu kawasan wisata alam yang indah. Nglanggeran juga menjadi salah satu destinasi yang masuk dalam geopark.
https://visitingjogja.com/informasi-wisata-jogja/page/21/,Informasi Wisata Jogja oleh Dinas Pariwisata Daerah Istimewa Yogyakarta,"Dinas Pariwisata DIY menyediakan Informasi wisata Jogja. Dinas Pariwisata DIY menyediakan informasi mengenai Destinasi Wisata di Yogyakarta, yang berisikan mengenai 5 kategori wisata"
https://visitingjogja.com/informasi-wisata-jogja/page/20/,Informasi Wisata Jogja oleh Dinas Pariwisata Daerah Istimewa Yogyakarta,"Dinas Pariwisata DIY menyediakan Informasi wisata Jogja. Dinas Pariwisata DIY menyediakan informasi mengenai Destinasi Wisata di Yogyakarta, yang berisikan mengenai 5 kategori wisata"
https://visitingjogja.com/12762/warung-kopi-merapi/,warung Kopi Merapi dan Konsep Tradisonal yang Diusung,"Di Warung Kopi Merapi, pengunjung dapat menikmati seduhan biji kopi yang ditanam langsung di tanah vulkanik lereng Gunung Merapi. Ada dua pilihan jenis kopi yang ditawarkan yaitu kopi robusta dan kopi arabica. Untuk menu makanan pendampingnya, warung ini hanya menyediakan aneka gorengan dan"
https://visitingjogja.com/12493/gumuk-pasir-parangkusumo-bantul/,Gumuk Pasir Parangkusumo Bantul - Dinas Pariwisata Daerah Istimewa Yogyakarta,"Gumuk Pasir adalah gundukan-gundukan pasir yang terhampar luas. Gumuk pasir ini terletak di sebelah barat Pantai Parangtritis, Bantul, Yogyakarta."
https://visitingjogja.com/12544/bukit-paralayang-parangtritis/,Bukit Paralayang Parangtritis - Dinas Pariwisata Daerah Istimewa Yogyakarta,"Dengan ketinggian mencapai 900 Mdpl, pengunjung dapat menikmati keindahan garis Pantai Parangtritis yang bertemu langsung dengan luasnya Laut Selatan. Waktu favorit untuk mengunjungi tempat Bukit Paralayang Parangtritis adalah saat matahari tenggelam."
https://visitingjogja.com/8218/museum-sasana-wiratama-menelusuri-jejak-sejarah-pangeran-diponegoro/,"Museum Sasana Wiratama, Menelusuri Jejak Pangeran Diponegoro","Museum Sasana Wiratama dibuka untuk masyarakat umum pada tanggal 9 Agustus 1969 yang diresmikan oleh Presiden Soeharto. Wisata museum ini menyajikan berbagai koleksi diantaranya, senjata tradisional (keris, panah, dan pedang) yang dipergunakan Pangeran Diponegoro dalam perjuangannya."
https://visitingjogja.com/8215/museum-gembira-loka-melihat-diorama-flora-dan-fauna-krkb-gembira-loka/,Melihat Diorama Flora dan Fauna KRKB Gembira Loka,"Diorama Flora dan Fauna KRKB Gembira Loka tempatan dimana para wisatawan bisa melihat dan mendapatkan informasi mengenai flora dan fauna dari berbagai tempat laut, udara dan darat. Selain itu pengunjung juga bisa melihat diorama pengolahan jamu tradisional yang berbagis pada tumbuhan yang diolah secara manual."
https://visitingjogja.com/8192/museum-sandi-negara-mempelajari-ilmu-intelejen-dari-berbagai-negara/,"Museum Sandi Negara, Mempelajari Ilmu Intelejen dari Berbagai Negara","Museum Sandi Negara berlokasi di kawasan Kotabaru, Yogyakarta setelah sebelumnya menempati di lantai dasar Museum Perjuangan Yogyakarta. Di museum ini, aneka macam koleksi yang bernilai sejarah menceritakan dunia persandian secara lebih luas."
https://visitingjogja.com/8189/museum-pergerakan-wanita-melihat-jejak-perjuangan-kaum-perempuan-indonesia/,"Museum Pergerakan Wanita, Melihat Jejak Perjuangan Wanita Indonesia",Sebagai bentuk penghargaan terhadap kiprah perjuangan kaum perempuan Indonesia dibangunlah Gedung Museum Pergerakan Wanita Indonesia Mandala Bhakti Wanitatama dalam rangka memperingati Kongres Perempuan I pada tahun 1928 di Yogyakarta.
https://visitingjogja.com/8186/museum-kirti-griya-dewantara-menelisik-jejak-perjuangan-rm-soewardi-soerjaningrat/,"Museum Kirti Griya Dewantara, Menelisik Jejak Perjuangan RM Soewardi Soerjaningrat - Dinas Pariwisata Daerah Istimewa Yogyakarta",Dengan mengunjungi Museum Kirti Griya Dewantara kita dapat merasakan pahit getirnya perjuangan Ki Hadjar Dewantara dalam melepaskan belenggu kebodohan yang menghinggapi masyarakat jelata pada waktu tersebut.
https://visitingjogja.com/8180/museum-puro-pakualaman-menjelajahi-jejak-sejarah-kadipaten-puro-pakualaman/,"Museum Puro Pakualaman, Sejarah Kadipaten Puro Pakualaman","Seluruh koleksi dibagi dalam 3 bagian ruangan di bagian depan sebelah timur kompleks istana Puro Pakualaman. Melalui regol Wiwara Kusuma (berhiaskan lambang mahkota Praja Pakualaman dan tanaman lung lungan), dan pintu inilah yang menyambut pengunjung memasuki Museum Puro Pakualaman."
https://visitingjogja.com/8177/de-mata-trick-eye-museum/,De Mata Trick Eye Museum - Dinas Pariwisata Daerah Istimewa Yogyakarta,"Di De Mata Trick Eye Museum, pengunjung dapat merasakan sensasi tiga dimensi dengan berbagai pose dan latar belakang yang mengagumkan karena seperti nyata. Disebut terbesar di dunia karena di XT Square Yogyakarta terdapat 120 gambar tiga dimensi, sedangkan di luar negeri paling banyak hanya 70 gambar."
https://visitingjogja.com/8174/museum-pendidikan-indonesia-rekam-jejak-sejarah-perjuangan-pendidikan-di-indonesia/,"Museum Pendidikan Indonesia, Rekam Jejak Sejarah Perjuangan Pendidikan di Indonesia - Dinas Pariwisata Daerah Istimewa Yogyakarta",Museum Pendidikan Indonesia berdiri di gedung bekas Rektorat Pertama yang berada di area komplek UNY. Museum Pendidikan Indonesia merupakan yang pertama dan satu-satunya museum yang menyimpan dan mengoleksi barang-barang yang berhubungan dengan sejarah pendidikan di Indonesia.
https://visitingjogja.com/8171/museum-dharma-wiratama-pusat-sejarah-perjalanan-tni-ad/,"Museum Dharma Wiratama, Pusat Sejarah Perjalanan TNI AD",Perjalanan di Museum Dharma Wiratama atau TNI AD dimulai dari Ruang Pengantar yang terletak di bagian tengah depan. Di tempat ini terdapat dua ruangan yang dipergunakan Pangsar Jendral Soedirman dan Letjen Oerip Soemohardjo sebagai ruang kerja yang saling berhadapan.
https://visitingjogja.com/8168/museum-sasmita-loka/,Museum Sasmita Loka - Dinas Pariwisata Daerah Istimewa Yogyakarta,"Rumah besar menghadap ke barat dengan pilar-pilar gagah dengan pintu-pintu tinggi dan besar, itulah sekelumit gambaran kediaman rumah Pangsar Jendral Sudirman yang sekarang ini dijadikan Museum Sasmita Loka."
https://visitingjogja.com/8165/museum-perjuangan-yogyakarta/,Museum Perjuangan Yogyakarta - Dinas Pariwisata Daerah Istimewa Yogyakarta,"Sebagai bentuk apresiasi pemerintah untuk mengenang setengah abad Hari Kebangkitan Nasional, berdirilah Museum Perjuangan Yogyakarta. Pembangunan museum dimulai dengan peletakan batu pertama oleh Sri Paku Alam VIII pada tanggal 29 Juni 1961. Pembangunan museum ini selesai pada tahun 1963."
https://visitingjogja.com/8162/museum-keraton-yogyakarta/,Museum Keraton Yogyakarta - Dinas Pariwisata Daerah Istimewa Yogyakarta,"Banyaknya koleksi yang dimiliki oleh museum Keraton Yogyakarta, perlengkapan jumenengan atau penobatan raja paling banyak menarik perhatian pengunjung. Peralatan atau ubo rampe penobatan raja terdiri dari dalang, sawung, galing, hardawalika, kutuk, kandil, kacu mas, dan cepuri yang dibuat dari bahan kuningan sehingga"
https://visitingjogja.com/kuliner-wisata-jogja/page/4/,Wisata Kuliner Jogja oleh Dinas Pariwisata Daerah Istimewa Yogyakarta,"Dinas Pariwisata DIY menyediakan informasi seputar wisata kuliner Jogja, dari kuliner tradisional sampai kuliner manca yang ada di Yogyakarta."
https://visitingjogja.com/207/soto-kadipiro/,"Soto Kadipiro, Soto Istimewa dan Melegenda",Soto Kadipiro merupakan soto legenda yang sangat terkenal di Jogja. Bisa dibilang soto legenda jogja. Seperti apa rasanya? Simak ulasan berikut ini.
https://visitingjogja.com/196/bakmi-kadin/,"Bakmi Kadin, Bakmi Legenda dari Jogja",Bakmi Kadin merupakan salah satu bakmi jawa legenda di Jogja. Bakmi kadin bisa menjadi referensi kuliner bakmi jawa yang wajib anda coba.
https://visitingjogja.com/178/gudeg-bu-tjitro-1925/,Gudeg Bu Tjitro 1925 - Dinas Pariwisata Daerah Istimewa Yogyakarta,"Gudeg Bu Tjitro, Salah satu legenda gudeg di Yogyakarta. Rasa yang masih original membuat gudeg ini pantas untuk disebut legenda gudeg jogja."
https://visitingjogja.com/kuliner-wisata-jogja/page/12/,Wisata Kuliner Jogja oleh Dinas Pariwisata Daerah Istimewa Yogyakarta,"Dinas Pariwisata DIY menyediakan informasi seputar wisata kuliner Jogja, dari kuliner tradisional sampai kuliner manca yang ada di Yogyakarta."
https://visitingjogja.com/kuliner-wisata-jogja/page/11/,Wisata Kuliner Jogja oleh Dinas Pariwisata Daerah Istimewa Yogyakarta,"Dinas Pariwisata DIY menyediakan informasi seputar wisata kuliner Jogja, dari kuliner tradisional sampai kuliner manca yang ada di Yogyakarta."
https://visitingjogja.com/24362/burza-hotel-yogyakarta/,Burza Hotel Yogyakarta - Dinas Pariwisata Daerah Istimewa Yogyakarta,"Burza Hotel Yogyakarta,klasik dan modern, di jalan Jogokaryan , kapasitas 100 kamar, Poenokawan Restaurant,Chocolate Lounge, kolam renang"
