http://www.kemenparekraf.go.id/post/perpanjangan-kedua-masa-pendaftaran-dan-perubahan-jadwal-tahapan-seleksi-terbuka-pengisian-jabatan-pimpinan-tinggi-madya-kementerian-pariwisata-dan-ekonomi-kreatifbadan-pariwisata-dan-ekonomi-kreatif, Kementerian Pariwisata dan Ekonomi Kreatif RI | PERPANJANGAN KEDUA MASA PENDAFTARAN DAN PERUBAHAN JADWAL TAHAPAN SELEKSI TERBUKA PENGISIAN JABATAN PIMPINAN TINGGI MADYA KEMENTERIAN PARIWISATA DAN EKONOMI KREATIF/BADAN PARIWISATA DAN EKONOMI KREATIF ,Merujuk Pengumuman Ketua Panitia Seleksi Nomor 1.03/JPTMADYA/KBPEK/III/2020 dan memperhatikan situas
http://www.kemenparekraf.go.id/post/360-destinasi-indonesia-dan-online-museum, Kementerian Pariwisata dan Ekonomi Kreatif RI | 360 Destinasi Indonesia dan Online Museum ,"Hi&hellip;.udah bosen belum diem dirumah, gak bisa kemana-mana karena social distancing dan work fro"
http://www.kemenparekraf.go.id/post/open-call-gerakan-masker-kain, Kementerian Pariwisata dan Ekonomi Kreatif RI | Open Call Gerakan Masker Kain ,Kemenparekraf mengajak jenama/pelaku usaha kreatif subsektor fesyen untuk berpartisipasi mendukung #
http://www.kemenparekraf.go.id/post/perpanjangan-masa-pendaftaran-dan-perubahan-jadwal-tahapan-seleksi-terbuka-pengisian-jabatan-pimpinan-tinggi-madya-kementerian-pariwisata-dan-ekonomi-kreatifbadan-pariwisata-dan-ekonomi-kreatif, Kementerian Pariwisata dan Ekonomi Kreatif RI | PERPANJANGAN MASA PENDAFTARAN DAN PERUBAHAN JADWAL TAHAPAN SELEKSI TERBUKA PENGISIAN JABATAN PIMPINAN TINGGI MADYA KEMENTERIAN PARIWISATA DAN EKONOMI KREATIF/BADAN PARIWISATA DAN EKONOMI KREATIF ,"Merujuk Pengumuman Ketua Panitia Seleksi Nomor 1.01/JPTMADYA/KBPEK/III/2020 tanggal 13 Maret 2020, d"
http://www.kemenparekraf.go.id/post/laporan-akuntabilitas-kementerian-pariwisata-lakip-tahun-2018, Kementerian Pariwisata dan Ekonomi Kreatif RI | Laporan Akuntabilitas Kementerian Pariwisata (LAKIP) Tahun 2018 ,Laporan Kinerja Kementerian Pariwisata Tahun 2018 ini menjabarkan hasil kerja yang telah dilaksanaka
http://www.kemenparekraf.go.id/post/laporan-akuntabilitas-kementerian-pariwisata-lakip-tahun-2017, Kementerian Pariwisata dan Ekonomi Kreatif RI | Laporan Akuntabilitas Kementerian Pariwisata (LAKIP) Tahun 2017 ,&nbsp; Laporan Kinerja Kementerian Pariwisata Tahun 2017&nbsp;ini menjabarkan hasil kerja yang telah
http://www.kemenparekraf.go.id/post/laporan-akuntabilitas-kinerja-deputi-bidang-pengembangan-pemasaran-pariwisata-nusantara, Kementerian Pariwisata dan Ekonomi Kreatif RI | Laporan Akuntabilitas Kinerja Deputi Bidang Pengembangan Pemasaran Pariwisata Nusantara , &nbsp;LAK Deputi Bidang Pengembangan Pemasaran Pariwisata Nusantara Tahun 2016 
http://www.kemenparekraf.go.id/post/laporan-akuntabilitas-kinerja-deputi-bidang-pengembangan-destinasi-dan-industri-pariwisata-tahun-201, Kementerian Pariwisata dan Ekonomi Kreatif RI | Laporan Akuntabilitas Kinerja Deputi Bidang Pengembangan Destinasi Dan Industri Pariwisata Tahun 201 , &nbsp; Laporan Akuntabilitas Kinerja Deputi Bidang Pengembangan Destinasi dan Industri Pari
http://www.kemenparekraf.go.id/post/struktur-organisasi-kementerian-pariwisata-dan-ekonomi-kreatif-badan-pariwisata-dan-ekonomi-kreatif, Kementerian Pariwisata dan Ekonomi Kreatif RI | STRUKTUR ORGANISASI KEMENTERIAN PARIWISATA DAN EKONOMI KREATIF / BADAN PARIWISATA DAN EKONOMI KREATIF ,&nbsp; Struktur Organisasi Kementerian Pariwisata dan Ekonomi Kreatif / Badan Pariwisata dan 
http://www.kemenparekraf.go.id/post/ketua-sekolah-tinggi-pariwisata-dan-akademi-pariwisata, Kementerian Pariwisata dan Ekonomi Kreatif RI | Ketua Sekolah Tinggi Pariwisata dan Akademi Pariwisata ,Anda dapat menghubungi yang bersangkutan dengan menggunakan form kontak. atau mengirim email kepada 
http://www.kemenparekraf.go.id/post/peraturan-pemerintah-republik-indonesia-nomor-50-tahun-2011, Kementerian Pariwisata dan Ekonomi Kreatif RI | Peraturan Pemerintah Republik Indonesia Nomor 50 Tahun 2011 , Tentang : Rencana Induk Pembangunan 
http://www.kemenparekraf.go.id/post/rencana-strategis-2018-2019-kementerian-pariwisata, Kementerian Pariwisata dan Ekonomi Kreatif RI | RENCANA STRATEGIS 2018-2019 KEMENTERIAN PARIWISATA ,"Dalam rangka mencapai visi dan sasaran strategis tahun 2019 yang diukur melalui kontribusi PDB, targ"
http://www.kemenparekraf.go.id/post/rencana-strategis-pengembangan-destinasi-dan-industri-pariwisata-tahun-2015-2019, Kementerian Pariwisata dan Ekonomi Kreatif RI | RENCANA STRATEGIS PENGEMBANGAN DESTINASI DAN INDUSTRI PARIWISATA TAHUN 2015 - 2019 ,Dalam rangka perwujudan amanat Peraturan Presiden RI no 2 Tahun 2015 tentang Rencana Pembangunan Jan
http://www.kemenparekraf.go.id/post/rencana-strategis-sekretariat-kementerian-pariwisata-2015-2019, Kementerian Pariwisata dan Ekonomi Kreatif RI | RENCANA STRATEGIS SEKRETARIAT KEMENTERIAN PARIWISATA 2015 - 2019 ,1.1 Kondisi Umum 1.1.1 Kondisi Kepariwisataan Tahun 2014 dan Target 2019 &nbsp;&nbsp;&nbsp;&nbsp;&
http://www.kemenparekraf.go.id/post/rencana-strategis-2015-2019-kementerian-pariwisata, Kementerian Pariwisata dan Ekonomi Kreatif RI | RENCANA STRATEGIS 2015 - 2019 KEMENTERIAN PARIWISATA ,Rencana Strategis Kementerian Pariwisata Tahun 2015 &ndash; 2019 ini disusun mengacu pada usulan Ren
http://www.kemenparekraf.go.id/post/rencana-strategis-2012-2014-kementerian-pariwisata-dan-ekonomi-kreatif, Kementerian Pariwisata dan Ekonomi Kreatif RI | Rencana Strategis 2012 - 2014 Kementerian Pariwisata dan Ekonomi Kreatif ,Kementerian Pariwisata dan Ekonomi Kreatif secara resmi telah terbentuk pada tanggal 21 Desember 201
http://www.kemenparekraf.go.id/post/rencana-strategis-kementerian-kebudayaan-dan-pariwisata-2010-2014, Kementerian Pariwisata dan Ekonomi Kreatif RI | Rencana Strategis Kementerian Kebudayaan dan Pariwisata 2010-2014 ,Dalam rangka perwujudan amanat Peraturan Presiden RI no 5 Tahun 2010 tentang Rencana Pembangunan Jan
http://www.kemenparekraf.go.id/post/peraturan-pemerintah-republik-indonesia-nomor-41-tahun-2018, Kementerian Pariwisata dan Ekonomi Kreatif RI | Peraturan Pemerintah Republik Indonesia Nomor 41 Tahun 2018 ,&nbsp; Tentang : Jenis dan Tarif atas Jenis Penerimaan Negara 
http://www.kemenparekraf.go.id/post/peraturan-pemerintah-republik-indonesia-nomor-9-tahun-2015, Kementerian Pariwisata dan Ekonomi Kreatif RI | PERATURAN PEMERINTAH REPUBLIK INDONESIA NOMOR 9 TAHUN 2015 , Tentang : JENIS DAN TARIF ATAS JENIS PENERIMAAN N
http://www.kemenparekraf.go.id/post/peraturan-pemerintah-republik-indonesia-nomor-52-tahun-2012, Kementerian Pariwisata dan Ekonomi Kreatif RI | Peraturan Pemerintah Republik Indonesia Nomor 52 Tahun 2012 , Tentang : Sertifikasi Kompetensi Dan Sertifikas
http://www.kemenparekraf.go.id/post/peraturan-pemerintah-no-2-tahun-2005, Kementerian Pariwisata dan Ekonomi Kreatif RI | Peraturan Pemerintah No. 2 Tahun 2005 , Tentang : Konsultan Hak Kekayaan Intelektual 
http://www.kemenparekraf.go.id/post/peraturan-presiden-republik-indonesia-nomor-40-tahun-2017, Kementerian Pariwisata dan Ekonomi Kreatif RI | Peraturan Presiden Republik Indonesia Nomor 40 Tahun 2017 ,&nbsp; Tentang : Tentang Perubahan Atas Peraturan
http://www.kemenparekraf.go.id/post/peraturan-presiden-republik-indonesia-nomor-49-tahun-2016, Kementerian Pariwisata dan Ekonomi Kreatif RI | Peraturan Presiden Republik Indonesia Nomor 49 Tahun 2016 ,&nbsp; Tentang : Badan Otorita Pengelola Kawasan 
http://www.kemenparekraf.go.id/post/peraturan-presiden-nomor-143-tahun-2015, Kementerian Pariwisata dan Ekonomi Kreatif RI | Peraturan Presiden Nomor 143 Tahun 2015 , Tentang : Tunjangan Kinerja Pegawai Di Lingkungan
http://www.kemenparekraf.go.id/post/peraturan-presiden-republik-indonesia-nomor-69-tahun-2015, Kementerian Pariwisata dan Ekonomi Kreatif RI | Peraturan Presiden Republik Indonesia Nomor 69 Tahun 2015 , Tentang : Bebas Visa Kunjungan 
http://www.kemenparekraf.go.id/post/peraturan-presiden-republik-indonesia-no7-tahun-2015, Kementerian Pariwisata dan Ekonomi Kreatif RI | Peraturan Presiden Republik Indonesia No.7 Tahun 2015 , Tentang : ORGANISASI KEMENTERIAN NEGARA 
http://www.kemenparekraf.go.id/post/peraturan-presiden-republik-indonesia-no19-tahun-2015, Kementerian Pariwisata dan Ekonomi Kreatif RI | Peraturan Presiden Republik Indonesia No.19 Tahun 2015 , Tentang : KEMENTERIAN PARIWISATA 
http://www.kemenparekraf.go.id/post/keputusan-presiden-republik-indonesia-nomor-3-tahun-2015, Kementerian Pariwisata dan Ekonomi Kreatif RI | KEPUTUSAN PRESIDEN REPUBLIK INDONESIA NOMOR 3 TAHUN 2015 , Tentang : PANITIA NASIONAL PENYELENGGARA KONFERENSI TINGKAT TINGGI ASIA&ndash;AF
http://www.kemenparekraf.go.id/post/keputusan-presiden-republik-indonesia-nomor-32-tahun-2014, Kementerian Pariwisata dan Ekonomi Kreatif RI | Keputusan Presiden Republik Indonesia Nomor 32 Tahun 2014 , Tentang : Pengukuhan Badan Perfilman Indonesia 
http://www.kemenparekraf.go.id/post/keputusan-presiden-republik-indonesia-nomor-22-tahun-2011, Kementerian Pariwisata dan Ekonomi Kreatif RI | Keputusan Presiden Republik Indonesia Nomor 22 Tahun 2011 , Tentang : Badan Promosi Pariwisata Indonesia 
http://www.kemenparekraf.go.id/post/keputusan-presiden-republik-indonesia-nomor-33-tahun-2009, Kementerian Pariwisata dan Ekonomi Kreatif RI | Keputusan Presiden Republik Indonesia Nomor 33 Tahun 2009 , Tentang : Hari Batik Nasional 
http://www.kemenparekraf.go.id/post/intruksi-presiden-nomor-6-tahun-2018, Kementerian Pariwisata dan Ekonomi Kreatif RI | Intruksi Presiden Nomor 6 Tahun 2018 ,&nbsp; Tentang : Rencana Aksi Nasional Pencegahan dan Pemberan
http://www.kemenparekraf.go.id/post/instruksi-presiden-republik-indonesia-nomor-6-tahun-2009, Kementerian Pariwisata dan Ekonomi Kreatif RI | Instruksi Presiden Republik Indonesia Nomor 6 Tahun 2009 , Tentang : Pengembangan Ekonomi Kreatif 
http://www.kemenparekraf.go.id/post/instruksi-presiden-republik-indonesia-nomor-16-tahun-2005, Kementerian Pariwisata dan Ekonomi Kreatif RI | Instruksi Presiden Republik Indonesia Nomor 16 Tahun 2005 , Tentang : Kebijakan Pembangunan Kebudayaan dan P
http://www.kemenparekraf.go.id/post/standar-kompetensi-kerja-nasional-indonesia-skkni-bidang-pariwisata, Kementerian Pariwisata dan Ekonomi Kreatif RI | Standar Kompetensi Kerja Nasional Indonesia (SKKNI) Bidang Pariwisata ,Standar Kompetensi Kerja Nasional Indonesia (SKKNI) Bidang Pariwisata 
http://www.kemenparekraf.go.id/post/peraturan-menteri-pariwisata-dan-ekonomi-kreatif-no-53-tahun-2013, Kementerian Pariwisata dan Ekonomi Kreatif RI | Peraturan Menteri Pariwisata dan Ekonomi Kreatif No. 53 Tahun 2013 , Tentang : Standar Usaha Hotel 
http://www.kemenparekraf.go.id/post/peraturan-menteri-pariwisata-dan-ekonomi-kreatif-nomor-11-tahun-2014, Kementerian Pariwisata dan Ekonomi Kreatif RI | Peraturan Menteri Pariwisata dan Ekonomi Kreatif Nomor 11 Tahun 2014 , Tentang : Standar Usaha Restoran 
http://www.kemenparekraf.go.id/post/keputusan-menteri-pariwisata-nomor-km37ot007mp2018, Kementerian Pariwisata dan Ekonomi Kreatif RI | Keputusan Menteri Pariwisata Nomor KM.37/OT.007/MP/2018 ,&nbsp; Tentang : PENETAPAN BANYUWANGI SEBAGAI KOT
http://www.kemenparekraf.go.id/post/keputusan-menteri-pariwisata-nomor-km40ot001mp2018, Kementerian Pariwisata dan Ekonomi Kreatif RI | Keputusan Menteri Pariwisata Nomor KM.40/OT.001/MP/2018 ,&nbsp; Tentang : LOGO TOURISM INDONESIA DAN LOGO 
http://www.kemenparekraf.go.id/post/keputusan-menteri-pariwisata-nomor-km17ot001mp2018, Kementerian Pariwisata dan Ekonomi Kreatif RI | Keputusan Menteri Pariwisata Nomor KM.17/OT.001/MP/2018 ,&nbsp; Tentang : TIM PELAKSANA HARIAN PADA TIM KOORDINASI STRATEGIS LINTAS SE
http://www.kemenparekraf.go.id/post/keputusan-menteri-pariwisata-nomor-km18ot001mp2018, Kementerian Pariwisata dan Ekonomi Kreatif RI | Keputusan Menteri Pariwisata Nomor KM.18/OT.001/MP/2018 ,&nbsp; Tentang : PERUBAHAN KETIGA ATAS KEPUTUSAN 
http://www.kemenparekraf.go.id/post/keputusan-menteri-pariwisata-nomor-km13ot001mp2018, Kementerian Pariwisata dan Ekonomi Kreatif RI | Keputusan Menteri Pariwisata Nomor KM.13/OT.001/MP/2018 ,&nbsp; Tentang : TIM PELAKSANAAN CALENDER OF EVEN
http://www.kemenparekraf.go.id/post/keputusan-menteri-pariwisata-nomor-km101ku101mp2017, Kementerian Pariwisata dan Ekonomi Kreatif RI | Keputusan Menteri Pariwisata Nomor KM.101/KU.101/MP/2017 ,&nbsp; Tentang : KEGIATAN YANG DILAKSANAKAN MELALUI DEKONSENTRASI PADA KEMENT
http://www.kemenparekraf.go.id/post/keputusan-menteri-pariwisata-nomor-km70um001mp2016, Kementerian Pariwisata dan Ekonomi Kreatif RI | Keputusan Menteri Pariwisata Nomor KM.70/UM.001/MP/2016 ,&nbsp; Tentang : PENETAPAN OBYEK VITAL NASIONAL D
http://www.kemenparekraf.go.id/post/keputusan-menteri-pariwisata-nomor-km38um001mp2017, Kementerian Pariwisata dan Ekonomi Kreatif RI | Keputusan Menteri Pariwisata Nomor KM.38/UM.001/MP/2017 ,&nbsp; Tentang : LOGO BRANDING 10(SEPULUH) DESTIN
http://www.kemenparekraf.go.id/post/nota-kesepahaman-antara-kementerian-pariwisata-dengan-dewan-masjid-indonesia, Kementerian Pariwisata dan Ekonomi Kreatif RI | Nota Kesepahaman Antara Kementerian Pariwisata Dengan Dewan Masjid Indonesia ,Tentang Pengembangan Pariwisata Religi Berbasis Masjid di Indonesia Nomor : NK.115/KS.001/SESMEN/KE
http://www.kemenparekraf.go.id/post/perjanjian-kerja-sama-antara-kementerian-pariwisata-dan-universitas-gadjah-mada, Kementerian Pariwisata dan Ekonomi Kreatif RI | Perjanjian Kerja Sama Antara Kementerian Pariwisata Dan Universitas Gadjah Mada ,http://www.kemenparekraf.go.id/asset_admin/assets/uploads/media/pdf/media_1550214137_PKS_ANTARA_UGM_
http://www.kemenparekraf.go.id/post/nota-kesepahaman-antara-kementerian-pariwisata-dengan-kementerian-ketenagakerjaan, Kementerian Pariwisata dan Ekonomi Kreatif RI | Nota Kesepahaman Antara Kementerian Pariwisata Dengan Kementerian Ketenagakerjaan ,Tentang Sinergitas Penyelenggaraan Program Desa Migran Produktif Melalui Kepariwisataan Nomor : 10/N
http://www.kemenparekraf.go.id/post/perjanjian-kerja-sama-antara-kementerian-pariwisata-dengan-gipi, Kementerian Pariwisata dan Ekonomi Kreatif RI | Perjanjian Kerja Sama Antara Kementerian Pariwisata Dengan GIPI ,Tentang Pengembangan Kepariwisataan Indonesia Nomor : NK.68/KS.001/SESMEN/KEMPAR/2017 Nomor : 006/MO
http://www.kemenparekraf.go.id/post/memorandum-of-understanding-between-ministry-tourism-of-the-republic-of-indonesia-and-jetstar-group, Kementerian Pariwisata dan Ekonomi Kreatif RI | Memorandum Of Understanding Between Ministry Tourism Of The Republic Of Indonesia And Jetstar Group ,On Cooperation To Increase Number Of International Visitors To Indonesia Dokumen : 1. MoU ANTARA KEM
http://www.kemenparekraf.go.id/post/nota-kesepahaman-antara-deputi-bidang-pengembangan-destinasi-dan-industri-pariwisata-dengan-direktur, Kementerian Pariwisata dan Ekonomi Kreatif RI | Nota Kesepahaman Antara Deputi Bidang Pengembangan Destinasi Dan Industri Pariwisata Dengan Direktur ,"Tentang Pengembangan Destinasi Meeting, Incentive, Convention, Exhibition (MICE) Nomor : NK.85/KS.00"
http://www.kemenparekraf.go.id/post/perjanjian-kerja-sama-antara-deputi-bidang-pengembangan-destinasi-dan-industri-pariwisata-dengan-dir, Kementerian Pariwisata dan Ekonomi Kreatif RI | Perjanjian Kerja Sama Antara Deputi Bidang Pengembangan Destinasi Dan Industri Pariwisata Dengan Dir ,Tentang Pengembangan Desa Wisata Melalui Pembangunan Dan Pemberdayaan Masyarakat Desa Nomor : PK.87/
http://www.kemenparekraf.go.id/post/penggabungan-petunjuk-teknis-dan-ralat-petunjuk-teknis-tata-cara-pendaftaran-usaha-pariwisata, Kementerian Pariwisata dan Ekonomi Kreatif RI | Penggabungan Petunjuk Teknis Dan Ralat Petunjuk Teknis Tata Cara Pendaftaran Usaha Pariwisata , Tentang : Penggabungan Petunjuk Teknis Dan Ralat 
http://www.kemenparekraf.go.id/post/pedoman-kelompok-sadar-wisata-dan-petunjuk-penyelenggaraan-saka-pramuka-pariwisata, Kementerian Pariwisata dan Ekonomi Kreatif RI | Pedoman Kelompok Sadar Wisata dan Petunjuk Penyelenggaraan Saka Pramuka Pariwisata ,"Berkenaan dengan diseminasi program Sadar Wisata dan Sapta Pesona, berikut materi terkait : 1. Pedom"
http://www.kemenparekraf.go.id/post/kode-etik-kepariwisataan-dunia, Kementerian Pariwisata dan Ekonomi Kreatif RI | Kode Etik Kepariwisataan Dunia ,"Kami para anggota Organisasi Kepariwisataan Dunia (World Tourism Organization), perwakilan industri"
http://www.kemenparekraf.go.id/post/panduan-dan-pedoman-pelaksanaan-green-hotel-di-indonesia, Kementerian Pariwisata dan Ekonomi Kreatif RI | Panduan dan Pedoman Pelaksanaan Green Hotel di Indonesia ,Industri pariwisata di Indonesia mengalami peningkatan yang signifikan. Didukung oleh stabilitas eko
http://www.kemenparekraf.go.id/post/rencana-kerja-kementerian-pariwisata-tahun-anggaran-2019, Kementerian Pariwisata dan Ekonomi Kreatif RI | Rencana Kerja Kementerian Pariwisata Tahun Anggaran 2019 ,Rencana Kerja Kementerian Pariwisata Tahun Anggaran 2019 
http://www.kemenparekraf.go.id/post/rencana-kerja-kementerian-pariwisata-tahun-anggaran-2018, Kementerian Pariwisata dan Ekonomi Kreatif RI | Rencana Kerja Kementerian Pariwisata Tahun Anggaran 2018 ,Rencana Kerja Kementerian Pariwisata Tahun Anggaran 2018
http://www.kemenparekraf.go.id/post/rencana-kerja-kementerian-pariwisata-tahun-anggaran-2017, Kementerian Pariwisata dan Ekonomi Kreatif RI | Rencana Kerja Kementerian Pariwisata Tahun Anggaran 2017 ,Recana Kerja Kementerian Pariwisata Tahun Anggaran 2017 Download file 
http://www.kemenparekraf.go.id/post/rencana-kerja-kementerian-pariwisata-tahun-anggaran-2016, Kementerian Pariwisata dan Ekonomi Kreatif RI | Rencana Kerja Kementerian Pariwisata Tahun Anggaran 2016 ,Recana Kerja Kementerian Pariwisata Tahun Anggaran 2016 &nbsp; Download file 
http://www.kemenparekraf.go.id/post/penetapan-kinerja-kementerian-pariwisata-dan-ekonomi-kreatif-tahun-2014, Kementerian Pariwisata dan Ekonomi Kreatif RI | Penetapan Kinerja Kementerian Pariwisata dan Ekonomi Kreatif Tahun 2014 ,"Dalam rangka mewujudkan good governance sekaligus result oriented governance, perlu adanya suatu si"
http://www.kemenparekraf.go.id/post/laporan-keuangan-kementerian-pariwisata-2018, Kementerian Pariwisata dan Ekonomi Kreatif RI | Laporan Keuangan Kementerian Pariwisata 2018 ,Laporan Keuangan Kementerian Pariwisata 2018 
http://www.kemenparekraf.go.id/post/laporan-keuangan-kementerian-pariwisata-2017, Kementerian Pariwisata dan Ekonomi Kreatif RI | Laporan Keuangan Kementerian Pariwisata 2017 ,Laporan Keuangan Kementerian Pariwisata 2017 
http://www.kemenparekraf.go.id/post/siaran-pers-ketika-semangat-melawan-corona-dijalani-bersama, Kementerian Pariwisata dan Ekonomi Kreatif RI | Siaran Pers : Ketika Semangat Melawan Corona Dijalani Bersama ,SIARAN PERS KEMENTERIAN PARIWISATA DAN EKONOMI KREATIF/BADAN PARIWISATA DAN EKONOMI KREATIF Keti
http://www.kemenparekraf.go.id/post/siaran-pers-kemenparekraf-ajak-pemda-aktif-selamatkan-industri-parekraf-dari-dampak-covid-19, Kementerian Pariwisata dan Ekonomi Kreatif RI | Siaran Pers : Kemenparekraf Ajak Pemda Aktif Selamatkan Industri Parekraf dari Dampak COVID-19 ,SIARAN PERS KEMENTERIAN PARIWISATA DAN EKONOMI KREATIF/BADAN PARIWISATA DAN EKONOMI KREATIF Keme
http://www.kemenparekraf.go.id/post/seminar-budaya-keris-sebagai-warisan-budaya-tak-benda-indonesia, Kementerian Pariwisata dan Ekonomi Kreatif RI | Seminar Budaya: Keris Sebagai Warisan Budaya Tak Benda Indonesia ,Keris Indonesia telah diakui sebagai warisan budaya tak benda dunia (Masterpiece of the Oral and Int
http://www.kemenparekraf.go.id/post/kementerian-pariwisata-dan-ekonomi-kreatif-menyelenggarakan-perayaan-natal-bersama, Kementerian Pariwisata dan Ekonomi Kreatif RI | Kementerian Pariwisata dan Ekonomi Kreatif Menyelenggarakan Perayaan Natal Bersama , Menteri Pariwisata dan Ekonomi Kreatif (Menparekraf) Mari Elka Pangestu merayakan malam natal bersa
http://www.kemenparekraf.go.id/post/news-lomba-anugerah-pewarta-wisata-indonesia-apwi-2019, Kementerian Pariwisata dan Ekonomi Kreatif RI | News : Lomba Anugerah Pewarta Wisata Indonesia (APWI) 2019 ,"Hai, #SobatWisata ! Biro Komunikasi Publik Kementerian Pariwisata akan kembali mengadakan Anugerah P"
http://www.kemenparekraf.go.id/post/siaran-pers-pariwisata-diproyeksikan-jadi-penyumbang-devisa-terbesar-lima-tahun-ke-depan, Kementerian Pariwisata dan Ekonomi Kreatif RI | Siaran Pers : Pariwisata Diproyeksikan Jadi Penyumbang Devisa Terbesar Lima Tahun ke Depan ,SIARAN PERS KEMENTERIAN PARIWISATA Pariwisata Diproyeksikan Jadi Penyumbang Devisa Terbesar Lima
http://www.kemenparekraf.go.id/post/kunci-pengembangan-pariwisata-ada-di-pemerintah-daerah, Kementerian Pariwisata dan Ekonomi Kreatif RI | Kunci Pengembangan Pariwisata Ada di Pemerintah Daerah ,"Sektor pariwisata berperan penting dalam meningkatkan pertumbuhan ekonomi, menciptakan lapangan kerj"
http://www.kemenparekraf.go.id/post/peta-penutupan-destinasi-wisata-per-provinsi, Kementerian Pariwisata dan Ekonomi Kreatif RI | Peta Penutupan Destinasi Wisata Per Provinsi ,Peta Penutupan Destinasi Wisata Per Provinsi DOWNLOAD 
http://www.kemenparekraf.go.id/post/kebijakan-tambahan-pemerintah-indonesia-terkait-perlintasan-orang-dari-dan-ke-indonesia-terkait-covid-19, Kementerian Pariwisata dan Ekonomi Kreatif RI | Kebijakan Tambahan Pemerintah Indonesia Terkait Perlintasan Orang dari dan ke Indonesia Terkait COVID-19 ,"Dalam Pernyataan Pers 17/03/2020, Kementerian Luar Negeri Republik Indonesia menyatakan bahwa pemeri"
http://www.kemenparekraf.go.id/post/pengumuman-seleksi-cpns-kementerian-pariwisata-tahun-2018, Kementerian Pariwisata dan Ekonomi Kreatif RI | Pengumuman Seleksi CPNS Kementerian Pariwisata Tahun 2018 ,Dalam rangka mengisi lowongan formasi Pegawai Negeri Sipil sesuai dengan Keputusan Menteri Pendayagu
http://www.kemenparekraf.go.id/post/penundaan-pelaksanaan-pengadaan-cpns, Kementerian Pariwisata dan Ekonomi Kreatif RI | PENUNDAAN PELAKSANAAN PENGADAAN CPNS ,PENUNDAAN PELAKSANAAN PENGADAAN CPNS KEMENTERIAN PARIWISATA DAN EKONOMI KREATIF/ BADAN PARIWISATA 
http://www.kemenparekraf.go.id/post/indonesia-sustainable-tourism-award-ista-2019, Kementerian Pariwisata dan Ekonomi Kreatif RI | Indonesia Sustainable Tourism Award (ISTA) 2019 ,Indonesia Sustainable Tourism Award (ISTA) 2019 telah dibuka! Indonesia Sustainable Tourism Award
http://www.kemenparekraf.go.id/post/pengumuman-nama-nama-peserta-seleksi-cpns-yang-telah-memenuhi-syarat-untuk-mengikuti-seleksi-tes-kom, Kementerian Pariwisata dan Ekonomi Kreatif RI | Pengumuman nama-nama peserta seleksi CPNS yang telah memenuhi syarat untuk mengikuti seleksi Tes Kom ,&nbsp;Pengumuman&nbsp;Nomor : KP.201/1/7/RO.2/KPEK/2013 Memperhatikan surat keputusan Sekjen No
http://www.kemenparekraf.go.id/post/sistem-pengadaan-barangjasa-secara-elektronik-spse, Kementerian Pariwisata dan Ekonomi Kreatif RI | Sistem Pengadaan Barang/Jasa Secara Elektronik (SPSE) ,&nbsp;Pengadaan Barang dan Jasa Secara Elektronik dapat diakses melalui URL lpse.kemenpar.go.id
http://www.kemenparekraf.go.id/post/pengumuman-pelelangan-umum-pengadaan-barangjasa-direktorat-promosi-pariwisata-luar-negeri-kementeri, Kementerian Pariwisata dan Ekonomi Kreatif RI | Pengumuman Pelelangan Umum Pengadaan Barang/Jasa Direktorat Promosi Pariwisata Luar Negeri Kementeri ,Panitia Pelelangan Umum Pengadaan Barang/Jasa Direktorat Promosi Pariwisata Luar Negeri Kementeria
http://www.kemenparekraf.go.id/post/pengumuman-pelelangan-panitia-pengadaan-barangjasa-untuk-pekerjaan-festival-indonesia-di-jepang-dan, Kementerian Pariwisata dan Ekonomi Kreatif RI | Pengumuman Pelelangan Panitia Pengadaan Barang/Jasa untuk Pekerjaan Festival Indonesia di Jepang dan ,"Panitia Pelelangan Umum Pengadaan Barang/Jasa APBN-P Direktorat Jenderal Pemasaran Pariwisata, Kemen"
http://www.kemenparekraf.go.id/post/pengumuman-pelelangan-panitia-pengadaan-barangjasa-untuk-pekerjaan-penyusunan-jaringan-dokumentasi-, Kementerian Pariwisata dan Ekonomi Kreatif RI | Pengumuman Pelelangan Panitia Pengadaan Barang/Jasa untuk Pekerjaan PENYUSUNAN JARINGAN DOKUMENTASI ,"Panitia Pelelangan Sederhana Direktorat Jenderal Ekonomi Kreatif Berbasis Seni dan Budaya, pada Keme"
http://www.kemenparekraf.go.id/post/pengumuman-pelelangan-panitia-pengadaan-barangjasa-untuk-pekerjaan-pengadaan-jasa-penyelenggaraan-p, Kementerian Pariwisata dan Ekonomi Kreatif RI | Pengumuman Pelelangan Panitia Pengadaan Barang/Jasa untuk Pekerjaan Pengadaan Jasa Penyelenggaraan P ,Panitia Pelelangan Sederhana Kegiatan Dukungan Kerjasama Lintas Sektor Dadlam Perencanaan Pengembang
http://www.kemenparekraf.go.id/post/pengumuman-pelelangan-panitia-pengadaan-barangjasa-untuk-pekerjaan-festival-seni-priangan-timur-dal, Kementerian Pariwisata dan Ekonomi Kreatif RI | Pengumuman Pelelangan Panitia Pengadaan Barang/Jasa untuk Pekerjaan FESTIVAL SENI PRIANGAN TIMUR DAL ," Panitia Pelelangan Sederhana Direktorat Jenderal Ekonomi Kreatif berbasis Seni dan Budaya,&nbsp;&nb"
http://www.kemenparekraf.go.id/post/pengumuman-pelelangan-sederhana-pengadaan-barangjasa-di-lingkungan-direktorat-jenderal-pemasaran-pa, Kementerian Pariwisata dan Ekonomi Kreatif RI | Pengumuman Pelelangan Sederhana Pengadaan Barang/Jasa di lingkungan Direktorat Jenderal Pemasaran Pa ,"Panitia Pengadaan Barang/Jasa TA. 2012 di lingkungan Direktorat Jenderal Pemasaran Pariwisata, Keme"
http://www.kemenparekraf.go.id/post/pengumuman-penetapan-peringkat-teknis-pelelangan-prakualifikasi-pusdiklat-pegawai-sekreatariat-jende, Kementerian Pariwisata dan Ekonomi Kreatif RI | Pengumuman Penetapan Peringkat Teknis Pelelangan Prakualifikasi Pusdiklat Pegawai Sekreatariat Jende ,Berdasarkan SK&nbsp;Pejabat Pembuat Komitmen Pusdiklat Pegawai Nomor 01/SK-PPT/Pusdiklat-Peg/III/20
http://www.kemenparekraf.go.id/post/rencana-umum-pengadaan-kementerian-pariwisata, Kementerian Pariwisata dan Ekonomi Kreatif RI | Rencana Umum Pengadaan Kementerian Pariwisata ,Rencana Umum Pengadaan Kementerian Pariwisata Tahun Anggaran 2018 dapat di akses melalui sirup.lkpp.
http://www.kemenparekraf.go.id/post/rencana-umum-pengadaan-kementerian-pariwisata-dan-ekonomi-kreatif-tahun-anggaran-2013, Kementerian Pariwisata dan Ekonomi Kreatif RI | Rencana Umum Pengadaan Kementerian Pariwisata dan Ekonomi Kreatif Tahun Anggaran 2013 ,&nbsp;Unduh RUP Kementerian Pariwisata dan Ekonomi Kreatif
http://www.kemenparekraf.go.id/post/rencana-umum-pengadaan-kementerian-pariwiasata-dan-ekonomi-kreatif-tahun-anggaran-2012, Kementerian Pariwisata dan Ekonomi Kreatif RI | Rencana Umum Pengadaan Kementerian Pariwiasata dan Ekonomi Kreatif Tahun Anggaran 2012 ,&nbsp; &nbsp; 1. Rencana Umum Pengadaan Pusat Data dan Informasi 2. Rencana Umum Pengadaan Pusdiklat
http://www.kemenparekraf.go.id/post/pidato-kenegaraan-presiden-pidato-nota-keuangan," Kementerian Pariwisata dan Ekonomi Kreatif RI | Pidato Kenegaraan Presiden "" Pidato Nota Keuangan "" ", PIDATO PRESIDEN REPUBLIK INDONESIA PADA PENYAMPAIAN KETERANGAN PEMERINTAH ATAS RANCANGAN 
http://www.kemenparekraf.go.id/post/pidato-kenegaraan-presiden-pidato-kenegaraan," Kementerian Pariwisata dan Ekonomi Kreatif RI | Pidato Kenegaraan Presiden "" Pidato Kenegaraan "" ",PIDATO KENEGARAAN PRESIDEN REPUBLIK INDONESIA DALAM RANGKA HUT KE-74 PROKLAMASI KEMERDEKAAN REPUBLI
http://www.kemenparekraf.go.id/post/pidato-kenegaraan-presiden-pidato-sidang-tahunan," Kementerian Pariwisata dan Ekonomi Kreatif RI | Pidato Kenegaraan Presiden "" Pidato Sidang Tahunan "" ", PIDATO PRESIDEN REPUBLIK INDONESIA DI DEPAN SIDANG TAHUNAN MAJELIS PERMUSYAWARATAN RAKYAT REP
http://www.kemenparekraf.go.id/post/sambutan-menteri-pariwisata-ri-pada-peringatan-world-tourism-day-dan-hari-kepariwisataan-nasional, Kementerian Pariwisata dan Ekonomi Kreatif RI | Sambutan Menteri Pariwisata R.I. Pada Peringatan World Tourism Day dan Hari Kepariwisataan Nasional ,&nbsp;Assalamualaikum.Wr.Wb. Salam sejahtera bagi kita semua Om suasti astu. &nbsp; &nbs
http://www.kemenparekraf.go.id/post/sambutan-menteri-pariwisata-pada-upacara-peringatan-kemerdekaan-ri-ke-70, Kementerian Pariwisata dan Ekonomi Kreatif RI | Sambutan Menteri Pariwisata Pada Upacara Peringatan Kemerdekaan RI ke-70 ,Assalamu&rsquo;alaikum Wr. Wb. Salam sejahtera bagi kita semua. &nbsp; Saudara-saudara seka
http://www.kemenparekraf.go.id/post/sambutan-menparekraf-pada-upacara-peringatan-kemerdekaan-ri-ke-69, Kementerian Pariwisata dan Ekonomi Kreatif RI | Sambutan Menparekraf Pada Upacara Peringatan Kemerdekaan RI Ke 69 ,Tema Peringatan Hari Ulang Tahun Kemerdekaan Ke-69 Republik Indonesia adalah &ldquo;Dengan Semangat 
http://www.kemenparekraf.go.id/post/pidato-menparekraf-pada-the-3rd-women-and-the-economy-forum-wef, Kementerian Pariwisata dan Ekonomi Kreatif RI | Pidato Menparekraf Pada The 3rd Women and The Economy Forum (WEF) ,"&nbsp;H.E. Linda Amalia Sari Gumelar, Minister of Women Empowerment and Children Protection of Indon"
http://www.kemenparekraf.go.id/post/sambutan-menparekraf-pada-acara-mou-kemenparekraf-dengan-kwartir-nasional-gerakan-pramuka, Kementerian Pariwisata dan Ekonomi Kreatif RI | Sambutan Menparekraf Pada Acara MOU Kemenparekraf dengan Kwartir Nasional Gerakan Pramuka ,"Kak Andi, Kakak Azrul Azwar Ketua Kwartir Nasional Gerakan Pramuka, dan tentu Kakak-kakak yang lain"
http://www.kemenparekraf.go.id/post/statistik-profil-wisatawan-nusantara-2017, Kementerian Pariwisata dan Ekonomi Kreatif RI | Statistik Profil Wisatawan Nusantara 2017 ,download file Statistik Profil Wisatawan Nusantara 2017 
http://www.kemenparekraf.go.id/post/data-kunjungan-wisatawan-mancanegara-bulanan-tahun-2020, Kementerian Pariwisata dan Ekonomi Kreatif RI | Data Kunjungan Wisatawan Mancanegara Bulanan Tahun 2020 ,Kunjungan wisman ke Indonesia melalui seluruh pintu masuk bulan Februari 2020 &nbsp;berjumlah 885.06
http://www.kemenparekraf.go.id/post/data-kunjungan-wisatawan-mancanegara-bulanan-tahun-2019, Kementerian Pariwisata dan Ekonomi Kreatif RI | Data Kunjungan Wisatawan Mancanegara Bulanan Tahun 2019 ,Kunjungan wisman ke Indonesia melalui seluruh pintu masuk bulan Desember 2019 berjumlah 1.377.067 ku
http://www.kemenparekraf.go.id/post/data-kunjungan-wisatawan-mancanegara-bulanan-tahun-2018, Kementerian Pariwisata dan Ekonomi Kreatif RI | Data Kunjungan Wisatawan Mancanegara Bulanan Tahun 2018 , Data Kunjungan Wisatawan Mancanegara Bulan Januari Tahun 2018&nbsp; (Angka Revisi) Data Kunjung
http://www.kemenparekraf.go.id/post/data-kunjungan-wisatawan-mancanegara-bulanan-tahun-2017, Kementerian Pariwisata dan Ekonomi Kreatif RI | Data Kunjungan Wisatawan Mancanegara Bulanan Tahun 2017 , Data Kunjungan Wisatawan Mancanegara Bulan Januari Tahun 2017 (Angka Revisi) Data Kunjungan Wis
http://www.kemenparekraf.go.id/post/data-kunjungan-wisatawan-mancanegara-bulanan-tahun-2016, Kementerian Pariwisata dan Ekonomi Kreatif RI | Data Kunjungan Wisatawan Mancanegara Bulanan Tahun 2016 , Data Kunjungan Wisatawan Mancanegara Bulan Januari Tahun 2016 Data Kunjungan Wisatawan Mancaneg
http://www.kemenparekraf.go.id/post/data-kunjungan-wisatawan-mancanegara-tahun-2015, Kementerian Pariwisata dan Ekonomi Kreatif RI | Data Kunjungan Wisatawan Mancanegara Tahun 2015 , Statistik Kunjungan Wisatawan Mancanegara Bulan Januari 2015&nbsp; Statistik Kunjungan Wisatawa
http://www.kemenparekraf.go.id/post/perkembangan-wisatawan-nasional-outbound, Kementerian Pariwisata dan Ekonomi Kreatif RI | Perkembangan Wisatawan Nasional (OUTBOUND) ,download file: Perkembangan Wisatawan Nasional &nbsp;
http://www.kemenparekraf.go.id/post/statistik-tingkat-penghunian-kamar-hotel-bintang-tahun-2020, Kementerian Pariwisata dan Ekonomi Kreatif RI | Statistik Tingkat Penghunian Kamar Hotel Bintang Tahun 2020 ,Tingkat Penghunian Kamar (TPK) hotel klasifikasi bintang di Indonesia pada Februari 2020 mencapai ra
http://www.kemenparekraf.go.id/post/statistik-tingkat-penghunian-kamar-hotel-bintang-tahun-2019, Kementerian Pariwisata dan Ekonomi Kreatif RI | Statistik Tingkat Penghunian Kamar Hotel Bintang Tahun 2019 ,Tingkat Penghunian Kamar (TPK) hotel klasifikasi bintang di Indonesia pada Desember 2019 mencapai ra
http://www.kemenparekraf.go.id/post/statistik-tingkat-penghunian-kamar-hotel-bintang-tahun-2018, Kementerian Pariwisata dan Ekonomi Kreatif RI | Statistik Tingkat Penghunian Kamar Hotel Bintang Tahun 2018 , &nbsp;Statistik Tingkat Penghunian Kamar Hotel Bintang Tahun 2018 (Januari) &nbsp;Stat
http://www.kemenparekraf.go.id/post/statistik-tingkat-penghunian-kamar-hotel-bintang-tahun-2017, Kementerian Pariwisata dan Ekonomi Kreatif RI | Statistik Tingkat Penghunian Kamar Hotel Bintang Tahun 2017 , Statistik Tingkat Penghunian Kamar Hotel Bintang Tahun 2017 (Januari) Statistik Tingkat Penghun
http://www.kemenparekraf.go.id/post/statistik-tingkat-penghunian-kamar-hotel-bintang-tahun-2016, Kementerian Pariwisata dan Ekonomi Kreatif RI | Statistik Tingkat Penghunian Kamar Hotel Bintang Tahun 2016 , Statistik Tingkat Penghunian Kamar Hotel Bintang Januari Tahun 2016 Statistik Tingkat Penghunia
http://www.kemenparekraf.go.id/post/statistik-tingkat-penghunian-kamar-hotel-bintang-tahun-2015, Kementerian Pariwisata dan Ekonomi Kreatif RI | Statistik Tingkat Penghunian Kamar Hotel Bintang Tahun 2015 ,Statistik Tingkat Penghunian Kamar Hotel Bintang Bulan Desember Tahun 2015 vs 2014 
http://www.kemenparekraf.go.id/post/rangking-devisa-pariwisata-terhadap-komoditas-ekspor-lainnya, Kementerian Pariwisata dan Ekonomi Kreatif RI | Rangking Devisa Pariwisata terhadap Komoditas Ekspor Lainnya , Rangking Devisa Pariwisata terhadap Komoditas Ekspor Lainnya tahun 2011 - 2015 unduh file 
http://www.kemenparekraf.go.id/post/statistical-arrivals-2017, Kementerian Pariwisata dan Ekonomi Kreatif RI | Statistical Arrivals 2017 ,Data yang disajikan dalam publikasi ini mencakup antara lain: jumlah kunjungan wisatawan mancanegara
http://www.kemenparekraf.go.id/post/passenger-exit-survey-2016, Kementerian Pariwisata dan Ekonomi Kreatif RI | Passenger Exit Survey 2016 ,"Publikasi ini memuat hasil pengkinian profil wisatawan mancanegara yang berkunjung ke Indonesia, mel"
http://www.kemenparekraf.go.id/post/statistik-profil-wisatawan-nusantara-2018, Kementerian Pariwisata dan Ekonomi Kreatif RI | Statistik Profil Wisatawan Nusantara 2018 ,Publikasi Statistik Wisatawan Nusantara 2018 merupakan publikasi baru yang diterbitkan oleh Badan Pu
http://www.kemenparekraf.go.id/post/neraca-satelit-pariwisata-nasional-2017, Kementerian Pariwisata dan Ekonomi Kreatif RI | Neraca Satelit Pariwisata Nasional 2017 ,Publikasi Neraca Satelit Pariwisata Nasional tahun 2017 menggambarkan kondisi pariwisata Indonesia d
http://www.kemenparekraf.go.id/post/neraca-satelit-pariwisata-nasional-2016, Kementerian Pariwisata dan Ekonomi Kreatif RI | Neraca Satelit Pariwisata Nasional 2016 ,Neraca Satelit Pariwisata Nasional tahun 2016 buku 1 Neraca Satelit Pariwisata Nasional tahun 2016 b
http://www.kemenparekraf.go.id/post/neraca-satelit-pariwisata-nasional-2015, Kementerian Pariwisata dan Ekonomi Kreatif RI | Neraca Satelit Pariwisata Nasional 2015 , Neraca Satelit Pariwisata Nasional 2015 (Buku 1) Neraca Satelit Pariwisata Nasional 2015 (B
http://www.kemenparekraf.go.id/post/neraca-satelit-pariwisata-nasional-2014, Kementerian Pariwisata dan Ekonomi Kreatif RI | Neraca Satelit Pariwisata Nasional 2014 ,Neraca Satelit Pariwisata Nasional 2014 (buku 1) Neraca Satelit Pariwisata Nasional 2014 (buku 2)
http://www.kemenparekraf.go.id/post/neraca-satelit-pariwisata-nasional-2013, Kementerian Pariwisata dan Ekonomi Kreatif RI | Neraca Satelit Pariwisata Nasional 2013 ,Neraca Satelit Pariwisata Nasional 2013 (buku 1) Neraca Satelit Pariwisata Nasional 2013 (buku 2)
http://www.kemenparekraf.go.id/post/neraca-satelit-pariwisata-nasional-2012, Kementerian Pariwisata dan Ekonomi Kreatif RI | Neraca Satelit Pariwisata Nasional 2012 ,Neraca Satelit Pariwisata Nasional 2012 (buku 1) Neraca Satelit Pariwisata Nasional 2012 (buku 2)
http://www.kemenparekraf.go.id/post/cakupan-aktivitas-pariwisata-dalam-klasifikasi-baku-lapangan-usaha-indonesia-2015, Kementerian Pariwisata dan Ekonomi Kreatif RI | Cakupan Aktivitas Pariwisata dalam Klasifikasi Baku Lapangan Usaha Indonesia 2015 ,Unduh Cakupan Aktivitas Pariwisata dalam Klasifikasi Baku Lapangan Usaha Indonesia 2015&nbsp; 
http://www.kemenparekraf.go.id/post/pnpm-mandiri-pariwisata, Kementerian Pariwisata dan Ekonomi Kreatif RI | PNPM Mandiri Pariwisata ,Pedoman Program Nasional Pemberdayaan Masyarakat (PNPM) Mandiri Pariwisata merupakan salah satu dari
http://www.kemenparekraf.go.id/post/penandatangan-kerjasama-antara-sekolah-tinggi-pariwisata-bandung-dengan-john-college, Kementerian Pariwisata dan Ekonomi Kreatif RI | Penandatangan Kerjasama antara Sekolah Tinggi Pariwisata Bandung dengan John College ,"Canada, 7 November 2012 | Dalam rangka peringatan 60 tahun hubungan diplomatic Indonesia-Canada, sek"
http://www.kemenparekraf.go.id/post/unwto-regional-seminar-for-tourism-exchange-for-small-island-22-23-february-2011-denpasar-bali," Kementerian Pariwisata dan Ekonomi Kreatif RI | UNWTO Regional Seminar For Tourism Exchange For Small Island, 22 - 23 February 2011, Denpasar, Bali ",Kementerian Kebudayaan dan Pariwisata berkerjasama dengan World Tourism Organization (UNWTO) dan Glo
http://www.kemenparekraf.go.id/post/workshop-lomba-penggalian-sumber-sejarah-dalam-bentuk-audiovisual, Kementerian Pariwisata dan Ekonomi Kreatif RI | Workshop Lomba Penggalian Sumber Sejarah dalam Bentuk Audiovisual ," Pada tanggal 6 Juli 2011, Direktur Jenderal Sejarah dan Purbakala, Kementerian Kebudayaan dan Pa"
http://www.kemenparekraf.go.id/post/semiloka-penulisan-sejarah-perkembangan-islam-di-nusantara, Kementerian Pariwisata dan Ekonomi Kreatif RI | Semiloka Penulisan Sejarah: Perkembangan Islam di Nusantara ," Pada tanggal 21 Juli 2011, Direktur Jenderal Sejarah dan Purbakala, Kementerian Kebudayaan dan P"
http://www.kemenparekraf.go.id/post/kajian-dampak-sektor-pariwisata-terhadap-perekonomian-indonesia, Kementerian Pariwisata dan Ekonomi Kreatif RI | KAJIAN DAMPAK SEKTOR PARIWISATA TERHADAP PEREKONOMIAN INDONESIA ,Penelitian ini bertujuan untuk menyusun sebuah dokumen yang mengestimasi dampak dari sektor pariwisa
http://www.kemenparekraf.go.id/post/peningkatan-ekonomi-kerakyatan-melalui-pengembangan-desa-wisata, Kementerian Pariwisata dan Ekonomi Kreatif RI | PENINGKATAN EKONOMI KERAKYATAN MELALUI PENGEMBANGAN DESA WISATA , KATA PENGANTAR Buku dengan judul Peningkatan Ekonomi Kerakyatan Melalui Pengembangan Desa Wisata i
http://www.kemenparekraf.go.id/post/konsep-indonesia-kreatif-tinjauan-awal-mengenai-peluang-dan-tantangannya-bagi-pembangunan-indonesi, Kementerian Pariwisata dan Ekonomi Kreatif RI | KONSEP INDONESIA KREATIF: TINJAUAN AWAL MENGENAI PELUANG DAN TANTANGANNYA BAGI PEMBANGUNAN INDONESI ," Pendahuluan &nbsp;&nbsp;&nbsp;&nbsp;&nbsp;&nbsp;&nbsp;&nbsp;&nbsp;&nbsp;&nbsp; Secara alamiah, manu"
http://www.kemenparekraf.go.id/post/dampak-event-pariwisata, Kementerian Pariwisata dan Ekonomi Kreatif RI | Dampak Event Pariwisata ,1.1.&nbsp;&nbsp;&nbsp;&nbsp;&nbsp;&nbsp;&nbsp;&nbsp;&nbsp; Latar Belakang Kepariwisataan Indonesia m
http://www.kemenparekraf.go.id/post/penelitian, Kementerian Pariwisata dan Ekonomi Kreatif RI | Penelitian ,2015 Analisis Kesiapan Destinasi Dalam Rangka Pencapaian Target 20 Juta Wisman Pada Tahun 2019 2015 
http://www.kemenparekraf.go.id/post/jurnal-kepariwisataan-indonesia-vol11-no-1-juni-2016, Kementerian Pariwisata dan Ekonomi Kreatif RI | JURNAL KEPARIWISATAAN INDONESIA VOL.11 NO. 1 JUNI 2016 , DAYA TARIK MOROTAI SEBAGAI DESTINASI WISATA SEJARAH DAN BAHARI Marhanani Tri Astuti* dan Any Ariani
http://www.kemenparekraf.go.id/post/jurnal-kepariwisataan-indonesia, Kementerian Pariwisata dan Ekonomi Kreatif RI | Jurnal Kepariwisataan Indonesia ,JKI Vol.7 No.3 2012 - Sumber Daya Arkeologi di Tenggarong Sebagai Asem Wisata Budaya JKI Vol.8 No.2 
http://www.kemenparekraf.go.id/post/jurnal-destinasi-kepariwisataan-indonesia, Kementerian Pariwisata dan Ekonomi Kreatif RI | Jurnal Destinasi Kepariwisataan Indonesia ,JDP Vol.1 No.1 2014 &nbsp;Tinjauan Kesadaran Merek Pariwisata Indonesia &ldquo;Wonderful Indonesia&r
http://www.kemenparekraf.go.id/post/jurnal-destinasi-kepariwisataan-indonesia-vol1-no1-juni-2016, Kementerian Pariwisata dan Ekonomi Kreatif RI | JURNAL DESTINASI KEPARIWISATAAN INDONESIA VOL.1 NO.1 JUNI 2016 , PENGELOLAAN KAWASAN SITUS KOTA KUNO BANTEN SEBAGAI DESTINASI WISATA BUDAYA UNTUK MENINGKATKAN PERGE
http://www.kemenparekraf.go.id/post/pengelolaan-sumberdaya-arkeologi, Kementerian Pariwisata dan Ekonomi Kreatif RI | PENGELOLAAN SUMBERDAYA ARKEOLOGI ,"DI MALUKU DALAM KERANGKA OTONOMI DAERAH: &nbsp;POTENSI, KARAKTERISTIK DAN PENGEMBANGANNYA UNTUK PARI"
http://www.kemenparekraf.go.id/post/peluang-dan-tantangan-pengembangan-kepariwisataan-di-indonesia, Kementerian Pariwisata dan Ekonomi Kreatif RI | Peluang dan Tantangan Pengembangan Kepariwisataan di Indonesia ,&nbsp; PELUANG DAN TANTANGAN PENGEMBANGAN KEPARIWISATAAN DI INDONESIA &nbsp; Basuki Antariksa &nbs
http://www.kemenparekraf.go.id/post/daftar-perjanjian-bilateral-bidang-pariwisata, Kementerian Pariwisata dan Ekonomi Kreatif RI | Daftar Perjanjian Bilateral Bidang Pariwisata ,Isi Dokumen dapat diunduh pada tanggal perjanjian yang dicetak tebal 
http://www.kemenparekraf.go.id/post/km159-tahun-2018-tentang-klasifikasi-arsip, Kementerian Pariwisata dan Ekonomi Kreatif RI | KM.159 Tahun 2018 Tentang Klasifikasi Arsip ,Salinan Keputusan Menteri Pariwisata Republik Indonesia KM.159 Tahun 2018 Tentang Klasifikasi Arsip 
http://www.kemenparekraf.go.id/post/permenpar-no9-tahun-2019-tentang-standar-pelayanan-publik-di-lingkungan-kementerian-pariwisata, Kementerian Pariwisata dan Ekonomi Kreatif RI | PERMENPAR No.9 Tahun 2019 Tentang Standar Pelayanan Publik di Lingkungan Kementerian Pariwisata ,PERMENPAR No.9 Tahun 2019 Tentang Standar Pelayanan Publik di Lingkungan Kementerian Pariwisata 
http://www.kemenparekraf.go.id/post/keputusan-sekretaris-kementerian-pariwisata-nomor-sk147kb00set2019-tentang-daftar-informasi-publik-yang-dikecualikan-di-lingkungan-kementerian-pariwisata, Kementerian Pariwisata dan Ekonomi Kreatif RI | Keputusan Sekretaris Kementerian Pariwisata Nomor SK.147/KB.00/SET/2019 Tentang Daftar Informasi Publik yang Dikecualikan di Lingkungan Kementerian Pariwisata ,Keputusan Sekretaris Kementerian Pariwisata Nomor SK.147/KB.00/SET/2019 Tentang Daftar Informasi Pub
http://www.kemenparekraf.go.id/post/keputusan-sekretaris-kementerian-pariwisata-nomor-sk142kb00set2019-tentang-daftar-informasi-publik-yang-wajib-disediakan-di-lingkungan-kementerian-pariwisata, Kementerian Pariwisata dan Ekonomi Kreatif RI | Keputusan Sekretaris Kementerian Pariwisata Nomor SK.142/KB.00/SET/2019 Tentang Daftar Informasi Publik yang Wajib Disediakan di Lingkungan Kementerian Pariwisata ,Keputusan Sekretaris Kementerian Pariwisata Nomor SK.142/KB.00/SET/2019 Tentang Daftar Informasi Pub
http://www.kemenparekraf.go.id/post/peraturan-menteri-pariwisata-no-6-tahun-2019-tentang-pelayanan-informasi-publik-di-lingkungan-kementerian-pariwisata, Kementerian Pariwisata dan Ekonomi Kreatif RI | Peraturan Menteri Pariwisata No 6 Tahun 2019 tentang Pelayanan Informasi Publik di Lingkungan Kementerian Pariwisata ,Peraturan Menteri Pariwisata No 6 Tahun 2019 tentang Pelayanan Informasi Publik di Lingkungan Kement
http://www.kemenparekraf.go.id/post/uu-no-14-tahun-2008-tentang-keterbukaan-informasi-publik, Kementerian Pariwisata dan Ekonomi Kreatif RI | UU No 14 Tahun 2008 Tentang Keterbukaan Informasi Publik ,Undang - Undang No 14 Tahun 2008 Keterbukaan Informasi Publik.pdf
http://www.kemenparekraf.go.id/post/perki-no-1-tahun-2010-tentang-standar-layanan-informasi-publik, Kementerian Pariwisata dan Ekonomi Kreatif RI | Perki No 1 Tahun 2010 Tentang Standar Layanan Informasi Publik ,Peraturan Komisi Informasi Nomor 1 Tahun 2010 Tentang Standar Layanan Informasi Publik.pdf
http://www.kemenparekraf.go.id/post/pp-no-61-tahun-2010-pelaksanaan-uu-kip, Kementerian Pariwisata dan Ekonomi Kreatif RI | PP No 61 Tahun 2010 Pelaksanaan UU KIP ,Peraturan Pemerintah Nomor 61 Tahun 2010 Tentang Pelaksanaan Undang - Undang Nomor 14 Tahun 2008 Ten
http://www.kemenparekraf.go.id/post/draft-permenpar-pelayanan-informasi-publik, Kementerian Pariwisata dan Ekonomi Kreatif RI | DRAFT PERMENPAR PELAYANAN INFORMASI PUBLIK ,DRAFT PERMENPAR PELAYANAN INFORMASI PUBLIK
http://www.kemenparekraf.go.id/post/draft-permenpar-standar-pelayanan-publik, Kementerian Pariwisata dan Ekonomi Kreatif RI | DRAFT PERMENPAR STANDAR PELAYANAN PUBLIK ,DRAFT PERMENPAR STANDAR PELAYANAN PUBLIK
http://www.kemenparekraf.go.id/post/keputusan-menteri-pariwisata-republik-indonesia-nomor-km285kb0003menpar2019, Kementerian Pariwisata dan Ekonomi Kreatif RI | Keputusan Menteri Pariwisata Republik Indonesia Nomor KM.285/KB.00.03/Menpar/2019 ,Keputusan Menteri Pariwisata Republik Indonesia Nomor KM.285/KB.00.03/Menpar/2019 Tentang Perubahan 
http://www.kemenparekraf.go.id/post/keputusan-menteri-pariwisata-republik-indonesia-nomor-km120kb0003menpar2019, Kementerian Pariwisata dan Ekonomi Kreatif RI | Keputusan Menteri Pariwisata Republik Indonesia Nomor KM.120/KB.00.03/Menpar/2019 ,Keputusan Menteri Pariwisata Republik Indonesia Nomor KM.120/KB.00.03/Menpar/2019 Tentang Kelompok K
http://www.kemenparekraf.go.id/post/sk-menteri-pariwisata-tentang-ppid-kemenpar-2018, Kementerian Pariwisata dan Ekonomi Kreatif RI | SK Menteri Pariwisata Tentang PPID Kemenpar 2018 ,Keputusan Menteri Pariwisata Tentang Pejabat Pengelola Informasi dan Dokumentasi di Lingkungan Kemen
http://www.kemenparekraf.go.id/post/sop-pelayanan-publik-melalui-ppid-kementerian-pariwisata, Kementerian Pariwisata dan Ekonomi Kreatif RI | SOP Pelayanan Publik Melalui PPID Kementerian Pariwisata , 1. SOP Pelayanan Publik Melalui PPID Kementerian Pariwisata 2. Videografis SOP Pelayanan Publ
http://www.kemenparekraf.go.id/post/sop-pelayanan-pengaduan-kementerian-pariwisata, Kementerian Pariwisata dan Ekonomi Kreatif RI | SOP Pelayanan Pengaduan Kementerian Pariwisata , &nbsp; 1. SOP Pelayanan Pengaduan Kementerian Pariwisata 2. Videografis SOP Pelayanan Peng
http://www.kemenparekraf.go.id/post/sop-information-center-kementerian-pariwisata, Kementerian Pariwisata dan Ekonomi Kreatif RI | SOP Information Center Kementerian Pariwisata , 1. SOP Information Center Kementerian Pariwisata 2. Videografis SOP information Center Kement
http://www.kemenparekraf.go.id/post/sop-penanganan-pengajuan-keberatan-informasi-publik, Kementerian Pariwisata dan Ekonomi Kreatif RI | SOP Penanganan Pengajuan Keberatan Informasi Publik ,&nbsp; Your browser does not support HTML5 video. &nbsp;1. SOP Penanganan Pengajuan Keber
http://www.kemenparekraf.go.id/post/sop-pengajuan-keberatan, Kementerian Pariwisata dan Ekonomi Kreatif RI | SOP Pengajuan Keberatan ,&nbsp; Your browser does not support HTML5 video. 1. SOP Pengajuan Keberatan&nbsp;2. Info
http://www.kemenparekraf.go.id/post/laporan-realisasi-keuangan, Kementerian Pariwisata dan Ekonomi Kreatif RI | Laporan Realisasi Keuangan ,Realisasi anggaran Per triwulan per jenis belanja Download 
http://www.kemenparekraf.go.id/post/laporan-keuangan-kemenpar, Kementerian Pariwisata dan Ekonomi Kreatif RI | Laporan Keuangan Kemenpar ,Laporan Keuangan Kemenpar 1 (satu) tahun Download 
http://www.kemenparekraf.go.id/post/dana-alokasi-khusus, Kementerian Pariwisata dan Ekonomi Kreatif RI | Dana Alokasi Khusus ,Dana Alokasi Khusus 1. PERMENPAR NOMOR 5 TTG DAK FISIK 2. DATA_RK_FINAL-20190318 3. PERMENP
http://www.kemenparekraf.go.id/post/2-pengumuman-tentang-pelaksanaan-seleksi-cpns-di-lingkungan-kementerian-pariwisata, Kementerian Pariwisata dan Ekonomi Kreatif RI | 2. Pengumuman Tentang Pelaksanaan Seleksi CPNS di Lingkungan Kementerian Pariwisata ,Pengumuman Tentang Pelaksanaan Seleksi CPNS di Lingkungan Kementerian Pariwisata 
http://www.kemenparekraf.go.id/post/indeks-pariwisata-indonesia-ipi-2018, Kementerian Pariwisata dan Ekonomi Kreatif RI | Indeks Pariwisata Indonesia (IPI) 2018 ,Indeks Pariwisata Indonesia (IPI) 2018 Lampiran I Lampiran II Lampiran III Lampiran IV 
http://www.kemenparekraf.go.id/post/3-pengumuman-tentang-hasil-verifikasiseleksi-administrasi-penerimaan-cpns-kementerian-pariwisata, Kementerian Pariwisata dan Ekonomi Kreatif RI | 3. Pengumuman tentang Hasil Verifikasi/Seleksi Administrasi Penerimaan CPNS Kementerian Pariwisata ,Pengumuman tentang Hasil Verifikasi/Seleksi Administrasi Penerimaan CPNS Kementerian Pariwisata 
http://www.kemenparekraf.go.id/post/statistik-kepegawaian-2019, Kementerian Pariwisata dan Ekonomi Kreatif RI | Statistik Kepegawaian 2019 ,Statistik Kepegawaian 2019
http://www.kemenparekraf.go.id/post/banyuwangi-ethno-carnival, Kementerian Pariwisata dan Ekonomi Kreatif RI | Banyuwangi Ethno Carnival , Banyuwangi Ethno Carnival 
http://www.kemenparekraf.go.id/post/festival-pesona-jati-gede, Kementerian Pariwisata dan Ekonomi Kreatif RI | Festival Pesona Jati Gede , Festival Pesona Jati Gede 
http://www.kemenparekraf.go.id/post/sales-mission-pada-pameran-foto-di-melbourne-2018, Kementerian Pariwisata dan Ekonomi Kreatif RI | Sales Mission pada Pameran Foto di Melbourne 2018 , Sales Mission pada Pameran Foto di Melbourne 2018 
http://www.kemenparekraf.go.id/post/sales-mission-adventure-tourism-dan-photography-exhibition-di-melbourne, Kementerian Pariwisata dan Ekonomi Kreatif RI | Sales Mission Adventure Tourism dan Photography Exhibition di Melbourne , Sales Mission Adventure Tourism dan Photography Exhibition di Melbourne 
http://www.kemenparekraf.go.id/post/sales-mission-bali-di-wilayah-australia-dan-selandia-baru-2018, Kementerian Pariwisata dan Ekonomi Kreatif RI | Sales Mission Bali di Wilayah Australia dan Selandia Baru 2018 , Sales Mission Bali di Wilayah Australia dan Selandia Baru 2018 
http://www.kemenparekraf.go.id/post/pernyataan-awal-holding-statement, Kementerian Pariwisata dan Ekonomi Kreatif RI | Pernyataan Awal (Holding Statement) ,Pernyataan Awal (Holding Statement)1. Lampiran2. Lampiran
http://www.kemenparekraf.go.id/post/buku-pedoman-jadwal-retensi-arsip-di-lingkungan-kementerian-pariwisata, Kementerian Pariwisata dan Ekonomi Kreatif RI | Buku Pedoman Jadwal Retensi Arsip Di Lingkungan Kementerian Pariwisata ,"Berisi tentang jangka waktu penyimpanan atau retensi arsip fasilitatif dan substantif, jenis arsip, "
http://www.kemenparekraf.go.id/post/buku-petunjuk-pelaksanaan-juklak-sistem-klasifikasi-keamanan-dan-akses-arsip-dinamis-kementerian-pariwisata, Kementerian Pariwisata dan Ekonomi Kreatif RI | Buku Petunjuk Pelaksanaan (Juklak) Sistem Klasifikasi Keamanan dan Akses Arsip Dinamis Kementerian Pariwisata ,"Berisi tentang petunjuk klasifikasi keamanan akses arsip dinamis, yaitu ketentuan tentang arsip yang"
http://www.kemenparekraf.go.id/post/buku-petunjuk-pelaksanaan-juklak-tata-kearsipan-kementerian-pariwisata, Kementerian Pariwisata dan Ekonomi Kreatif RI | Buku Petunjuk Pelaksanaan (Juklak) Tata Kearsipan Kementerian Pariwisata ,Berisi tentang petunjuk pelaksanaan pengelolaan tata arsip dinamis dilingkungan Kementerian Pariwisa
http://www.kemenparekraf.go.id/post/buku-saku-manajemen-krisis-kepariwisataan, Kementerian Pariwisata dan Ekonomi Kreatif RI | Buku Saku Manajemen Krisis Kepariwisataan ,Panduan ringkas pelaksanaan Manajemen Krisis Kepariwisataan Download 
http://www.kemenparekraf.go.id/post/buku-panduan-manajemen-krisis-kepariwisataan, Kementerian Pariwisata dan Ekonomi Kreatif RI | Buku Panduan Manajemen Krisis Kepariwisataan ,Panduan pelaksanaan Manajemen Krisis Kepariwisataan Download 
http://www.kemenparekraf.go.id/post/sales-mission-diving-hongkong, Kementerian Pariwisata dan Ekonomi Kreatif RI | Sales Mission Diving Hongkong ,Sales Mission Diving Hongkong 
http://www.kemenparekraf.go.id/post/tata-cara-praktik-kerja-lapangan-magang-di-lingkungan-kementerian-pariwisata, Kementerian Pariwisata dan Ekonomi Kreatif RI | Tata cara Praktik Kerja Lapangan/ Magang di lingkungan Kementerian Pariwisata , Tata cara Praktik Kerja Lapangan/ Magang di lingkungan Kementerian Pariwisata 
http://www.kemenparekraf.go.id/post/data-statistik-informasi-khusus, Kementerian Pariwisata dan Ekonomi Kreatif RI | Data statistik (informasi khusus) , Data statistik (informasi khusus) 
http://www.kemenparekraf.go.id/post/asean-tourism-forum-atf, Kementerian Pariwisata dan Ekonomi Kreatif RI | ASEAN Tourism Forum (ATF) ,ASEAN Tourism Forum (ATF) 
http://www.kemenparekraf.go.id/post/sop-pengelolaan-krisis-kepariwisataan, Kementerian Pariwisata dan Ekonomi Kreatif RI | SOP Pengelolaan Krisis Kepariwisataan ,SOP Pengelolaan Krisis Kepariwisataan &nbsp; &nbsp; &nbsp; 
http://www.kemenparekraf.go.id/post/pedoman-pengembangan-wisata-sejarah-dan-warisan-budaya, Kementerian Pariwisata dan Ekonomi Kreatif RI | Pedoman Pengembangan Wisata Sejarah dan Warisan Budaya , Pedoman Pengembangan Wisata Sejarah dan Warisan Budaya 
http://www.kemenparekraf.go.id/post/2-informasi-dikecualikan, Kementerian Pariwisata dan Ekonomi Kreatif RI | 2. Informasi Dikecualikan , A. Daftar Informasi Dikecualikan Sekretaris Kementerian Keterangan 1
http://www.kemenparekraf.go.id/post/siaran-pers-kemenpar-uji-kompetensi-120-tenaga-kerja-kepariwisataan-di-labuan-bajo, Kementerian Pariwisata dan Ekonomi Kreatif RI | Siaran Pers : Kemenpar Uji Kompetensi 120 Tenaga Kerja Kepariwisataan di Labuan Bajo ,SIARAN PERS KEMENTERIAN PARIWISATA Kemenpar Uji Kompetensi 120 Tenaga Kerja Kepariwisataan di La
http://www.kemenparekraf.go.id/post/pengumuman-hasil-akhir-seleksi-terbuka-jpt-pratama-kementerian-pariwisata-2019, Kementerian Pariwisata dan Ekonomi Kreatif RI | PENGUMUMAN HASIL AKHIR SELEKSI TERBUKA JPT PRATAMA KEMENTERIAN PARIWISATA 2019 ," Berdasarkan Hasil Seleksi Administrasi, Penulisan Makalah, Assesment, dan Wawancara, Peserta Sele"
http://www.kemenparekraf.go.id/post/laporan-akuntabilitas-kinerja-sekretariat-kementerian-pariwisata-tahun-2016, Kementerian Pariwisata dan Ekonomi Kreatif RI | Laporan Akuntabilitas Kinerja Sekretariat Kementerian Pariwisata Tahun 2016 , &nbsp; Laporan Akuntabilitas Kinerja Sekretariat Kementerian Pariwisata Tahun 2016 disusun 
http://www.kemenparekraf.go.id/post/laporan-akuntabilitas-kinerja-kementerian-pariwisata-tahun-2016, Kementerian Pariwisata dan Ekonomi Kreatif RI | Laporan Akuntabilitas Kinerja Kementerian Pariwisata Tahun 2016 , &nbsp; Laporan Kinerja Kementerian Pariwisata Tahun 2016 disusun dalam rangka pelaksanaan 
http://www.kemenparekraf.go.id/post/peraturan-presiden-republik-indonesia-nomor-63-tahun-2014, Kementerian Pariwisata dan Ekonomi Kreatif RI | Peraturan Presiden Republik Indonesia Nomor 63 Tahun 2014 , Tentang : Pengawasan dan Pengendalian Kepariwisat
http://www.kemenparekraf.go.id/post/peraturan-menteri-pariwisata-nomor-14-tahun-2016, Kementerian Pariwisata dan Ekonomi Kreatif RI | Peraturan Menteri Pariwisata Nomor 14 Tahun 2016 ,&nbsp; Tentang : PEDOMAN DESTINASI PARIWISATA BER
http://www.kemenparekraf.go.id/post/siaran-pers-indonesia-ditetapkan-sebagai-destinasi-wisata-halal-terbaik-dunia-2019, Kementerian Pariwisata dan Ekonomi Kreatif RI | Siaran Pers : Indonesia Ditetapkan Sebagai Destinasi Wisata Halal Terbaik Dunia 2019 ,SIARAN PERS KEMENTERIAN PARIWISATA Indonesia Ditetapkan Sebagai Destinasi Wisata Halal Terbaik D
