https://www.nativeindonesia.com/,"Info Tempat Wisata Di Indonesia Terlengkap - NativeIndonesia.com","Rekomendasi Tempat Wisata di Indonesia, tempat rekreasi dan tempat liburan, serta review hotel murah di Indonesia."
https://www.nativeindonesia.com/category/artikel/,"Tips Dan Artikel - NativeIndonesia.com","Kumpulan artikel dan tips wisata yang kami kumpulkan akan membantu anda mempersiapkan liburan dengan lebih baik lagi. perkaya pengetahuan anda dengan informasi dan tips wisata yang kami siapkan, dan jadikan liburan anda lebih berkesan"
https://www.nativeindonesia.com/category/wisata/,"Info Tempat Wisata Di Indonesia Lengkap 2020 - Nativeindonesia.com","Lihat informasi tempat wisata di Indonesia yang terkenal, terindah, yang mendunia, ataupun yang masih jarang dikunjungi namun memiliki keindahan yang luar biasa beserta keterangannya. Kami kumpulkan info selengkap mungkin untuk mempermudah liburan anda. LIHAT DISINI selengkapnya...."
https://www.nativeindonesia.com/category/hotel/,"Pesan Hotel Murah Online 2020","Informasi hotel murah di Bandung, hotel murah di Bali, hotel murah di Yogyakarta, di Jakarta dan info hotel murah di kota lainnya bisa anda temukan disini. Selain itu, informasi diskon hotel terkini juga bisa anda temukan disini. Silahkan simak informasi hotel dalam artikel yang kami sediakan dan dapatkan penawaran diskon besar dengan memesan hotel online melalui link yang kami sediakan."
https://www.nativeindonesia.com/category/kuliner/,"✓ Info Wisata Kuliner Lengkap, Lihat Disini Ya!","Kumpulan info wisata kuliner di Indonesia bisa anda temukan disini. Wisata kuliner merupakan salah satu jenis wisata yang secara tidak sadar selalu anda lakukan setiap liburan. Info tempat wisata kuliner disini bisa membantu anda menemukan tempat makan yang direkomendasikan banyak traveller, sehingga pengalaman liburan anda akan lebih kaya dan menarik. Silahakn simak artikel wisata kuliner yang kami siapkan dibawah ini ya."
https://www.nativeindonesia.com/kontak/,"Kontak - NativeIndonesia.com","Anda dapat menghubungi kami melalui form dibawah ini. Kami akan membalas pesan anda secepatnya."
https://www.nativeindonesia.com/rammang-rammang/,"Rammang-Rammang, Pesona Belantara Karst Terbesar Ketiga Di Dunia","Rammang-Rammang merupakan kawasan gugusan pegunungan karst terbesar ketiga di Dunia. Berhias keindahan sungai dan area sawah yang cantik dan ada di sekitarnya."
https://www.nativeindonesia.com/atlantis-surabaya/,"Atlantis Surabaya, Taman Fantasinya Arek Arek Surobayo","Atlantis Surabaya glamor dan mewah, seperti berada di istana negeri dongeng. Berhias gemerlap lampu-lampu indah disetiap sudut semakin memberikan kesan megah."
https://www.nativeindonesia.com/kiara-artha-park/,"Kiara Artha Park, Pengingat Abadi Spirit Persamaan Nasib Bangsa Asia-Afrika","Kiara Artha Park sebuah kawasan Super blok 12 hektar di tengah kota Bandung. Taman Peringatan Konferensi Asia Afrika menjadi bagian inti dari kawasan ini."
https://www.nativeindonesia.com/tempat-wisata-di-bandung/,"39 Tempat Wisata Di BANDUNG Yang Populer Tahun 2020","Liburan ke BANDUNG? lihat list tempat wisata populer ini saja, ga perlu lihat yang lain ;)"
https://www.nativeindonesia.com/the-lodge-maribaya-bandung/,"Wisata THE LODGE MARIBAYA Bandung, Info Terlengkap Baca Disini!","Info lengkap THE LODGE MARIBAYA di Lembang Bandung. Harga Tiket The lodge, petunjuk menuju lokasi, peta, kekurangan dan kelebihan tempat baca disini!"
https://www.nativeindonesia.com/curug-tilu-leuwi-opat-lembang/,"Trekking Ke Curug Tilu Leuwi Opat Lembang, ASYIK Bgt Lho!","Curug tilu leuwi opat asyik lho buat trekking. Informasi Harga tiket masuk, peta menuju lokasi, dan juga review jalan menuju lokasi bisa anda baca lengkap DISINI...."
https://www.nativeindonesia.com/tempat-wisata-di-dago/,"Tempat Wisata Di DAGO Bandung, Jangan Sampai Anda Lewatkan!","Berlibur ke Bandung? lihat daftar tempat wisata di DAGO yang kami kumpulkan. Anda bisa melihat artikel terkait yang lengkap, info lokasi dan lainnya disini. Lihat juga berbagai info wisata lainnya yang telah kami buat..."
https://www.nativeindonesia.com/tempat-wisata-di-bogor/,"25 Tempat Wisata Di Bogor Populer Ini Wajib Anda Kunjungi Lho","Liburan ke Bogor? simak dulu review tempat wisata di Bogor berikut ini sebelum berkunjung ya..."
https://www.nativeindonesia.com/kuntum-farm-field/,"Kuntum Farm Field, Tempat Wisata Keluarga Di Bogor Yang Populer","Kuntum Farm Field adalah tempat yang paling cocok untuk dikunjungi oleh sobat keluarga. Disini, wisatawan bisa menikmati keindahan alam dan memberikan sarana ed"
https://www.nativeindonesia.com/curug-bidadari-sentul-paradise-park-bogor/,"Berwisata Ke Curug Bidadari Sentul Paradise Park Bogor","info seputar curug bidadari sentul Bogor dan juga lokasi curug bidadari. Tempat ini merupakan tempat wisata di Bogor yang sedang naik daun. Silahkan simak"
https://www.nativeindonesia.com/tempat-wisata-di-bali/,"38 Tempat Wisata Di Bali Yang Hits & Populer Buat Liburan","Lihat daftar tempat wisata di BALI yang kami kumpulkan disini. Pilih berbagai destinasi wisata sesuai keinginan anda, dan jadikan liburan anda berkesan!"
https://www.nativeindonesia.com/pura-uluwatu-bali/,"Pura Uluwatu Bali, Menikmati Pemandangan Eksotis Dan Magis","Berlibur di Bali? Jangan lewatkan Pura Uluwatu dari tujuan destinasi anda. Pura eksotis dengan pemandangan yg indah ini akan membuat anda berdecak kagum..&gt;&gt;&gt;"
https://www.nativeindonesia.com/monkey-forest-ubud/,"Liburan Ke Monkey Forest Ubud, Unik Dan Menarik Nih!","Liburan ke Bali, kunjungi juga Monkey Forest Ubud ya. Simak info lokasi, transportasi, harga tiket masuk, dan juga hal menarik yang ada di Monkey Forest Ubud"
https://www.nativeindonesia.com/wisata-karangasem/,"Wisata Karangasem, Mutiara Di Ujung Timur Bali","Wisata Karangasem variatif, mulai keindahan alam, hingga tradisi unik. Mulai menyelam di tulamben, Pura ter besar Bali Besakih, hingga Perang Pandan di Tenganan"
https://www.nativeindonesia.com/tempat-wisata-di-jogja/,"66 Tempat Wisata Di Jogja Yang Populer & Bikin Liburan Asyik","Berlibur ke Yogyakarta? Lihat DISINI review tempat wisata di Jogja yang populer untuk panduan anda nanti.."
https://www.nativeindonesia.com/candi-sewu/,"Candi Sewu, Pelajaran Toleransi Dari Masa Lampau","Candi Sewu adalah salah satu dari puluhan candi di area itu. Kompleks Candi Sewu merupakan kumpulan candi Buddha terbesar di kawasan sekitar Candi Prambanan. Ko"
https://www.nativeindonesia.com/pantai-sedahan/,"Pantai Sedahan, Pesona Pantai Di Antara 2 Bukit Karang","Pantai Sedahan merupakan salah satu pantai berpasir putih di antara barisan pantai pantai indah Gunungkidul. Ciri khas pantai berupa 2 bukit di 2 sisi pantai."
https://www.nativeindonesia.com/museum-gunung-merapi/,"Museum Gunung Merapi, Mengenal Lebih Dalam Gunung Legendaris Jogja","Museum Gunung Merapi merupakan salah tempat yang dibangun untuk menjadi sarana pembelajaran tentang gunung teraktif di dunia ini. Di museum ini pengunjung dapat"
https://www.nativeindonesia.com/tempat-wisata-di-china/,"11 Tempat Wisata Di China Paling Indah Untuk Dikunjungi","Tempat wisata di China telah tumbuh menjadi penarik pengunjung terbesar ketiga di pasar pariwisata di dunia. Pariwisata cina diperhatikan serius oleh pemerintah"
https://www.nativeindonesia.com/tempat-wisata-di-johor-bahru/,"11 Tempat Wisata Di Johor Bahru Yang Tersohor Di Malaysia","Johor Bahru adalah ibu kota negara bagian Johor, Malaysia. Ada banyak pilihan tempat wisata di johor bahru ini, Mulai dari wisata pantai hingga wisata belanja."
https://www.nativeindonesia.com/tempat-wisata-di-brunei-darussalam/,"11 Tempat Wisata Di Brunei Darussalam, Negeri Kesultanan Islam Di Tanah Borneo","Tempat wisata di Brunei Darussalam di dominasi oleh wisata religi dan peninggalan bersejarah. Hal ini berhubungan dengan bentuk negara sebagai Kesultanan Islam."
https://www.nativeindonesia.com/gunung-bromo/,"Sunrise Di Gunung Bromo, Pesona Keindahan Yang Tak Terlupakan","Di Gunung Bromo, ada beberapa titik yang bisa dipilih wisatawan untuk melihat sinar harapan yang bisa dibilang bagaikan sebuah lukisan tersebut. Sebelum menikma"
https://www.nativeindonesia.com/pantai-karang-tawulan-tempat-wisata-di-tasikmalaya/,"Pantai Karang Tawulan,Tempat Wisata Di Tasikmalaya Yang Eksotis","Info Pantai Karang Tawulan Tasikmalaya, alamat, letak dan lokasi pantai, fasilitas yang tersedia, serta ulasan karang tawulan bisa anda baca lengkap disini"
https://www.nativeindonesia.com/danau-ranau/,"Wisata Danau Ranau Yang Mempesona, Lihat Infonya Disini!","Kali ini, kita akan pergi ke sumatera selatan, di Kabupaten Ogan Komering Ulu. Dimana, hadir sebuah keindahan yang tidak kalah menariknya dari danau toba dan ju"
https://www.nativeindonesia.com/bumi-kiwari-cafe/,"Bumi Kiwari Cafe, Tempat Ngopi Yang Bikin Betah Di Bandung","Bumi Kiwari, tempat ngopi di Bandung yang bikin betah. Lokasi, peta, menu dan info lainnya lengkap. Berada di ketinggian tidak jauh dari pusat kota....."
https://www.nativeindonesia.com/kiwari-farmers-bandung/,"Menikmati Kopi Di Kiwari Farmers Bandung, Bikin Betah!","Kiwari Farmers Bandung, tempat ngopi di Bandung - bayar kopi seikhlasnya! Cek info lokasi kiwari farmers, harga makanan/minuman, serta reviewnya disini"
https://www.nativeindonesia.com/lontong-medan/,"Lontong Medan, Lontong Sayur Yang Kaya Variasi Rasa","Lontong Medan nikmat karena kaya rasa. Isiannya terdiri dari bihun goreng, kerupuk udang. kentang, tauco, ikan teri, sambal tempe, serundeng, bahkan rendang."
https://www.nativeindonesia.com/about-us/,"About Us - NativeIndonesia.com","Selamat datang di NativeIndonesia.Com !"
https://www.nativeindonesia.com/kebijakan-privasi/,"Kebijakan Privasi - NativeIndonesia.com","Situs web NativeIndonesia.Com mempunyai kebijakan privasi sebagai berikut:"
https://www.nativeindonesia.com/cara-membuat-travel-blog/,"Cara Membuat Travel Blog Dan Mendapatkan Uang Dari Blog","Ingin punya blog wisata sendiri? Simak cara membuat Travel Blog dan ide untuk mendapatkan uang dari blog wisata anda disini. Disertai langkah install blog juga"
https://www.nativeindonesia.com/domain-error/,"Beberapa Tindakan Ini Bisa Menyebabkan Domain Anda Error","Domain error menjadi sebuah masalah yang lumrah terjadi bagi pemilik website. Tidak ada satupun situs yang sempurna. Semua bisa mengalami bug atau error kapan s"
https://www.nativeindonesia.com/perlengkapan-traveling/,"20 Daftar Perlengkapan Traveling Unik Yang Wajib Anda Bawa","Mau liburan? 20 perlengkapan traveling unik ini bisa membantu anda saat berlibur nanti. Seringkali dianggap ngga penting, tapi ternyata berguna banget nanti!"
https://www.nativeindonesia.com/jaket-kulit-garut/,"Jaket Kulit Garut, Produk Incaran Wisatawan Di Garut","Jaket kulit Garut, tas kulit garut, dompet, dan produk lainnya dari pusat kerajinan kulit garut di Sukaregang. Belanja disini untuk oleh-oleh khas Garut!"
https://www.nativeindonesia.com/zenrooms/,"Budget Hotel Murah Dan Berkualitas Di Zenrooms - DISKON 20%","DISKON 20% dengan kupon kode NATIVEINDO20 di Zenrooms indonesia, jaringan budget hotel murah dengan standar kualitas tinggi"
https://www.nativeindonesia.com/booking-hotel-di-yogyakarta-tanpa-kartu-kredit/,"Booking Hotel Di Yogyakarta Tanpa Kartu Kredit","Mau booking hotel di Yogyakarta tanpa kartu kredit? jangan khawatir. Disini kami tuliskan langkah untuk pesan hotel di Jogja tanpa kartu kredit lengkap"
https://www.nativeindonesia.com/tips-pesan-hotel-lebih-murah/,"6 Tips Pesan Hotel Lebih Murah","Mau pesan hotel lebih murah? Baca 6 tips di artikel ini untuk mendapatkan harga hotel lebih murah saat liburan anda nanti"
https://www.nativeindonesia.com/cara-mendapatkan-uang-dari-liburan/,"6 Cara Mendapatkan Uang Dari Liburan","Salah satu hal yang mengganjal dan sering jadi pertimbangan saat akan berlibur adalah biaya. Tentu saja, soalnya liburan bakal membutuhan biaya yang lumayan bua"
https://www.nativeindonesia.com/diskon-hotel-dan-booking-hotel-murah/,"Diskon Hotel Dan Booking Hotel Murah","Minggu depan long weekend lho! Segera booking hotel buat liburan sekarang sebelum penuh! Klik disini untuk tarif hotel murah dan diskon hotel"
https://www.nativeindonesia.com/bandung-tempo-dulu/,"Foto Bandung Tempo Dulu Yang Menawan","Foto Bandung tempo dulu menyimpan kenangan unik akan kondisi kota Bandung di zaman dulu. Banyak bangunan-bangunan bersejarah dan indah yang telah ada sedari dul"
https://www.nativeindonesia.com/category/artikel/page/2/,"Tips Dan Artikel - NativeIndonesia.com","Kumpulan artikel dan tips wisata yang kami kumpulkan akan membantu anda mempersiapkan liburan dengan lebih baik lagi. perkaya pengetahuan anda dengan informasi dan tips wisata yang kami siapkan, dan jadikan liburan anda lebih berkesan"
https://www.nativeindonesia.com/curug-malela/,"Curug Malela, Gadis Hutan Yang Mulai Didandani","Curug Malela dijuluki The Little Niagara, karena dengan tinggi 60 m, memiliki lebar 50 meter. Curug terpencil itu kini didandani dengan berbagai fasilitas."
https://www.nativeindonesia.com/pantai-ngrawe/,"Pantai Ngrawe, Pantai Bertaman Hijau Yang Instagramable","Pantai Ngrawe mengusung konsep taman pantai berdihias rumput palm. Hal ini pula yang menjadi daya tarik. Pantai menjadi kaya akan spot foto yang instagramable."
https://www.nativeindonesia.com/gunung-parang/,"Gunung Parang, Pendakian Rekreasi Di Jalur Ferrata Tertinggi Di Asia Tenggara","Gunung Parang adalah gunung pertama di Indonesia yang dilengkapi jalur Ferrata. Gunung ini merupakan gunung dengan jalur Ferrata tertinggi di Asia Tenggara."
https://www.nativeindonesia.com/gunung-padang/,"Gunung Padang, Cerita Piramida Yang Lebih Tua Dan Lebih Besar Dari Piramida Mesir","Situs Gunung Padang ramai diperbincangkan. Selain karena keindahan, popularitasnya sebagain besar datang dari spekulasi adanya piramida emas di dalam Gunung."
https://www.nativeindonesia.com/bukit-kukusan/,"Bukit Kukusan, Setiap Sudutnya Adalah Spot Foto Instagramable","Bukit Kukusan yang hijau dan asri, digandrungi pengunjung dari berbagai daerah. Bukit menyajikan panorama alam cantik ke segala arah juga berbagai spot foto."
https://www.nativeindonesia.com/batang-dolphin-center/,"Batang Dolphin Center, Lokasi Meet And Greet Murah Dengan Lumba-Lumba","Batang Dolphin Center selain tempat wisata, juga penangkaran dan konservasi. Selain lumba-lumba, ada juga Lama, gnu, emmu, gajah, zebra, dan satwa langka lain."
https://www.nativeindonesia.com/pantai-wates-rembang/,"Pantai Wates Rembang, Pantai Berpasir Putih Berair Jernih","Pantai Wates Rembang menyejukkan badan dan hati. Pasir putih, pepohonan cemara, dan ombak laut yang tenang, sungguh memberikan tempat mendamaikan jiwa dan raga."
https://www.nativeindonesia.com/category/wisata/page/2/,"Info Tempat Wisata Di Indonesia Lengkap 2020 - Nativeindonesia.com","Lihat informasi tempat wisata di Indonesia yang terkenal, terindah, yang mendunia, ataupun yang masih jarang dikunjungi namun memiliki keindahan yang luar biasa beserta keterangannya. Kami kumpulkan info selengkap mungkin untuk mempermudah liburan anda. LIHAT DISINI selengkapnya...."
https://www.nativeindonesia.com/category/wisata/page/79/,"Info Tempat Wisata Di Indonesia Lengkap 2020 - Nativeindonesia.com","Lihat informasi tempat wisata di Indonesia yang terkenal, terindah, yang mendunia, ataupun yang masih jarang dikunjungi namun memiliki keindahan yang luar biasa beserta keterangannya. Kami kumpulkan info selengkap mungkin untuk mempermudah liburan anda. LIHAT DISINI selengkapnya...."
https://www.nativeindonesia.com/homestay-di-jogja/,"Homestay Murah Di Jogja; Rumah Sewa Harian Lengkap","Rekomendasi Homestay murah di Jogja bisa dilihat disini. Info seputar rumah sewa harian di Jogja dengan fasilitas lengkap dan terjangkau."
https://www.nativeindonesia.com/hotel-murah-di-bandung/,"91+ Hotel Murah Di Bandung Lengkap Untuk Liburan Anda","Hotel murah di Bandung, Booking cepat tanpa kartu kredit, Diskon hotel setiap hari. Dapatkan juga DISKON 20% dengan kupon NATIVEINDO20 . Selengkapnya.."
https://www.nativeindonesia.com/liburan-akhir-tahun-traveloka-hotel/,"Mudahkan Liburan Akhir Tahunmu, Percayakan Pada Traveloka Hotel","foto: Jannoon028 - freepik"
https://www.nativeindonesia.com/hotel-di-jember-murah/,"15 Hotel Di Jember Murah Dan Lengkap Untuk Liburan","Baca review hotel di Jember, alamat hotel, informasi harga/tarif hotel serta penginapan di Jember,dan diskon hotel dalam artikel ini"
https://www.nativeindonesia.com/tarif-hotel-di-blitar/,"Info Tarif Hotel Di Blitar Murah Dan Lengkap","Kumpulan review Info hotel di Blitar, tarif hotel dan penginapan di Blitar, dan juga info alamat dan diskon bisa anda baca dalam artikel ini"
https://www.nativeindonesia.com/hotel-murah-di-lembang/,"Daftar Hotel Murah Di Lembang 2020","Pesan hotel murah di Lembang, harga hotel, alamat hotel, dan juga diskon hotel serta penginapan di Lembang bisa anda baca di artikel ini!"
https://www.nativeindonesia.com/tarif-hotel-di-madiun/,"Daftar Dan Tarif Hotel Di Madiun Lengkap Untuk Anda","Review dan info tarif hotel di Madiun, alamat hotel dan penginapan di madiun, dan juga lokasi serta review pengunjung bisa anda baca disini"
https://www.nativeindonesia.com/review-dan-harga-hotel-di-palu/,"Review Dan Harga Hotel Di Palu Untuk Referensi Anda","Berencana ke Palu? Siapkan terlebih dahulu akomodasi hotel di Palu agar tenang. Simak review dan harga hotel di kota palu lengkap dalam artikel ini"
https://www.nativeindonesia.com/hotel-di-bangka/,"Info Hotel Di Bangka Murah Dan Lengkap","Daftar hotel di Bangka pangkal pinang dan sekitarnya, review hotel, info harga hotel bangka terbaru, diskon,dan lainnya bisa anda baca dalam artikel ini "
https://www.nativeindonesia.com/category/hotel/page/2/,"Pesan Hotel Murah Online 2020","Informasi hotel murah di Bandung, hotel murah di Bali, hotel murah di Yogyakarta, di Jakarta dan info hotel murah di kota lainnya bisa anda temukan disini. Selain itu, informasi diskon hotel terkini juga bisa anda temukan disini. Silahkan simak informasi hotel dalam artikel yang kami sediakan dan dapatkan penawaran diskon besar dengan memesan hotel online melalui link yang kami sediakan."
https://www.nativeindonesia.com/category/hotel/page/9/,"Pesan Hotel Murah Online 2020","Informasi hotel murah di Bandung, hotel murah di Bali, hotel murah di Yogyakarta, di Jakarta dan info hotel murah di kota lainnya bisa anda temukan disini. Selain itu, informasi diskon hotel terkini juga bisa anda temukan disini. Silahkan simak informasi hotel dalam artikel yang kami sediakan dan dapatkan penawaran diskon besar dengan memesan hotel online melalui link yang kami sediakan."
https://www.nativeindonesia.com/seblak-bandung/,"Seblak Bandung, Olahan Makanan Sisa Yang Naik Kelas Jadi Makanan Utama","Seblak Bandung adalah makanan tradisional yang kini menjadi jajanan yang digemari berbagai kalangan. Bertekstur kenyal, Seblak memiliki rasa pedas menyegarkan."
https://www.nativeindonesia.com/surabi-bandung/,"Surabi Bandung, Makanan Tradisional Indonesia Yang Populer Di Bandung","Surabi camilan tradisional yang ada di banyak daerah. Surabi Bandung menjadi populer, karena sukses dikreasikan dengan adaptasi toping sesuai selera anak muda."
https://www.nativeindonesia.com/mie-aceh/,"Mie Aceh, Cita Rasa Multi Budaya Dalam Kuali Masak Nangroe","Mie Aceh adalah masakan mie pedas khas Aceh. Mie tebal dengan irisan daging sapi, kambing atau makanan laut disajikan dalam sup kari yang gurih dan pedas."
https://www.nativeindonesia.com/pempek-palembang/,"Pempek Palembang, Makanan Legendaris Dari Era Kesultanan","Pempek Palembang memang makanan khas yang tidak bisa dipisahkan dari kota itu. Berbahan dasar ikan dan kanji, makanan ini melegenda dan jadi identitas Kota."
https://www.nativeindonesia.com/sate-klatak-jogja/,"Sate Klatak Jogja, Inovasi Baru Yang Membumi Di Masyarakat Persatean","Sate Klatak Jogja adalah kuliner khas Jogja. Bagi Wisatawan yang tengah berlibur di Yogyakarta, sate klatak menjadi salah satu menu kuliner yang wajib dicicipi."
https://www.nativeindonesia.com/sate-taichan/,"Sate Taichan, Makanan Baru Yang Merebut Hati Pencinta Kuliner","Sate taichan sempat sangat popula. Peminat sate ini terus meningkat hingga saat ini. Terbukti dari banyaknya kedai atau pedagang kaki lima yang menjual sate ini"
https://www.nativeindonesia.com/ayam-tangkap/,"Ayam Tangkap, Ketika Ayam Goreng Bersembuyi Di Balik Semak Pandan","Ayam Tangkap masakan khas Aceh, yang terbuat dari ayam yang digoreng dengan bumbu dan rempah-rempah khas. Saat disajikan di piring juga ada banyak Daun pandan."
https://www.nativeindonesia.com/ayam-betutu/,"Ayam Betutu, Kuliner Bali Yang Telah Diakui Sebagai Warisan Budaya Tak Benda Nasional","Ayam betutu merupakan masakan khas dari Bali. Betutu adalah perbatasan antara Seni makanan barat dan Timur. Peralihan dari Manis Di Jawa, ke Pedas di Timur."
https://www.nativeindonesia.com/kerak-telor/,"Kerak Telor, Makanan Kreasi Chef Pribumi Di Zaman Kolonial","Kerak telor, makanan khas Betawi yang sering juga disebut omelete nya orang Betawi. Kerak telor diidentikkan dengan perayaan kebudayaan suku Betawi di Jakarta."
https://www.nativeindonesia.com/category/kuliner/page/2/,"✓ Info Wisata Kuliner Lengkap, Lihat Disini Ya!","Kumpulan info wisata kuliner di Indonesia bisa anda temukan disini. Wisata kuliner merupakan salah satu jenis wisata yang secara tidak sadar selalu anda lakukan setiap liburan. Info tempat wisata kuliner disini bisa membantu anda menemukan tempat makan yang direkomendasikan banyak traveller, sehingga pengalaman liburan anda akan lebih kaya dan menarik. Silahakn simak artikel wisata kuliner yang kami siapkan dibawah ini ya."
https://www.nativeindonesia.com/category/kuliner/page/3/,"✓ Info Wisata Kuliner Lengkap, Lihat Disini Ya!","Kumpulan info wisata kuliner di Indonesia bisa anda temukan disini. Wisata kuliner merupakan salah satu jenis wisata yang secara tidak sadar selalu anda lakukan setiap liburan. Info tempat wisata kuliner disini bisa membantu anda menemukan tempat makan yang direkomendasikan banyak traveller, sehingga pengalaman liburan anda akan lebih kaya dan menarik. Silahakn simak artikel wisata kuliner yang kami siapkan dibawah ini ya."
https://www.nativeindonesia.com/author/rudi/,"Info Tempat Wisata Di Indonesia Terlengkap - NativeIndonesia.com","Rekomendasi Tempat Wisata di Indonesia, tempat rekreasi dan tempat liburan, serta review hotel murah di Indonesia."
https://www.nativeindonesia.com/taman-nasional-bantimurung/,"Taman Nasional Bantimurung, The Kingdom Of Butterfly","Taman Nasional Bantimurung Bulusaraung ada di Sulawesi Selatan, seluas 43.750 Ha. Taman ini memiliki keindahan alam ekosistem karst dan kekayaan flora fauna."
https://www.nativeindonesia.com/danau-towuti/,"Danau Towuti, Danau Purba Kitab Sejarah Iklim Yang Tersimpan Rapi","Di Danau Towuti, pengunjung menikmati kejernihan dan keindahan hamparan air berwarna biru dengan latar belakang perbukitan hijau. Danau memiliki kedalaman 200 m"
https://www.nativeindonesia.com/danau-matano/,"Danau Matano, Pesona Danau Terdalam Di Asia Tenggara","Danau Matano sebuah danau Purba yang memiliki kedalaman maksimal 590 meter. Danau ini adalah yang terdalam di Asia Tenggara, dan peringkat 8 terdalam di dunia."
https://www.nativeindonesia.com/pantai-galesong/,"Pantai Galesong, Objek Wisata One Stop Service","Pantai Galesong merupakan tempat wisata yang direkomendasikan bersama keluarga. Pantai memiliki konsep one stop. Semua kegiatan wisata diwadahi dalam 1 lokasi."
https://www.nativeindonesia.com/pulau-kayangan-makassar/,"Pulau Kayangan Makassar, Nama Ini Bukan Hoax Atau Klik Bait","Pulau Kayangan Makassar pulau kecil yang terkenal akan panorama alam. Berhias hamparan pasir putih bersih membentang dan terumbu karang di bawah permukaan laut."
https://www.nativeindonesia.com/pantai-akkarena/,"Pantai Akkarena, Pantai Indah Delta Muara Sungai Jeneberang","Pantai Akkarena berpasir hitam yang mempesona. Pantai ini pilihan yang untuk rekreasi bersama keluarga. Romantisme adalah menu pasti, yang tersaji di Pantai ini"
https://www.nativeindonesia.com/pulau-samalona/,"Pulau Samalona, Sekeping Surga Di Selat Makassar","Pulau Samalona sebuah pulau kecil indah, 40 menit dari Makassar. Pulau ini memiliki panorama bawah laut yang mengagumkan dengan bangkai kapal sisa perang dunia."
https://www.nativeindonesia.com/tempat-wisata-di-surabaya/,"14 Tempat Wisata Di Surabaya Yang Di Rekomendasikan","Penasaran mana saja tempat wisata di Surabaya yang menarik untuk dijelajahi? Simak rekomendasi pilihan berikut."
https://www.nativeindonesia.com/suroboyo-carnival-park/,"Suroboyo Carnival Park, Wisata Keluarga Di Malam Hari","Suroboyo Carnival park tempat rekreasi keluarga ideal ketika berlibur di Surabaya. Beroperasi malam hari memanjakan pengunjung dengan lampu yang sangat cantik."
https://www.nativeindonesia.com/category/wisata/jawa-timur/,"Jawa Timur - NativeIndonesia.com","Kumpulan informasi tempat wisata di Jawa timur. Dapatkan info seputar wisata di jawa timur meliputi wisata alam, pantai, gunung , dan budaya yang unik. Silahkan anda nikmati inforamsi wisata indonesia di wilayah jawa timur yang telah kami tuliskan disini."
https://www.nativeindonesia.com/menariknya-kebun-bibit-wonorejo/,"Kebun Bibit Wonorejo, Obrolan Soal 11 Daya Tarik Wisatanya","kebun bibit wonorejo munkgin lebih tepat disebut taman. Selain taman rindang juga ada Mini Zoo. Lokasi ini biasanya ramai di kunjungi pagi hingga siang hari."
https://www.nativeindonesia.com/mengunjungi-monumen-kapal-selam/,"Monumen Kapal Selam, Menanamkan Semangat Cinta Bahari","Di seluruh dunia hanya ada 5 monumen kapal selam. Di Asia hanya ada dua. Satu di Jepang dan satu lagi di Indonesia. Tepatnya di kota Surabaya, di tepi kali mas."
https://www.nativeindonesia.com/museum-house-of-sampoerna/,"Museum House Of Sampoerna, Wisata Serba Gratis Rasa Bintang 5","Info seputar Museum House of Sampoerna, lokasi, daya tarik, harga tiket masuk, dan hal yang bisa anda lakukan disini. Simak selengkapnya di artikel ini..."
https://www.nativeindonesia.com/surabaya-north-quay/,"Surabaya North Quay, Wisata Surabaya Yang Wajib Di Kunjungi","Gedung yang dipakai merupakan terminalnya yang strategis, yang biasa digunakan untuk terminal bagi kapal pesiar mewah dunia. Lantai 2 dan 3 Gedung itu difungsik"
https://www.nativeindonesia.com/tag/bandung/,"Artikel Wisata Di Bandung Lengkap - Nativeindonesia.com","Silahkan baca berbagai artikel tempat wisata di Bandung yang kami tulis disini dengan lengkap, sebagai referensi untuk anda yang berlibur di Bandung"
https://www.nativeindonesia.com/dago-dream-park/,"Dago Dream Park, Tempat Wisata Keluarga Di Bandung Yang Keren Bgt","Review Dago Dream Park Bandung LENGKAP! Harga tiket masuk, tiket wahana permainan, lokasi dan peta, juga hotel di sekitarnya bisa anda temukan disini. Mau berlibur ke Bandung? jangan lewatkan tempat ini ya!"
https://www.nativeindonesia.com/category/wisata/jawa-barat/,"Tempat Wisata Di Jawa Barat","Tempat wisata Jawa barat populer. Temukan informasi seputar tempat wisata di jawa barat disini. Anda bisa menemukan berbagai tempat wisata alam jawa barat, wisata kuliner, wisata gunung, wisata pantai, budaya, dan wisata keluarga. Jawa barat mempunyai bentang alam pegunungan yang tersebar di hampir seluruh wilayah, sehingga tidak salah jika provinsi ini mempunyai banyak tempat tujuan wisata alam baik wisata gunung ataupun wisata pantai yang mudah di jangkau. Rekan-rekan dapat menemukan informasi seputar tempat wisata di jawa barat dalam artikel-artikel dibawah ini."
https://www.nativeindonesia.com/bukit-jamur-ciwidey/,"Bukit Jamur Ciwidey, Romansa Dintara Amur Hijau Raksasa","Bukit Jamur Ciwidey berada di kawasan Ciwidey. Bukit ini unik dengan ciri khas berupa barisan pepohonan cemara yang dipotong indah dengan desain berbentuk Jamur"
https://www.nativeindonesia.com/barusen-hills-ciwidey/,"Barusen Hills Ciwidey, Semua Hal Tentang Cinta Dan Romantisme","Barusen Hills Ciwidey menyuguhkan pemandangan alam sejuk serta indah. Juga terdapat banyak spot-spot foto bagus. Cocok digunakan sebagai foto untuk di Instagram"
https://www.nativeindonesia.com/bird-and-bromelia-pavilion/,"Bird And Bromelia Pavilion, Bird Park Mini Di Kawasan Resort Mewah Bandung","Bird and Bromelia Pavilion, sebuah mini birdpark yang merupakan bagian dari Pramestha Resort Town. Di sini hidup lebih dari 600 ekor burung dari berbagai spesies."
https://www.nativeindonesia.com/palalangon-park/,"Palalangon Park, Tawarkan Spot Foto Ala Titanic Hingga Water Boom Mini","Palalangon Park merupakan sebuah wisata dataran tinggi favorit wisatawan. Lokasi ini ideal untuk pngambilan foto. Baik dengan latar alama maupun spot artistik."
https://www.nativeindonesia.com/lembang-wonderland/,"Lembang Wonderland, Wisata Penuh Warna Di Bandung Barat","Sesuai namanya, Lembang Wonderland punya konsep wisata taman rekreasi yang unik. Pengunjung bakal diajak berkelana ke negeri fantasi seperti dalam cerita Alice."
https://www.nativeindonesia.com/author/nativeindo/,"Info Tempat Wisata Di Indonesia Terlengkap - NativeIndonesia.com","Rekomendasi Tempat Wisata di Indonesia, tempat rekreasi dan tempat liburan, serta review hotel murah di Indonesia."
https://www.nativeindonesia.com/tempat-wisata-di-ciwidey/,"Review Tempat Wisata Di Ciwidey Terbaik Untuk Anda!","Berlibur ke Ciwidey? Simak dulu tempat wisata di Ciwidey terbaik, lokasi dan info lainnya yang kami kumpulkan disini. Info tempat wisata di Ciwidey dan Rancabali ini akan memberikan gambaran lengkap liburan anda nanti !"
https://www.nativeindonesia.com/farmhouse-lembang-bandung/,"Farmhouse Lembang Di Bandung, Harga Tiket Masuk, Peta Dan Fasilitas","Mau berlibur ke Farmhouse Lembang Bandung? Baca dulu reviewnya, harga tiket masuk, fasilitas, peta, tempat menarik, lengkap DISINI..."
https://www.nativeindonesia.com/kebun-teh-sukawana/,"✔ Segarnya Kebun Teh Sukawana Di Lembang, Ga Jauh Dari Bandung!","Kebun teh Sukawana di Parongpong adalah salah satu kebun teh di Lembang yg indah sekali. Info lengkap alamat kebun teh sukawana, peta menuju lokasi, foto dan lainnya silahkan lihat disini ya!"
https://www.nativeindonesia.com/pinisi-resto-dan-glamping-lakeside-rancabali-bandung/,"Pinisi Resto Dan Glamping Lakeside Rancabali Bandung; Info Lengkap","Info Pinisi Resto Dan Glamping Lakeside Rancabali Bandung, Teras Bintang, harga tiket masuk, dan fasilitas. Wisata Bandung Selatan ini recommended banget!"
https://www.nativeindonesia.com/tempat-wisata-di-sumedang/,"10 Tempat Wisata Di Sumedang Ini Wajib Anda Kunjungi Nih","Sumedang menjadi salah satu kota di Jawa Barat yang dikenal luas dengan kulinernya yang khas yakni tahu. Namun tak hanya kulinernya yang terkenal, Sumedang juga"
https://www.nativeindonesia.com/curug-cinulang/,"Review Curug Cinulang Cicalengka Bandung LENGKAP !","Info seputar curug Cinulang Cicalengka Bandung, peta dan jalan menuju lokasi, harga tiket masuk, fasilitas, dan info lainnya bisa anda baca di artikel ini. Selamat berlibur!"
https://www.nativeindonesia.com/wisata-bandung-kawah-tangkuban-perahu/,"Wisata Kawah Tangkuban Perahu, Perbatasan Bandung - Subang","Info kawah dan gunung Tangkuban Perahu Bandung, tiket masuk tangkuban perahu, cerita legenda, foto, video, dan juga cara menuju lokasi bisa anda baca disini"
https://www.nativeindonesia.com/wisata-kawah-putih-bandung/,"Liburan Ke Kawah Putih Bandung Yang Indah Banget","info wisata kawah putih Bandung, kawah putih map / peta, tiket masuk , akomodasi dan foto kawah putih bisa rekan-rekan lihat lengkap dalam artikel ini.."
https://www.nativeindonesia.com/info-hotel-murah-di-bandung-lengkap/,"91+ Hotel Murah Di Bandung Lengkap Untuk Liburan Anda","Hotel murah di Bandung, Booking cepat tanpa kartu kredit, Diskon hotel setiap hari. Dapatkan juga DISKON 20% dengan kupon NATIVEINDO20 . Selengkapnya.."
https://www.nativeindonesia.com/situ-patenggang-bandung/,"Wisata Ke Situ Patenggang Bandung? Simak Dulu Reviewnya Disini","Situ Patenggang Bandung, salah satu objek wisata alam Bandung yang perlu anda kunjungi.Simak review tempat wisata ini selengkapnya disini ya."
https://www.nativeindonesia.com/curug-cimahi-bandung/,"Review Wisata Curug Cimahi Bandung Lengkap","info Curug Cimahi Bandung, lokasi dan alamat curug cimahi, tiket masuk, serta foto dokumentasi dari air terjun cimahi Bandung bisa rekan baca disini"
https://www.nativeindonesia.com/air-terjun-pelangi-curug-cimahi-bandung-lembang/,"Air Terjun Pelangi - Curug Cimahi Lembang Bandung","Reader semuanya, ada tempat wisata baru nih air terjun di Bandung, Air Terjun Pelangi Bandung."
https://www.nativeindonesia.com/taman-hutan-raya-juanda-bandung-wisata-hutan-dekat-kota/,"Taman Hutan Raya Juanda Bandung, Wisata Hutan Dekat Kota","Info lengkap taman hutan raya juanda Bandung, harga tiket masuk, jalan menuju lokasi, dan tempat wisata di Tahura Bandung bisa anda baca disini"
https://www.nativeindonesia.com/situ-cisanti-bandung/,"Indahnya Situ Cisanti Bandung Yang Masih Alami, OK Bgt Deh!","Review Situ Cisanti Bandung lengkap. Info peta, lokasi dan jalan ke danau cisanti, harga tiket masuk, galeri foto, dan sebagainya bisa anda temukan lengkap. LIHAT dulu artikel ini sebelum berkunjung ya.."
https://www.nativeindonesia.com/wisata-maribaya-bandung/,"Wisata Maribaya Resort Bandung Yang Semakin Cantik","Ulasan tempat wisata Maribaya Bandung, harga tiket masuk maribaya, peta, dan jalan menuju lokasi lengkap bisa anda baca disini."
https://www.nativeindonesia.com/puncak-bintang-bandung/,"Puncak Bintang Bandung, Keren Lho! Info Terbaru 2020","Review Puncak Bintang Bandung, rute dan jalan menuju lokasi, harga tiket masuk, video puncak bintang Cimenyan Bandung, dll. JANGAN LEWATKAN mengunjungi Dermaga Bintang disini! tempatnya keren abis deh. Selengkapnya bisa LIHAT DISINI aja ya.."
https://www.nativeindonesia.com/saung-angklung-udjo/,"Saung Angklung Udjo, Wisata Konservasi Berbalut Inovasi","Saung Angklung Udjo merupakan sebuah objek wisata budaya bernilai edukasi yang lengkap. Saung Angklung Udjo memiliki kapasitas untuk memenuhi harapan sebagai lo"
https://www.nativeindonesia.com/museum-geologi-bandung/,"Museum Geologi Bandung, Wisata Berbonus Pengetahuan Sains","Dari sekian banyak museum yang ada di Indonesia, salah satu nya yang tertua adalah museum geologi bandung. Di tempat ini banyak menyimpan fosil sejarah jaman pu"
https://www.nativeindonesia.com/tempat-wisata-di-lembang/,"26 Tempat Wisata Di LEMBANG Dan Panduan Lengkap!","Apa saja tempat wisata di LEMBANG? Bagaimana rute menuju ke Lembang dan jalan alternatifnya? Baca DISINI selengkapnya ya. Ada juga tips berkunjung yang perlu anda perhatikan sebelum berlibur ke sini.."
https://www.nativeindonesia.com/tebing-keraton-bandung/,"Tebing Keraton Bandung","Info lengkap Tebing Keraton Bandung, alamat, dan cara menuju tebing keraton di dago Bandung bisa anda temukan disini. Spot indah selfie ini mudah dijangkau"
https://www.nativeindonesia.com/wisata-alam-di-taman-buru-gunung-kareumbi-masigit/,"☆☆ Wisata Alam Di Taman Buru Gunung Kareumbi Masigit ☆☆","info seputar wana wisata hutan buru gunung kareumbi, lokasi kawasan wisata masigit kareumbi, alamat dan jalan menuju kareumbi lengkap. baca infonya di sini"
https://www.nativeindonesia.com/dusun-bambu-lembang/,"Dusun Bambu Lembang Di Bandung, Review Dan Harga Tiket Masuk","Review Dusun Bambu Lembang Bandung lengkap, harga tiket masuk, fasilitas, alamat, dan hal yang bisa anda lakukan di lokasi bisa anda baca DISINI..."
https://www.nativeindonesia.com/floating-market-lembang/,"Floating Market Lembang, Wisata Bandung Favorit Dan Keren Abis!","Info lengkap Floating Market Lembang, tempat wisata di Lembang Bandung populer. Lihat Harga tiket masuk, lokasi, jalan, peta dan spot menarik DISINI.."
https://www.nativeindonesia.com/ciwidey-valley/,"Ciwidey Valley, Ketika Air Panas Alam Bertemu Manajemen Modern","Ciwidey Valley objek wisata terbaru yang berada di kawasan Ciwidey. Objek wisata yang menaksimalkan potensi keindahan dataran tinggi dan air panas kawah putih."
https://www.nativeindonesia.com/trans-studio-bandung/,"Trans Studio Bandung, Tempat Liburan Keluarga Yang Seru Abis","Kawasan ini sudah banyak dikenal dan hampir di seluruh penjuru Indonesia hadir dengan konsep mini. Sepertinya sobat native sudah tahu kawasan yang dimaksud. Ya,"
https://www.nativeindonesia.com/kuliner-bandung/,"11 Wisata Kuliner Bandung Populer Yang Enak Dan Murah","Sebagai pusat industri kreatif Indonesia, kuliner bandung terkenal akan ragam fariasinya. Berbagai menu makanan enak namun murah bisa ditemukan di kota Bandung."
https://www.nativeindonesia.com/taman-begonia/,"Taman Begonia, Taman Bunga Romantis Yang Bikin Lupa Mantan","Taman Begonia Bandung terletak pada ketinggian 1200 Mdpl. Taman menanam dan menata puluhan jenis bunga. Dilengkapi berbagai spot foto berhiaskan bunga hidup."
https://www.nativeindonesia.com/de-ranch-lembang/,"De Ranch Lembang, Wisata Ala Koboy Yang Unik Di Bandung","De Ranch Lembang Bandung, Liburan unik ala Koboy di Lembang yang asyik banget. LIHAT info lokasi, harga tiket masuk, jalan ke De Ranch Bandung, Pertanyaan dan jawaban yg sering muncul, dan lain sebagainya LENGKAP disini.."
https://www.nativeindonesia.com/jendela-alam/,"Jendela Alam Lembang, Wisata Edukasi Di Bandung Terbaik 2020","Review Jendela Alam Lembang, salah satu tempat wisata edukasi di Bandung yang terbaik. Cocok banget untukk wisata keluarga, field trip, dll. Temukan info lokasi, permainan, workshop, harga tiket masuk, dan info lain SELENGKAPNYA DISINI,,,"
https://www.nativeindonesia.com/ranca-upas/,"Kampung Cai Ranca Upas Ciwidey, Bisa Prewedding Bersama Rusa!","Bandung adalah kota wisata yang selalu menjadi tujuan utama bagi sebagian besar wisatawan di dalam maupun luar negeri. Kesejukan kota ini pun menjadi lirikan ma"
https://www.nativeindonesia.com/jalan-braga/,"Jalan Braga Bandung: Jejak Sejarah Panjang Kota Kembang","Sejarah memang selalu menaungi bangsa ini. Dengan kehadiran sejarah inilah Pariwisata Indonesia menjadi terasa lengkap. Apalagi, dengan peninggalan-peninggalan"
https://www.nativeindonesia.com/sanghyang-heuleut/,"Sanghyang Heuluet, Surga Tersembunyi Di Alam Bandung","Menikmati Kota Bandung memang tidak ada habisnya. Ada banyak hal yang bisa kita nikmati di wilayah ini. Pesona alamnya yang luar biasa membuat banyak Sobat Nati"
https://www.nativeindonesia.com/sendang-geulis-kahuripan/,"Sendang Geulis Kahuripan, Mata Air Indah Di Bandung Barat","Berbicara tentang objek wisata yang berada di bandung memang tidak ada habisnya. Kawasan dengan bentang alam yang aduhai ini memang paling cocok di jadikan sebu"
https://www.nativeindonesia.com/chinatown-bandung/,"Chinatown Bandung, Tempat Hunting Kuliner Dan Foto Yang Unik","Bandung adalah kota yang memang esoktis. Tidak salah bila warga Jakarta menjadikan kawasan ini sebagai tempat liburan paling favorit. Bahkan, hampir setiap week"
https://www.nativeindonesia.com/grafika-cikole/,"Grafika Cikole, Wisata Karakter Building Di Hutan Pinus Bandung","Pada masa awal pendirian fasilitas wisata ini, Grafika Cikole didirikan hanya untuk penginapan dan restoran. Namun dalam perkembangan selanjutnya pengelola meli"
https://www.nativeindonesia.com/rabbit-town/,"Wisata Rabbit Town, Surganya Selfie Di Bandung","Bandung adalah kawasan yang memang aduhai. Dimana, sobat native bisa menemukan segala keindahan alam dari sudut hingga ke sudut lagi. sepertinya, Tuhan memang b"
https://www.nativeindonesia.com/paket-wisata-bandung/,"Paket Wisata Bandung (Tour And Travel)","Info Paket Wisata Bandung beserta itinerary untuk 1 hari, 2 hari 1 malam, dan 3 hari 2 malam lengkap. Simak selengkapnya disini."
https://www.nativeindonesia.com/taman-nasional-bunaken/,"Taman Nasional Bunaken, Pesona Bawah Laut Yang Keren Abis","Memang, Ibu Pertiwi ini kaya akan potensi laut yang luar biasa. Bahkan, di Papua terdapat beberapa spesies yang hanya ada di lautan papua saja. di seluruh lauta"
https://www.nativeindonesia.com/tag/air-terjun/,"Artikel Seputar Wisata Alam Air Terjun Di Indonesia","Kumpulan artikel wisata air terjun di Indonesia yang kami siapkan disini bisa dijadikan referensi liburan alam untuk anda. Silahkan klik disini!"
https://www.nativeindonesia.com/curug-di-bandung/,"8 Tempat Wisata Curug Di Bandung Yang Di Rekomendasikan","Info tempat wisata curug di Bandung lengkap. Disini kami ulas seputar air terjun di Bandung yang direkomendasikan buat dikunjungi oleh anda.."
https://www.nativeindonesia.com/tag/bogor/,"Artikel Tempat Wisata Di Bogor - Nativeindonesia.com","info seputar tempat wisata di Bogor. Bogor yang terletak dengan ibukota jakarta menjadi salah satu tujuan favorit dari penguni ibu kota untuk melepas lelah. Terletak di dataran tinggi , udaranya sejuk dan juga mempunyai berbagai tempat wisata yang menarik untuk dikunjungi. Silahkan simak kumpulan artikel tempat wisata di Bogor disini."
https://www.nativeindonesia.com/author/fibriyanto/,"Info Tempat Wisata Di Indonesia Terlengkap - NativeIndonesia.com","Rekomendasi Tempat Wisata di Indonesia, tempat rekreasi dan tempat liburan, serta review hotel murah di Indonesia."
https://www.nativeindonesia.com/wisata-di-kutai-kartanegara/,"11 Tempat Wisata Di Kutai Kartanegara, Lokasi Ibu Kota Baru Indonesia","Tempat wisata di kutai kartanegara terdiri dari beragam pilihan. Lokasi Calon Ibu Kota ini memiliki wisata pegunungan, hutan, goa, air terjun, hingga sungai."
https://www.nativeindonesia.com/kebun-raya-bogor/,"Kebun Raya Bogor, Wisata Edukasi, Selfi, Hingga Misteri Ada Di Sini","Siapa yang tidak tahu Kebun Raya Bogor, keindahan kawasan yang berpadu dengan sejarah ini memang memiliki pesona magis tersendiri."
https://www.nativeindonesia.com/taman-safari-bogor/,"Taman Safari Bogor, Tempat Wisata Edukasi Terbaik Untuk Keluarga","Seperti diketahui bersama bahwa panda adalah hewan yang sangat lucu yang menjadi ikon negeri china. Pasti sudah penasaran dimana ada hewan panda di Indonesia. B"
https://www.nativeindonesia.com/the-jungle-bogor/,"The Jungle Bogor, Wahana Wisata Air Untuk Keluarga","Review the Jungle Bogor, harga tiket masuk, alamat, wahana permainan yang tersedia di The Jungle Waterpark Bogor, hotel dekat lokasi. SELENGKAPNYA DISINI....."
https://www.nativeindonesia.com/wisata-di-penajam-paser-utara/,"11 Tempat Wisata Di Penajam Paser Utara Yang Indah","Lokasi wisata di Penajam Paser Utara jumlahnya cukup banyak dan beragam tipe. Kesemuanya menarik untuk dikunjungi demi mengendorkan syaraf yang tegang oleh kesi"
https://www.nativeindonesia.com/taman-buah-mekarsari/,"Taman Buah Mekarsari, Menikmati Keberagaman Flora Indonesia","Rekomendasi yang bisa diberikan untuk sobat native adalah Taman Buah Mekarsari yang berada di Bogor. Wilayah yang tepat bagi wisatawan untuk belajar sekaligus r"
https://www.nativeindonesia.com/taman-wisata-matahari/,"Taman Wisata Matahari, Pilihan Wisata Keluarga Di Bogor","Taman Wisata Matahari Bogor merupakan jawaban dari kebutuhan akan sarana rekreasi yang bisa dilakukan bersama-sama oleh seluruh anggota keluarga. Dewasa ini, ke"
https://www.nativeindonesia.com/gunung-pancar/,"Gunung Pancar, Wisata Alam Di Bogor Dengan Berbagai Cerita","Gunung Pancar, salah satu pesona di Bogor yang memiliki semua suasana dan nuansa yang diinginkan bagi sobat native yang membutuhkan liburan. Kawasan ini memang"
https://www.nativeindonesia.com/wisata-gunung-munara-bogor/,"Wisata Gunung Munara Bogor","Gunung Munara Bogor merupakan salah satu tujuan wisata alternatif yang mulai banyak dikenal pengunjung, khususnya pengunjung dari daerah Bogor, Jakarta, dan sek"
https://www.nativeindonesia.com/devoyage-bogor/,"Review Devoyage Bogor, Kampung Eropa Yang Lagi Hits!","Mau ke Devoyage Bogor? simak informasi alamat, harga tiket, rute serta lokasi, dan jam buka dari Kampung Eropa di Bogor ini. Lihat juga hal menarik di lokasi!"
https://www.nativeindonesia.com/curug-ciherang/,"Curug Ciherang Dan Rumah Pohon, Pesona Lain Kota Hujan","Bisa dibilang curug ini terdiri dari dua curug, oleh karena itu bisa dibilang sebagai curug kembar. Bahkan, mitos yang terjadi di kedua curug ini pun hampir sam"
https://www.nativeindonesia.com/kawah-ratu-gunung-salak/,"Kawah Ratu, Keindahan Gunung Salak Di Balik Cerita Mistisnya","Seperti halnya, di Malang dengan Gunung Semeru yang mempunyai Danau Ranu Kumbolo, atau Gunung Rinjani yang berada di kawasan Lombok dengan pesona Danau Segara A"
https://www.nativeindonesia.com/taman-bunga-nusantara/,"Taman Bunga Nusantara, Harga Tiket Masuk Dan Review Lengkap","Harga tiket masuk Taman Bunga Nusantara, review lengkap, point of interest, hotel disekitar, prewedding, dan lainnya silahkan BACA DISINI"
https://www.nativeindonesia.com/curug-nangka/,"Curug Nangka, Air Terjun Di Bogor Yang Indah","Curug Nangka adalah salah satu solusinya. Air terjun ini memang mempunyai keindahan yang luar biasa. Tambah menarik lagi dengan tantangan yang harus dilewati mu"
https://www.nativeindonesia.com/museum-zoologi/,"Museum Zoologi, Mengenalkan Berbagai Hewan Dari Zaman Prasejarah","Di Bogor, ada sebuah kawasan yang patut dikunjungi oleh sobat native. Dimana tempat ini menghadirkan kawasan museum tentang hewan-hewan. Belajar mengenai berbag"
https://www.nativeindonesia.com/curug-cilember/,"Curug Cilember, Air Terjun Di Bogor Yang Menawan","Apakah benar kata pengunjung lainnya tentang kawasan ini, bila Curug cilember mempunyai keindahan yang menawan? Tidak usah berlama-lama, mari langsung saja sima"
https://www.nativeindonesia.com/curug-luhur-bogor/,"Keindahan Curug Luhur Bogor Yang Memikat Hati","Liburan ke Bogor? Kunjungi juga Curug Luhur di Bogor ya. Air terjun yang indah ini memiliki fasilitas yang lengkap dan mudah dijangkau. Simak infonya disini..."
https://www.nativeindonesia.com/curug-cigamea/,"Curug Cigamea, Menengok Kecantikannya Yang Memukau","Namun sebenarnya masih banyak potensi wisata menarik lainnya. Anda bisa mendatangi Curug Cigamea yang merupakan bagian dari Taman Nasional Gunung Halimun Salak"
https://www.nativeindonesia.com/curug-cipamingkis/,"Wisata Curug Cipamingkis, Tempat Indah Dengan Fasilitas Lengkap","Review wisata Curug Cipamingkis di Bogor, cocok sekali untuk wisata keluarga di Alam. Simak info selengkapnya di artikel ini...."
https://www.nativeindonesia.com/de-ranch-bogor/,"De Ranch Bogor, Tempat Wisata Keluarga Di Bogor Yang Hits","Namanya adalah De Ranch Bogor. Bagi warga jawa barat dan juga Bogor mungkin, wahana satu ini sudah tidak asing lagi. Penasaran dengan kawasan wisata ini. ada ap"
https://www.nativeindonesia.com/taman-budaya-sentul/,"Review Taman Budaya Sentul; Fasilitas, Lokasi, Harga Tiket Masuk","Kawasan Bogor selama ini memang dikenal sebagai salah satu lokasi favorit wisata, khususnya bagi penduduk jawa barat dan Jakarta. Ada banyak tempat wisata di Bo"
https://www.nativeindonesia.com/curug-putri-kencana/,"Curug Putri Kencana, Wisata Alam Indah Di Dekat Kota","Di Curug Putri Kencana, pengunjung akan disuguhkan pemandangan air terjun yang memukau. Di bawahnya terdapat leuwi berwarna hijau tosca berhias bebatuan besar."
https://www.nativeindonesia.com/wisata-pabangbon/,"Wisata Pabangbon, Mencetak Kenangan Merajut Impian","Wisata Pabangbon Bogor berlokasi di kawasan hutan pinus dan hutan penelitian meranti. Berada di hutan dengan ketinggian 720 mdpl memebuat lingkungan jadi sejuk."
https://www.nativeindonesia.com/curug-leuwi-hejo/,"Curug Leuwi Hejo, Air Terjun Alami Dengan Kolam Biru Sebening Kristal","Curug Leuwi Hejo terkenal sebagai objek Wisata Alam dengan pemandangan yang indah dan air yang jernih. Curug ini juga disebut sebagai Curug Bengkok, dan merupak"
https://www.nativeindonesia.com/tag/bali/,"Bali - NativeIndonesia.com","Mendengar kata Bali langsung terbayang keindahan alam, budaya, dan kultur yang beragam. Bali tidak hanya sekedar pulau. Bagi sebagian orang, Bali menjadi kenangan indah, memberikan aspirasi, surga kesenangan, dan ketenangan yang alami. Tidak heran jika banyak orang yang pernah datang ke pulau ini akan terus datang kembali. Mau berlibur ke Bali? Silahkan simak berbagai info tempat wisata dan liburan di Bali, hotel di Bali, dan berbagai info lainnya seputar pulau dewata disini. Pulau ini menyimpan banyak destinasi wisata yang indah. Pantai, gunung, danau, air terjun, ataupun kehidupan malam, semuanya menawarkan pengalaman yang unik dan berkesan. Anda bisa mengunjungi berbagai pantai yang indah, dan menikmati Sunset ataupun Sunrise yang takan terlupakan. Sawah terasering yang khas, juga landscape yang indah bisa anda temui di berbagai tempat. Apapun tujuan liburan anda, semuanya ada disini. Anda bisa berbelanja di Seminyak, liburan yang mewah di Kerobokan, menikmati hingar bingar suasana malam di Kuta dan Legian, atau menyelami suasana damai di Ubud."
https://www.nativeindonesia.com/bukit-campuhan-ubud-bali/,"Keindahan Bukit Campuhan Ubud Bali Ini Wajib Anda Kunjungi","Bukit Campuhan di Ubud Bali, terkenal dengan campuhan ridge walk yang indah. Simak info lokasi, tiket masuk, cara menuju lokasi, dan tips lainnya disini..."
https://www.nativeindonesia.com/pantai-pandawa/,"Pantai Pandawa, Pantai Rahasia Di Bali Yang Penuh Pesona","Info dan review PANTAI PANDAWA Bali. Temukan hal menarik disini, harga tiket masuk, lokasi, peta, dan galeri foto Pengen tahu lebih jauh? lihat aja DISINI..."
https://www.nativeindonesia.com/waterbom-bali/,"Waterbom Bali, Tempat Wisata Air Yang WAJIB Kamu Kunjungi","Review WATERBOM BALI, harga tiket masuk dan juga jenis permainan yang ada bisa anda lihat lengkap DISINI. Tempat wisata yg satu ini wajib kamu kunjungi!"
https://www.nativeindonesia.com/garuda-wisnu-kencana/,"Megahnya Garuda Wisnu Kencana Cultural Park Wajib Anda Kunjungi!","Review Garuda Wisnu Kencana Cultural Park beserta harga tiekt masuk, lokasi, dan juga fasilitas bisa anda baca disini. GWK adalah salah satu ICON bali yg unik!"
https://www.nativeindonesia.com/pantai-kuta/,"Pantai Kuta, Pantai Indah Di Bali Nan Eksotis","Berlibur ke PANTAI KUTA Bali? meski mainstream bgt, tapi pantai ini tetap banyak dikunjungi karena indahnya. Lihat info lokasi, rute, tiket masuk, dll DISINI.."
https://www.nativeindonesia.com/pura-besakih-bali/,"Pura Besakih Bali; Nikmati Pesona Magis Yang Indah Disini","PURA BESAKIH memiliki pesona magis yang kendal, dengan arsitektur dan suasana yang indah. Ga heran jika banyak yang mengunjungi. Simak info lengkapnya disini.."
https://www.nativeindonesia.com/wisata-bali-bird-park/,"Wisata Bali Bird Park, Konservasi Burung Terbesar Di Bali","Berlibur ke BALI BIRD PARK, anda bisa berwisata sekaligus mengenal kehidupan burung secara langsung. Simak review Konservasi burung di Bali di artikel ini...."
https://www.nativeindonesia.com/bali-safari-and-marine-park/,"Bali Safari And Marine Park, Mengenal Satwa Liar Sambil Wisata","Bali Safari &amp; Marine Park menawarkan wisata sambil mengenal berbagai satwa liar yang eksotis. Simak info lokasi, harga tiket masuk dan paket, juga tips lengkap"
https://www.nativeindonesia.com/pantai-sanur-bali/,"Keindahan Pantai Sanur Bali Yang Memukau Mata","Pantai SANUR Bali ga kalah indah dengan pantai lainnya di Bali. Mau berkunjung kesini? simak info lokasi, rute, harga tiket, dan hal yg bisa dilakukan disini.."
https://www.nativeindonesia.com/desa-penglipuran/,"Yuk! Kunjungi Desa Penglipuran Di Bali Yang Penuh Pesona","Kebanyakan objek wisata, terutama yang berlokasi di Bali merupakan sebuah Pura, Pantai atau Taman Bermain. Namun, ternyata selain itu juga terdapat desa yang da"
https://www.nativeindonesia.com/danau-batur/,"Yuk! Habiskan Liburanmu Bermain Di Danau Batur","Selain Pantai dan Pura, ternyata Bali juga memiliki danau yang tidak kalah indahnya, loh. Namanya adalah Danau Batur, danau eksotis yang menjadi objek wisata fa"
https://www.nativeindonesia.com/pantai-lovina-bali/,"Pantai Lovina, Pesona Sunset Dan Lumba-Lumba Di Bali","Pantai Lovina dikenal sebagai salah satu pantai yang sering dikunjungi lumba-lumba di Indonesia. keberadaan lumba-lumba inilah yang jadi salah satu daya tarik u"
https://www.nativeindonesia.com/pantai-melasti/,"Pesona Pantai Melasti Yang Tak Boleh Kamu Lewatkan","Nah, kali ini kita akan membahas Pantai Melasti. Pantai melasti ini tidak kalah indahnya dengan sejumlah pantai di Bali. Salah satu objek wisata ini wajib kamu"
https://www.nativeindonesia.com/taman-nasional-bali-barat/,"Pesona Taman Nasional Bali Barat Yang Memukau","Tak habis-habisnya Bali, memiliki begitu banyak objek wisata yang memanjakan mata. Mulai dari pantai, hutan, pura, hingga kebun binatang. Salah Satunya Taman Na"
https://www.nativeindonesia.com/danau-beratan/,"Eksotisme Danau Beratan, Karena Bali Ga Cuma Pantai","Apakah kamu pernah mendengar tentang Danau Beratan? Ataukah kamu memiliki keinginan untuk mengunjungi Danau Beratan di Bali? Tentu Saja Kamu dapat berkunjung ke"
https://www.nativeindonesia.com/danau-tamblingan/,"Danau Tamblingan, Keindahan Alam Dan Spiritual Yang Harmonis","Danau Tamblingan merupakan danau dengan keindahan yang memikat. Danau Tamblingan ini hampir sama dengan Danau Beratan, namun Danau Tamblingan dikelilingi oleh h"
https://www.nativeindonesia.com/pantai-tegal-wangi/,"Pantai Tegal Wangi Yang Mempesona Di Bali","Dan yang paling menarik adalah kamu tidak perlu membayar tiket masuk atau gratis. Jadi yang perlu kamu siapkan hanyalah biaya parkir sebesar Rp. 5.000 untuk mot"
https://www.nativeindonesia.com/pantai-seminyak/,"Pesona Pantai Seminyak Ga Bakal Terlupakan","Pantai Seminyak merupakan satu dari sejumlah pantai dengan pemandangan yang indah di Bali. Pernahkah kamu melihat rupa Pantai Seminyak ini? Jika belum, maka saa"
https://www.nativeindonesia.com/pantai-amed/,"Pantai Amed, Mengenal Surga Bawah Laut Di Bali Yang Eksotis","Nama objek wisata tersebut adalah Pantai Amed. Banyak yang bilang kawasan ini adalah surga tersembunyi yang jarang sekali di ekspos. Tetapi, tidak bagi wisatawa"
https://www.nativeindonesia.com/museum-blanco/,"Museum Blanco, Menikmati Maha Karya Pelukis Internasional","Museum Blanco Renaissance adalah kawasan yang menarik untuk dikunjungi. Banyak sekali spot menarik yang bisa dijadikan sebagai spot foto. Suasana dan nuansanya"
https://www.nativeindonesia.com/kebun-raya-bedugul/,"Kebun Raya Bedugul, Tempat Belajar Dan Berselfie Bersama Flora","Saat ini kita tidak akan menjelajah kebun raya ini. melainkan, Kebun Raya Bali. Atau yang dikenal dengan Kebun Raya Bedugul. Kawasan ini hampir mirip dengan keb"
https://www.nativeindonesia.com/nusa-penida/,"Nusa Penida, Patahan Surga Yang Menawan Hati","Siapa yang tidak mengenal Nusa Penida. Kawasan esoktis di dekat pulau Bali ini selalu diburu oleh wisatawan baik nusantara maupun mancanegara. Kawasan ini menja"
https://www.nativeindonesia.com/pantai-gunung-payung/,"Pantai Gunung Payung, Wisata Pantai Di Bali Yang Masih Sepi","Cari referensi wisata Pantai di Bali? Kunjungi Pantai Gunung Payung yang penuh pesona."
https://www.nativeindonesia.com/nusa-lembongan-bali/,"Nusa Lembongan Bali, Alternatif Destinasi Indah Di Pulau Dewata","Review lengkap Nusa Lembongan Bali, cara ke nusa lembongan, tarif menyeberang, info hotel -penginapan, dan sebagainya BACA DISINI."
https://www.nativeindonesia.com/tirta-empul/,"Tirta Empul, Pura Kuno Di Bali Untuk Penyucian Diri","Pura Tirta Empul di Bali memiliki keindahan suasana, budaya, dan sejarah. Simak review lengkapnya di artikel ini...."
https://www.nativeindonesia.com/pura-lempuyang/,"Pura Lempuyang, Gerbang Surga Di Pulau Dewata","Pura Lempuyang Luhur salah satu obyek wisata di Bali, dan juga merupakan tempat suci bagi umat Hindu, pura berlokasi wilayah bagian Timur pulau dewata tepatnya"
https://www.nativeindonesia.com/air-terjun-blangsinga/,"Air Terjun Blangsinga, Wisata Air Terjun Baru Di Bali","Lokasi pedesaan ini saat ini memang  sedang dikembangkan menjadi salah satu desa wisata di Pulau Bali. Desa Blangsinga dengan air terjun Blangsinga -nya, setiap"
https://www.nativeindonesia.com/pantai-balangan/,"Pantai Balangan, Pantai Sunyi Yang Tak Lagi Tersembunyi","Pantai Balangan yang kerap disebut-sebut sebagai pantai tersembunyi di selatan Bali, nama Pantai Balangan memang sesuai namanya. Untuk menuju pantai ini memang"
https://www.nativeindonesia.com/goa-gajah/,"Goa Gajah, Situs Kuno Bersejarah Di Bali Yang Masih Hidup","Goa gajah masuk dalam kategori ini.  Sebuah situs candi kuno yang didirikan lebih dari 1000 tahun lalu dan berfungsi sebagai tempat suci umat Hindu dan Budha. S"
https://www.nativeindonesia.com/balihotel,"Agoda | Hotel di Bali | Jaminan Harga Terbaik!","Cari penawaran terbaik dan bandingkan tarif hotel, vila, resor dan penginapan lainnya di Bali, Indonesia. Booking sekarang dan hemat hingga 75%!"
https://www.nativeindonesia.com/category/wisata/pulau-bali/,"Bali - Pulau Dewata - NativeIndonesia.com","Bali merupakan salah satu provinsi dengan beragam tempat wisata di Indonesia. Wisata Bali sudah terkenal ke mancanegara dan banyak menjadi tujuan berlibur para wisatawan dari berbagai negara di dunia. Wisata bali meliputi berbagai objek wisata pantai di Bali yang eksotis, wisata pegunungan yang indah, wisata budaya dan seni, serta berbagai tempat hiburan yang unik dan menarik"
https://www.nativeindonesia.com/wisata-kintamani/,"Wisata Kintamani, Bukti Bahwa Keindahan Bali Bukan Hanya Pantai","Wisata Kintamani ada di dataran tinggi, menawarkan keindahan alam dengan nuansa cuaca sejuk. Seakan memberikan sudut pendang berbeda tentang bali, selain pantai"
https://www.nativeindonesia.com/wisata-eka-tirta/,"Wisata Eka Tirta, Pemandian Air Panas Baru Di Tabanan Bali","Pemandian air panas Wisata eka Tirta Bali tampil unik dengan desain kebun yang tertata rapi dengan tanaman pohon kelapa, pohon pakis dan tatanan rumpu hijau."
https://www.nativeindonesia.com/tempat-wisata-ubud/,"11 Tempat Wisata Ubud, Keindahan Di Jantung Seni-Budaya Bali","Tempat wisata ubud yang menjadi lokasi syuting film Eat, Pray, Love, menyajikan suasana alami pedesaan indah yang menjadi daya tarik tersendiri bagi wisatawan."
https://www.nativeindonesia.com/taman-ujung-sukasada/,"Taman Ujung Sukasada, Taman Air Terindah Di Pulau Terindah","Taman Ujung sukasada populer sebagai lokasi foto pre wedding. Reputasi itu diperoleh dari keindahan arsitektur bangunan dan keindahan tata letak taman dan kolam"
https://www.nativeindonesia.com/pantai-suluban/,"Pantai Suluban, Pantai Karang Favoritnya Peselancar","Liburan ke tempat wisata di Bali memang harus berkunjung ke pantai-pantai cantik. Salah satu pantai yang harus kamu kunjungi adalah Pantai Suluban."
https://www.nativeindonesia.com/pantai-di-bali/,"8 Pantai Di Bali Untuk Wisata Bersama Keluarga","Pantai di Bali sudah terkenal keseluruh dunia. Berikut ini adalah 7 pantai indah di bali yang bisa menjadi tujuan wisata recommended bagi anda dan keluarga"
https://www.nativeindonesia.com/wisata-malam-malang/,"9 Wisata Malam Malang, Yang Menunjukkan Puncak Keromantisan Kota Wisata","Destinasi wisata malam Malang badalah cara untuk melihat sisi lebih menarik dari kota Malang. Banyak tempat wisata yang memiliki keindahan lebih di malam hari."
https://www.nativeindonesia.com/pasir-putih-situbondo/,"Pasir Putih Situbondo, Rasa Pantai Bali Di Pesisir Selatan Jawa Tmur","Pantai Pasir Putih Situbondo memiliki pasir putih, air jernih dan ombak yang tidak terlalu besar. Membuat pantai ini menjadi sangat menyenangkan saat dikunjungi"
https://www.nativeindonesia.com/pantai-karang-bolong-kebumen/,"Pantai Karang Bolong Kebumen, Pantai Ikonic Jawa Tengah","Pantai Karang Bolong Kebumen memiliki pasir hitam campuran, ada yang halus dan kasar. Pantai menjadi khas dengan keberadaan karang berlobang di sudut pantainya."
https://www.nativeindonesia.com/tag/yogyakarta/,"Tujuan Liburan Di Yogyakarta","info seputar tujuan liburan di Yogyakarta. Silahkan simak info tempat wisata menarik di kota Yogya yang bisa anda kunjungi dalam artikel yang kami siapkan."
https://www.nativeindonesia.com/candi-borobudur/,"Candi Borobudur, Sejarah Dan Daya Tarik Wisata Yang Eksotis","Sejarah candi Borobudur, daya tarik wisata, harga tiket masuk, dan aktifitas yang bisa dilakukan di Borobudur. Baca DISINI selengkapnya..."
https://www.nativeindonesia.com/candi-prambanan/,"Candi Prambanan, Kisah Mahar Yang Tidak Terselesaikan","Candi Prambanan adalah salah satu kompleks candi yang terkenal di Indonesia dan ditetapkan UNESCO sebagai situs warisan dunia pada tahun 1991 selain Candi Borob"
https://www.nativeindonesia.com/pantai-indrayanti/,"Wisata Pantai Indrayanti Jogja, Tiket Masuk, Lokasi Dan Info Lengkap","Info Pantai Indrayanti atau Pantai Sawal lengkap. Harga tiket masuk, sarana yang tersedia, peta, petunjuk jalan, dan penginapan BACA DISINI"
https://www.nativeindonesia.com/pantai-nglambor/,"Pantai Nglambor, Spot Snorkeling Yang Indah Di Yogyakarta","Info pantai Nglambor lengkap, rute ke pantai dari Yogya, harga tiket masuk,harga penyewaan snorkeling, dsb. BACA DISINI..."
https://www.nativeindonesia.com/pantai-pok-tunggal-gunung-kidul/,"Pantai Pok Tunggal, Pemandangan Indah Dan Mistis Di Gunung Kidul","Pantai Pok Tunggal Yogyakarta tepatnya di daerah gunung kidul, merupakan pantai dengan pemandangan indah dan masih alami. Letaknya berada di jajaran pantai gunu"
https://www.nativeindonesia.com/jalan-malioboro/,"Nostalgia Itu Bernama ""Malioboro"", Jalan Kenangan Di Jogja","Berlibur ke Jogja tak lengkap rasanya jika ngga menyusuri jalan Malioboro yang iconic. Tempat ini seolah jadi area wajib buat pengunjung. Simak ulasannya disini"
https://www.nativeindonesia.com/museum-benteng-vredeburg/,"Ngopi Sambil Belajar Sejarah Di Museum Benteng Vredeburg","Image by: @museum.benteng.vredeburg"
https://www.nativeindonesia.com/museum-ullen-sentalu/,"Museum Ullen Sentalu, Mesin Waktu Peradaban Jawa","Melalui Yayasan Ulat Blencong beliau memprakarsai sebuah museum partikelir yang didedikasikan untuk kebudayaan Jawa, khususnya keraton Yogyakarta dan Keraton So"
https://www.nativeindonesia.com/taman-sari-jogja/,"Taman Sari Jogja, Menyelami Sejarah Mereguk Keindahan","Lokasi yang memiliki banyak peninggalan sejarah masa lampau kerap kali dimanfaatkan sebagai tempat wisata edukasi. Taman Sari Jogja salah satunya..."
https://www.nativeindonesia.com/pantai-parangtritis/,"Pesona Pantai Parangtritis Jogja Yang Abadi","Mau berlibur ke Pantai Parangtritis? simak info seputar hal menarik, rute ke pantai, harga tiket masuk, cuplikan video, dan hal lainnya di Parangtritis."
https://www.nativeindonesia.com/goa-pindul/,"Goa Pindul, Petualangan Cave Tubing Yang Asyik Banget","Goa Pindul adalah wisata kekinian yang sudah banyak diketahui oleh banyak orang. Bahkan, pesonanya sudah terdengar di berbagai penjuru Nusantara, sampai ke manc"
https://www.nativeindonesia.com/candi-ratu-boko/,"Pesona Candi Ratu Boko: Sejarah, Lokasi, Dan Harga Tiket Masuk","Candi Ratu Boko atau juga disebut Situs Ratu Buko ini adalah bukti dari peninggalan sejarah negeri ini. Mengapa bisa disebuit juga dengan Situs? Karena, Ratu Bo"
https://www.nativeindonesia.com/kebun-buah-mangunan/,"Kebun Buah Mangunan Jogja, Pesona Indah Di Atas Awan","jangan lewatkan Spot fotogenic dan indah di Jogja ini! Lihat review kebun buah Mangunan, harga tiket, fasilitas, dan juga cara menuju lokasi lengkap di sini."
https://www.nativeindonesia.com/pantai-depok/,"Jogja Escape; Pantai Depok Yang Menawan Dan Eksotis","Ya, Pantai Depok Yogyakarta, menyajikan sebuah pesona yang baru. Dimana, pagi hari saat matahari masih terkesan malu-malu untuk menampakkan sinarnya. Tetapi, Pa"
https://www.nativeindonesia.com/pantai-sundak/,"Pantai Sundak, Konon Berasal Dari Pertarungan Asu Dan Landak","Siapa yang tidak mengenal Gunungkidul. Sebuah daerah di kawasan Yogyakarta yang saat ini menjadi primadona di kalangan Sobat Native. Jajaran pantai dari ujung s"
https://www.nativeindonesia.com/hutan-mangrove-kulon-progo/,"Hutan Mangrove Kulon Progo, Wisata Baru Yang Lagi Hits","Hutan Mangrove Kulon Progo adalah kawasan alternatif yang bisa digunakan apabila, wisatawan bingung dengan objek yang hanya itu-itu saja."
https://www.nativeindonesia.com/jogja-bay/,"Jogja Bay, Tujuan Wisata Keluarga Dengan Beragam Wahana","Diantara semua tempat tersebut, ada satu tempat yang membuat semua mata akan tertuju ke tempat ini. Jogja Bay Pirates Adventure Waterpark adalah tempatnya berma"
https://www.nativeindonesia.com/air-terjun-kedung-pedut/,"Air Terjun Kedung Pedut, Pesona Baru Jogja Di Wilayah Kulon Progo","Nama Air terjun Kedung Pedut mungkin masih terdengar asing, atau mungkin juga tidak. Bila tak salah ingat, kawasan ini pernah menjadi lokasi sebuah acara televi"
https://www.nativeindonesia.com/tebing-breksi/,"Tebing Breksi Jogja, Bekas Tambang Yang Fotogenic","Mulai dari pantai, gunung, budaya, dan masih banyak lagi. Salah satu keindahan Yogyakarta hadir di Tebing Breksi. Tebing yang mengesankan dan menghadirkan decak"
https://www.nativeindonesia.com/kalibiru-jogja/,"Wisata Kalibiru, Ikon Wisata Selfie Di Jogjakarta","Nah, suasana romantis berikutnya adalah Kalibiru. Sebuah perbukitan yang menjadi ikon wisata Kulon Progo. Karena setelah Kalibiru menjadi hits, beberapa kawasan"
https://www.nativeindonesia.com/pantai-sepanjang/,"Kecantikan Pantai Sepanjang, Julukan ‘Kuta Tempo Dulu’ Yang Masih Melekat","Jajaran pantai di Gunung Kidul selalu memiliki kisahnya masing-masing. Walaupun pemandangan serupa satu sama lain, tetapi tetap saja ada faktor x yang membedaka"
https://www.nativeindonesia.com/pantai-goa-cemara/,"Pantai Goa Cemara, Nikmati Teduhnya Pohon Cemara Disini","Bila Anda ingin berkunjung ke pantai dengan jarak yang relatif dekat dari Kota Yogyakarta, maka Bantul-lah jawabannya. Pantai seperti Parangtritis dan Samas yan"
https://www.nativeindonesia.com/pantai-glagah/,"Pantai Glagah, Pantai Pasir Besi Dan Gugusan Tetrapod Andalan Kulon Progo","Wilayah ini berbatasan langsung dengan Kabupaten Purworejo, Jawa Tengah. Kulon Progo memiliki obyek wisata pantai ikonik, bernama Pantai Glagah. Seiring dengan"
https://www.nativeindonesia.com/pantai-krakal/,"Pantai Krakal, Wajib Anda Kunjungi Jika Liburan Ke Gunung Kidul","Review wisata Pantai Krakal di Jogja. Anda bisa temukan info daya tarik lokasi, rute ke pantai, fasilitas, dan hal lainnya lengkap disini."
https://www.nativeindonesia.com/pantai-siung/,"Pesona Pantai Siung; Panorama, Camping, Sampai Panjat Tebing","Temukan review Pantai Siung, rute ke lokasi lengkap, info fasilitas, dan juga aktivitas menarik yang bisa anda lakukan disini"
https://www.nativeindonesia.com/puncak-becici/,"Puncak Becici, Tempat Romantis Favorit Obama Di Jogyakarta","Puncak Becici, sebuah tempat tujuan wisata baru yang mulai populer sejak kunjungan president Obama beberapa waktu lalu. Jogjakarta memang terkenal sebagai daera"
https://www.nativeindonesia.com/pantai-sadranan/,"Pantai Sadranan, Permata Indah Di Gunung Kidul Jogjakarta","Pantai Sadranan Jogja adalah butiran intan permata tersembunyi yang tiba-tiba memunculkan diri, dari dalam tumpukan harta karun deretan pantai pantai indah di J"
https://www.nativeindonesia.com/sindu-kusuma-edupark/,"Liburan Ke Sindu Kusuma Edupark, Harga Jogya Rasa Disneyland","Sindu Kusuma Edupark jogya, sebuah tempat bermain di daerah Jogyakarta. Tempat ideal untuk menikmati liburan bersama keluarga. Selama ini kita berpikir bahwa Ta"
https://www.nativeindonesia.com/bukit-bintang-jogja/,"Bukit Bintang Jogja, Titik Dinner Romantis Di Ketinggian Yogya","Bukit Bintang Jogja- Jogja memang tak ada habis-habisnya jika membicarakan objek wisata. Mulai dari deretan pantai-pantai yang luar biasa di area Gunungkidul, h"
https://www.nativeindonesia.com/hutan-pinus-pengger/,"Hutan Pinus Pengger, Ladang Perburuan Foto Instagramable","Tapi kejutan belum habis! Selain kedua hutan pinus yang sudah terkenal itu, Jogja masih menyimpan beberapa hutan pinus cantik. Salah satunya adalah Hutan Pinus"
https://www.nativeindonesia.com/bukit-panguk-kediwung/,"Bukit Panguk Kediwung, Tempat Berburu Sunrise Di Atas Awan","Ada banyak destinasi menarik di Kecamatan Dlingo, salah satu diantaranya Bukit Panguk Kediwung. Objek ini memang relatif baru, jadi munkgin masih rada asing di"
https://www.nativeindonesia.com/teras-kaca-pantai-nguluran/,"Teras Kaca Pantai Nguluran, Menguji Nyali Menggapai Keindahan","Info seputar Pantai Nguluran dengan teras kaca yang instagrammable banget! Lihat juga berbagai spot menarik lainnya di sekitar lokasi pantai."
https://www.nativeindonesia.com/pantai-samas/,"Pantai Samas, Laguna Indah Berjuta Rasa","Pantai Samas Jogja merupakan pantai yang cukup populer di kalangan anak muda. Pantai Samas  terkenal karena keindahan pantainya yang memiliki angin kencang dan"
https://www.nativeindonesia.com/pantai-drini/,"Pantai Drini, Spot Snorkeling Yang Indah Di Jogja","Salah satu dari objek wisata pantai tersebut adalah Pantai Drini. Banyak wisatawan domestik maupun asing yang mengenal pantai ini sebagai tempat yang pas untuk"
https://www.nativeindonesia.com/pantai-timang/,"Memacu Adrenalin Di Pantai Timang, Keren Banget!","Beda dengan tempat lain, anda bakal memacu adrenalin di Pantai Timang. Kenapa? simak infonya disini aja ya..."
https://www.nativeindonesia.com/pantai-kukup/,"Eksotisme Pantai Kukup, Obyek Wisata Andalan Gunung Kidul","Apa saja sih daya tarik Pantai Kukup? simak saja info lengkapnya disini ya..."
https://www.nativeindonesia.com/pantai-ngobaran/,"Wisata Alam Dan Budaya Di Pantai Ngobaran Gunung Kidul","Padahal jika Anda jeli, wilayah Gunung Kidul masih membentang ke arah barat Pantai Baron. Potensi wisata pantai di kawasan tersebut pun tak kalah menarik. Satu"
https://www.nativeindonesia.com/merapi-park/,"Merapi Park, Bisa Keliling Dunia Dalam 10 Langkah","Merapi Park merupakan taman yang sangat rapi dan indah untuk dikunjungi. Di taman ini terdapat berbagai macam spot latar foto yang menarik."
https://www.nativeindonesia.com/air-terjun-sri-gethuk/,"Wisata Air Terjun Sri Gethuk, Harga Tiket Dan Review","Air Terjun Sri Gethuk adalah salah satu keindahan yang tidak akan pernah terlupakan. Inilah dia patahan surga yang terbang ke Gunung Kidul dan singgah di kawasa"
https://www.nativeindonesia.com/pantai-wediombo/,"Pantai Wediombo, Pantai Di Perbatasan Jogja Yang Menawan","Review seputar Pantai Wediombo, harga tiket masuk, rute dan cara menuju lokasi. Simak selengkapnya di artikel ini...."
https://www.nativeindonesia.com/taman-pintar-yogyakarta/,"Taman Pintar Yogyakarta, Tempat Wisata Edukasi Di Jogja Yang Unik","Liburan bersama keluarga di Jogja? jangan lewatkan Taman Pintar Yogyakarta. Anda bisa wisata sekaligus menambah pengetahuan disini..."
https://www.nativeindonesia.com/pantai-jogan/,"Pantai Jogan, Keindahan Yang Istimewa Di Gunung Kidul","Pantai Jogan menempati posisi yang istimewa dari puluhan pantai yang tersebar di wilayah pesisir pantai Gunung Kidul. Pantai Jogan unik karena memiliki air terj"
https://www.nativeindonesia.com/pantai-ngrenehan/,"5 Aktivitas Pantai Ngrenehan, Teluk Indah Di Selatan Jogyakarta","Pantai Ngrenehan, sebuah pantai mungil di sleatan Jogya. Teluk kecil berombak ramah, yang ideal untuk aktifitas pantai untuk keluarga dan teman jalan.."
https://www.nativeindonesia.com/pantai-jungwok/,"Pantai Jungwok, Pantai Mistis Di Pesisir Selatan Jogya","Pantai Jungwok terletak di sisi timur Pantai Wediombo yang (katanya) juga angker. Pantai Jungwok indah dengan pasir putihnya dan air lautnya yang biru."
https://www.nativeindonesia.com/pantai-greweng/,"Pantai Greweng, Pantai Mistis Pertapaan President Soekarno","Pantai Greweng menyimpan keunikan, salah satunya karena posisinya yang tersembunyi. Kondisi pantai terasa nyaman dan tenang. Pasir putih mendominasi pantai."
https://www.nativeindonesia.com/pantai-wohkudu/,"Pantai Wohkudu, Keindahan Tersembunyi Diantara 2 Tebing","Pantai wohkudu terbilang kecil, dengan lebar hanya sekitar 20- 25 meter. Suasana yang sunyi dan tenang membuat nyaman orang yang ingin istirahat dari kesibukan."
https://www.nativeindonesia.com/pantai-watu-kodok/,"Pantai Watu Kodok, Lokasi Eksotis Di Pantai Selatan Jogya","Pantai Watu Kodok merupakan salah satu pilihan tepat untuk camping di pantai. Lokasi yang mudah dijangkau dengan fasilitas yang memadai adalah paket lengkapnya."
https://www.nativeindonesia.com/sunset-di-pantai-kesirat/,"Pantai Kesirat, Destinasi Ideal Menikmati Sunset Dan Camping","Saat berkunjung ke Pantai Kesirat Gunungkidul, tidak akan berjumpa dengan pasir atau bermain ombak Pengujung  akan menemukan keindahan lainyakni Panorama Senja."
https://www.nativeindonesia.com/pantai-ngandong/,"Pantai Ngandong, Pesona Perkampungan Nelayan Pesisir Selatan","Pantai Ngandong merupakan pantai yang bersebelahan dengan Pantai Sundak. Kedua pantai Pantai ini berada di area yang sama, dengan hanya dibatasi sebuah bukit."
https://www.nativeindonesia.com/taman-pelangi-jogja/,"Taman Pelangi Jogja, Wisata Malam Hari Untuk Seluruh Keluarga","Wisata Taman Pelangi Jogja cocok sekali sebagai wisata keluarga, maupun anak muda. Taman dihias ribuan lampion aneka bentuk dan lampu hias di berbagai objek."
https://www.nativeindonesia.com/the-lost-world-castle/,"The Lost World Castle, Reinkarnasi Spirit Dari Lahar Merapi","The Lost World Castle menawarkan keindahan merapi berpadu dengan bangunan mirip Benteng Takeshi. Seluruh area didesain cantik dan dapat menjadi spot foto cantik"
https://www.nativeindonesia.com/galaxy-waterpark/,"Galaxy Waterpark Jogja, Hadirkan Miracle Di Kota Gudeg","Berdiri di atas lahan seluas 2,5 hektar, Galaxy Waterpark Jogja banyak menghadirkan kolam dan wahana-air yang tentu sangat cocok untuk seluruh anggota keluarga."
https://www.nativeindonesia.com/desa-wisata-pulesari/,"Desa Wisata Pulesari, Waktunya Menikmati Keindahan Otentik Desa Jawa","Desa wisata Pulesari ada di Yogyakarta. Desa wisata Pulesari menyajikan nuansa wisata alam dan budaya. Susur sungai dan petik salak merupakan primadona di sini."
https://www.nativeindonesia.com/desa-wisata-tembi/,"Desa Wisata Tembi, Lebih Dari Sekedar Liburan","Desa Wisata Tembi didirikan pada tahun 1997. Desa wisata ini menawarkan keasrian desa. Kehidupan pedesaan dan aktivitas kerajinan menjadi daya tarik desa ini."
https://www.nativeindonesia.com/tempat-wisata-kaliurang/,"11 Tempat Wisata Kaliurang, Kebangkitan Sang Phonik Dari Abu Merapi","Bagai harta karun, berbagai tempat wisata Kaliurang yang instagramable mengundang untuk berkunjung. Mulai Museum, Taman Bunga, air terjun, hingga desa wisata."
https://www.nativeindonesia.com/heha-sky-view-jogja/,"Heha Sky View Jogja, Menikmati Diner Sembari Memandangi Jogja Dari Ketinggian","Heha Sky View jogja sebenarnya restoran tiga lantai yang mengusung konsep swafoto dengan landscape alam dataran tinggi dan taman. Sky Glass adalah spot favorit."
https://www.nativeindonesia.com/taman-sungai-mudal/,"Taman Sungai Mudal, Mata Air Irigasi Yang Menjelma Jadi Ekowisata Menawan","Ekowisata Taman Sungai Mudal, tempat sempurna bagi pencinta wisata air, petualangan, sekaligus pencinta alam. Terdapat jeram-jeram dan lubuk di air terjun-nya."
https://www.nativeindonesia.com/watu-payung-turunan/,"Watu Payung Turunan, Pesona Spot Selfie Di Ketinggian Gunung Kidul","Dari Watu Payung Turunan tampak pemandangan alam seperti sungai dan pepohonan. Terdapat gardu pandang yang digunakan menikmati pemandangan alam dari perbukitan."
https://www.nativeindonesia.com/pantai-sanglen/,"Pantai Sanglen, Pantai Berpasir Putih Dan Rindang","Pantai Sanglen adalah pilihan sempurna bagi pengunjung yang menginginkan pantai Sepi, asri dan alami. Pantai berpasir putih nan rindang ini tidak jauh dari kota"
https://www.nativeindonesia.com/pantai-congot/,"Pantai Congot, Pantai Indah Di Sisi Paling Barat Yogyakarta","Pantai congot menjadi muara sungai bogowonto, apalagi sebelah barat pantai congot, sekarang terdapat wisata yang baru ngehits yaitu hutan mangrove pasir mendit."
https://www.nativeindonesia.com/category/wisata/diy-yogyakarta/,"Tempat Wisata Di Yogya","Info Tempat wisata di provinsi Daerah Istimewa Yogya lengkap. DIY yogyakarta memiliki banyak tempat wisata yang unik dan populer. Tidak salah memang jika provinsi ini disebut sebagai slah satu provinsi wisata Indonesia. Silahkan simak info seputar tempat wisata di DIY yogya disini."
https://www.nativeindonesia.com/alun-alun-kidul/,"Alun-Alun Kidul, Objek Wajib Saat Mengunjungi Jogja","Alun-Alun Kidul salah satu icon wisatawan Budaya di Yogyakarta. Beringin kembar, Kreta Hias dan kuline rmalam, merupakan suguhan khas dari Lokasi wisata ini."
https://www.nativeindonesia.com/bukit-parang-endog/,"Bukit Parang Endog, Menikmati Keindahan Pantai Selatan Dari Ketinggian","Dari ketinggin Bukit Parang Endog pemandangan Pantai Parangendog dan Parangtritis terlihat lebih jelas. Disini tempat terbaik unutk melihat sunset di Yogyakarta"
https://www.nativeindonesia.com/air-terjun-sidoharjo/,"Air Terjun Sidoharjo, Air Terjun Tertinggi Di Seantero Bumi Jogja","Air terjun Sidoharjo, juga disebut Air Terjun Perawan Sidoharjo. Air terjun indah tertinggi di Jogja ini belum banyak dijamah pengunjung, lokal maupun asing."
https://www.nativeindonesia.com/museum-dirgantara-jogja/,"Museum Dirgantara Jogja, Jejak Prajurit Langit Dalam Sejarah Negeri","Museum Dirgantara Jogja memelihara ingatan atas pesawat udara yang berperan dalam revolusi kemerdekaan Indonesia. Dari pesawat tempur hingga pesawat angkut."
https://www.nativeindonesia.com/tag/candi/,"Candi - NativeIndonesia.com","Simak artikel tempat wisata candi di Indonesia yang kami tulis disini. Candi merupakan peninggalan leluhur yang banyak tersebar di Indonesia, terutama di Indonesia barat dan tengah. Banyak dari peninggalan candi yang dikelola dan sekarang menjadi tujuan wisata favorit bagi wisatawan baik lokal maupun luar. Indonesia memiliki berbagai peninggalan candi yang khas, dan terkenal sampai ke manca negara. Candi seperti Borobudur, Prambanan, dan lain sebagainya memiliki arsitektur yang khas dan indah. Tidak heran jika tempat wisata ini selalu menjadi tujuan liburan bagi wisatawan. Berikut ini adalah artikel seputar candi di Indonesia untuk referensi liburan anda. Selamat berlibur!"
https://www.nativeindonesia.com/candi-plaosan/,"Candi Plaosan: Review Sejarah, Lokasi Dan Tiket Masuk","Candi Plaosan adalah kawasan candi yang dibangun di wilayah Kalasan. Ada beberapa perbedaan yang mungkin, sangat mencolok antara 7 tahun yang lalu, saat pertama"
https://www.nativeindonesia.com/tag/pantai/,"Review Wisata Pantai Di Indonesia Lengkap","Pantai jadi salah satu tujuan wisata populer bagi banyak wisatawan. Kita beruntung sekali, dengan banyaknya pulau, wisatawan di Indonesia ga bakal kehabisan pilihan tempat wisata pantai yang indah. Tempat Wisata Pantai di Indonesia Banyak pesisir pantai Indonesia yang memiliki keindahan yang mengagumkan. Sebagian sudah dikelola dan ramai pengunjung, misalnya saja pantai di Bali yang sudah terkenal ke mancanegara. Tapi banyak juga pesisir yang masih sepi dan alami. Nah, bagi anda yang mencari pesisir indah di Indonesia untuk liburan nanti, atau mencari lokasi pantai terdekat dengan anda, silahkan simak berbagai artikel wisata pantai di Indonesia yang telah kami siapkan dibawah ini. Selamat berlibur!"
https://www.nativeindonesia.com/tempat-wisata-di-jepang/,"11 Tempat Wisata Di Jepang Yang Populer Untuk Berlibur","Jepang Selama ini dikenal sebagai pusat ekonomi dan teknologi. Namun selain itu, tempat wisata di Jepang juga tidak kalah terkenalnya ke seluruh penjuru Bumi."
https://www.nativeindonesia.com/tempat-wisata-di-kyoto/,"11 Tempat Wisata Di Kyoto Terpopuler Di Mata Wisatawan","Ada banyak tempat wisata di Kyoto. Sebagian besar merupakan peninggalan budaya, dan menjadi yang utama di Jepang. Kyoto indah tetap indah walau pada ke-4 musim."
https://www.nativeindonesia.com/tempat-wisata-di-osaka/,"11 Tempat Wisata Di Osaka Paling Populer Untuk Dikunjungi","Osaka adalah kota terbesar kawasan Keihanshin. Tempat wisata di Osaka terdiri dari Kastil, Kuil, Taman modern, Air tejun, Wisata belanja, dan Universal Studio."
https://www.nativeindonesia.com/tempat-wisata-di-tokyo/,"11 Tempat Wisata Di Tokyo Paling Menarik Untuk Dikunjungi","Tempat wisata di Tokyo dikunjungi wisatawan dari seluruh dunia. Di Tokyo pengunjung bisa menemukan Istana, kuil, gunung, pusat perbelanjaan, hingga Disney Land."
